
*** Running vivado
    with args -log design_1_axi_gpio_0_0.vds -m64 -product Vivado -mode batch -messageDb vivado.pb -notrace -source design_1_axi_gpio_0_0.tcl


****** Vivado v2023.2 (64-bit)
  **** SW Build 4029153 on Fri Oct 13 20:13:54 MDT 2023
  **** IP Build 4028589 on Sat Oct 14 00:45:43 MDT 2023
  **** SharedData Build 4025554 on Tue Oct 10 17:18:54 MDT 2023
    ** Copyright 1986-2022 Xilinx, Inc. All Rights Reserved.
    ** Copyright 2022-2023 Advanced Micro Devices, Inc. All Rights Reserved.

source design_1_axi_gpio_0_0.tcl -notrace
create_project: Time (s): cpu = 00:00:05 ; elapsed = 00:00:05 . Memory (MB): peak = 1341.289 ; gain = 0.023 ; free physical = 16294 ; free virtual = 29757
INFO: [IP_Flow 19-6924] IPCACHE: Running cache check for IP inst: design_1_axi_gpio_0_0
Command: synth_design -top design_1_axi_gpio_0_0 -part xck26-sfvc784-2LV-c -incremental_mode off -mode out_of_context
Starting synth_design
Attempting to get a license for feature 'Synthesis' and/or device 'xck26'
INFO: [Common 17-349] Got license for feature 'Synthesis' and/or device 'xck26'
INFO: [Device 21-403] Loading part xck26-sfvc784-2LV-c
INFO: [Synth 8-7079] Multithreading enabled for synth_design using a maximum of 4 processes.
INFO: [Synth 8-7078] Launching helper process for spawning children vivado processes
INFO: [Synth 8-7075] Helper process launched with PID 3424487
---------------------------------------------------------------------------------
Starting RTL Elaboration : Time (s): cpu = 00:00:03 ; elapsed = 00:00:03 . Memory (MB): peak = 2598.004 ; gain = 286.777 ; free physical = 14791 ; free virtual = 28254
---------------------------------------------------------------------------------
INFO: [Synth 8-638] synthesizing module 'design_1_axi_gpio_0_0' [/home/jgaitan/Documents/proyecto_1_borrador/project_1/project_1.gen/sources_1/bd/design_1/ip/design_1_axi_gpio_0_0/synth/design_1_axi_gpio_0_0.vhd:89]
	Parameter C_FAMILY bound to: zynquplus - type: string 
	Parameter C_S_AXI_ADDR_WIDTH bound to: 9 - type: integer 
	Parameter C_S_AXI_DATA_WIDTH bound to: 32 - type: integer 
	Parameter C_GPIO_WIDTH bound to: 32 - type: integer 
	Parameter C_GPIO2_WIDTH bound to: 32 - type: integer 
	Parameter C_ALL_INPUTS bound to: 0 - type: integer 
	Parameter C_ALL_INPUTS_2 bound to: 0 - type: integer 
	Parameter C_ALL_OUTPUTS bound to: 0 - type: integer 
	Parameter C_ALL_OUTPUTS_2 bound to: 0 - type: integer 
	Parameter C_INTERRUPT_PRESENT bound to: 0 - type: integer 
	Parameter C_DOUT_DEFAULT bound to: 32'b00000000000000000000000000000000 
	Parameter C_TRI_DEFAULT bound to: 32'b11111111111111111111111111111111 
	Parameter C_IS_DUAL bound to: 1 - type: integer 
	Parameter C_DOUT_DEFAULT_2 bound to: 32'b00000000000000000000000000000000 
	Parameter C_TRI_DEFAULT_2 bound to: 32'b11111111111111111111111111111111 
INFO: [Synth 8-3491] module 'axi_gpio' declared at '/home/jgaitan/Documents/proyecto_1_borrador/project_1/project_1.gen/sources_1/bd/design_1/ipshared/6fbe/hdl/axi_gpio_v2_0_vh_rfs.vhd:1270' bound to instance 'U0' of component 'axi_gpio' [/home/jgaitan/Documents/proyecto_1_borrador/project_1/project_1.gen/sources_1/bd/design_1/ip/design_1_axi_gpio_0_0/synth/design_1_axi_gpio_0_0.vhd:179]
INFO: [Synth 8-638] synthesizing module 'axi_gpio' [/home/jgaitan/Documents/proyecto_1_borrador/project_1/project_1.gen/sources_1/bd/design_1/ipshared/6fbe/hdl/axi_gpio_v2_0_vh_rfs.vhd:1356]
INFO: [Synth 8-638] synthesizing module 'axi_lite_ipif' [/home/jgaitan/Documents/proyecto_1_borrador/project_1/project_1.gen/sources_1/bd/design_1/ipshared/66ea/hdl/axi_lite_ipif_v3_0_vh_rfs.vhd:2948]
INFO: [Synth 8-638] synthesizing module 'slave_attachment' [/home/jgaitan/Documents/proyecto_1_borrador/project_1/project_1.gen/sources_1/bd/design_1/ipshared/66ea/hdl/axi_lite_ipif_v3_0_vh_rfs.vhd:2341]
INFO: [Synth 8-638] synthesizing module 'address_decoder' [/home/jgaitan/Documents/proyecto_1_borrador/project_1/project_1.gen/sources_1/bd/design_1/ipshared/66ea/hdl/axi_lite_ipif_v3_0_vh_rfs.vhd:1775]
INFO: [Synth 8-638] synthesizing module 'pselect_f' [/home/jgaitan/Documents/proyecto_1_borrador/project_1/project_1.gen/sources_1/bd/design_1/ipshared/66ea/hdl/axi_lite_ipif_v3_0_vh_rfs.vhd:1534]
INFO: [Synth 8-256] done synthesizing module 'pselect_f' (0#1) [/home/jgaitan/Documents/proyecto_1_borrador/project_1/project_1.gen/sources_1/bd/design_1/ipshared/66ea/hdl/axi_lite_ipif_v3_0_vh_rfs.vhd:1534]
INFO: [Synth 8-638] synthesizing module 'pselect_f__parameterized0' [/home/jgaitan/Documents/proyecto_1_borrador/project_1/project_1.gen/sources_1/bd/design_1/ipshared/66ea/hdl/axi_lite_ipif_v3_0_vh_rfs.vhd:1534]
INFO: [Synth 8-256] done synthesizing module 'pselect_f__parameterized0' (0#1) [/home/jgaitan/Documents/proyecto_1_borrador/project_1/project_1.gen/sources_1/bd/design_1/ipshared/66ea/hdl/axi_lite_ipif_v3_0_vh_rfs.vhd:1534]
INFO: [Synth 8-638] synthesizing module 'pselect_f__parameterized1' [/home/jgaitan/Documents/proyecto_1_borrador/project_1/project_1.gen/sources_1/bd/design_1/ipshared/66ea/hdl/axi_lite_ipif_v3_0_vh_rfs.vhd:1534]
INFO: [Synth 8-256] done synthesizing module 'pselect_f__parameterized1' (0#1) [/home/jgaitan/Documents/proyecto_1_borrador/project_1/project_1.gen/sources_1/bd/design_1/ipshared/66ea/hdl/axi_lite_ipif_v3_0_vh_rfs.vhd:1534]
INFO: [Synth 8-638] synthesizing module 'pselect_f__parameterized2' [/home/jgaitan/Documents/proyecto_1_borrador/project_1/project_1.gen/sources_1/bd/design_1/ipshared/66ea/hdl/axi_lite_ipif_v3_0_vh_rfs.vhd:1534]
INFO: [Synth 8-256] done synthesizing module 'pselect_f__parameterized2' (0#1) [/home/jgaitan/Documents/proyecto_1_borrador/project_1/project_1.gen/sources_1/bd/design_1/ipshared/66ea/hdl/axi_lite_ipif_v3_0_vh_rfs.vhd:1534]
INFO: [Synth 8-256] done synthesizing module 'address_decoder' (0#1) [/home/jgaitan/Documents/proyecto_1_borrador/project_1/project_1.gen/sources_1/bd/design_1/ipshared/66ea/hdl/axi_lite_ipif_v3_0_vh_rfs.vhd:1775]
INFO: [Synth 8-226] default block is never used [/home/jgaitan/Documents/proyecto_1_borrador/project_1/project_1.gen/sources_1/bd/design_1/ipshared/66ea/hdl/axi_lite_ipif_v3_0_vh_rfs.vhd:2550]
INFO: [Synth 8-256] done synthesizing module 'slave_attachment' (0#1) [/home/jgaitan/Documents/proyecto_1_borrador/project_1/project_1.gen/sources_1/bd/design_1/ipshared/66ea/hdl/axi_lite_ipif_v3_0_vh_rfs.vhd:2341]
INFO: [Synth 8-256] done synthesizing module 'axi_lite_ipif' (0#1) [/home/jgaitan/Documents/proyecto_1_borrador/project_1/project_1.gen/sources_1/bd/design_1/ipshared/66ea/hdl/axi_lite_ipif_v3_0_vh_rfs.vhd:2948]
INFO: [Synth 8-638] synthesizing module 'GPIO_Core' [/home/jgaitan/Documents/proyecto_1_borrador/project_1/project_1.gen/sources_1/bd/design_1/ipshared/6fbe/hdl/axi_gpio_v2_0_vh_rfs.vhd:181]
INFO: [Synth 8-226] default block is never used [/home/jgaitan/Documents/proyecto_1_borrador/project_1/project_1.gen/sources_1/bd/design_1/ipshared/6fbe/hdl/axi_gpio_v2_0_vh_rfs.vhd:838]
INFO: [Synth 8-638] synthesizing module 'cdc_sync' [/home/jgaitan/Documents/proyecto_1_borrador/project_1/project_1.gen/sources_1/bd/design_1/ipshared/ef1e/hdl/lib_cdc_v1_0_rfs.vhd:106]
	Parameter INIT bound to: 1'b0 
INFO: [Synth 8-113] binding component instance 'CROSS2_PLEVEL_IN2SCNDRY_IN_cdc_to' to cell 'FDR' [/home/jgaitan/Documents/proyecto_1_borrador/project_1/project_1.gen/sources_1/bd/design_1/ipshared/ef1e/hdl/lib_cdc_v1_0_rfs.vhd:736]
	Parameter INIT bound to: 1'b0 
INFO: [Synth 8-113] binding component instance 'CROSS2_PLEVEL_IN2SCNDRY_IN_cdc_to' to cell 'FDR' [/home/jgaitan/Documents/proyecto_1_borrador/project_1/project_1.gen/sources_1/bd/design_1/ipshared/ef1e/hdl/lib_cdc_v1_0_rfs.vhd:736]
	Parameter INIT bound to: 1'b0 
INFO: [Synth 8-113] binding component instance 'CROSS2_PLEVEL_IN2SCNDRY_IN_cdc_to' to cell 'FDR' [/home/jgaitan/Documents/proyecto_1_borrador/project_1/project_1.gen/sources_1/bd/design_1/ipshared/ef1e/hdl/lib_cdc_v1_0_rfs.vhd:736]
	Parameter INIT bound to: 1'b0 
INFO: [Synth 8-113] binding component instance 'CROSS2_PLEVEL_IN2SCNDRY_IN_cdc_to' to cell 'FDR' [/home/jgaitan/Documents/proyecto_1_borrador/project_1/project_1.gen/sources_1/bd/design_1/ipshared/ef1e/hdl/lib_cdc_v1_0_rfs.vhd:736]
	Parameter INIT bound to: 1'b0 
INFO: [Synth 8-113] binding component instance 'CROSS2_PLEVEL_IN2SCNDRY_IN_cdc_to' to cell 'FDR' [/home/jgaitan/Documents/proyecto_1_borrador/project_1/project_1.gen/sources_1/bd/design_1/ipshared/ef1e/hdl/lib_cdc_v1_0_rfs.vhd:736]
	Parameter INIT bound to: 1'b0 
INFO: [Synth 8-113] binding component instance 'CROSS2_PLEVEL_IN2SCNDRY_IN_cdc_to' to cell 'FDR' [/home/jgaitan/Documents/proyecto_1_borrador/project_1/project_1.gen/sources_1/bd/design_1/ipshared/ef1e/hdl/lib_cdc_v1_0_rfs.vhd:736]
	Parameter INIT bound to: 1'b0 
INFO: [Synth 8-113] binding component instance 'CROSS2_PLEVEL_IN2SCNDRY_IN_cdc_to' to cell 'FDR' [/home/jgaitan/Documents/proyecto_1_borrador/project_1/project_1.gen/sources_1/bd/design_1/ipshared/ef1e/hdl/lib_cdc_v1_0_rfs.vhd:736]
	Parameter INIT bound to: 1'b0 
INFO: [Synth 8-113] binding component instance 'CROSS2_PLEVEL_IN2SCNDRY_IN_cdc_to' to cell 'FDR' [/home/jgaitan/Documents/proyecto_1_borrador/project_1/project_1.gen/sources_1/bd/design_1/ipshared/ef1e/hdl/lib_cdc_v1_0_rfs.vhd:736]
	Parameter INIT bound to: 1'b0 
INFO: [Synth 8-113] binding component instance 'CROSS2_PLEVEL_IN2SCNDRY_IN_cdc_to' to cell 'FDR' [/home/jgaitan/Documents/proyecto_1_borrador/project_1/project_1.gen/sources_1/bd/design_1/ipshared/ef1e/hdl/lib_cdc_v1_0_rfs.vhd:736]
	Parameter INIT bound to: 1'b0 
INFO: [Synth 8-113] binding component instance 'CROSS2_PLEVEL_IN2SCNDRY_IN_cdc_to' to cell 'FDR' [/home/jgaitan/Documents/proyecto_1_borrador/project_1/project_1.gen/sources_1/bd/design_1/ipshared/ef1e/hdl/lib_cdc_v1_0_rfs.vhd:736]
	Parameter INIT bound to: 1'b0 
INFO: [Synth 8-113] binding component instance 'CROSS2_PLEVEL_IN2SCNDRY_IN_cdc_to' to cell 'FDR' [/home/jgaitan/Documents/proyecto_1_borrador/project_1/project_1.gen/sources_1/bd/design_1/ipshared/ef1e/hdl/lib_cdc_v1_0_rfs.vhd:736]
	Parameter INIT bound to: 1'b0 
INFO: [Synth 8-113] binding component instance 'CROSS2_PLEVEL_IN2SCNDRY_IN_cdc_to' to cell 'FDR' [/home/jgaitan/Documents/proyecto_1_borrador/project_1/project_1.gen/sources_1/bd/design_1/ipshared/ef1e/hdl/lib_cdc_v1_0_rfs.vhd:736]
	Parameter INIT bound to: 1'b0 
INFO: [Synth 8-113] binding component instance 'CROSS2_PLEVEL_IN2SCNDRY_IN_cdc_to' to cell 'FDR' [/home/jgaitan/Documents/proyecto_1_borrador/project_1/project_1.gen/sources_1/bd/design_1/ipshared/ef1e/hdl/lib_cdc_v1_0_rfs.vhd:736]
	Parameter INIT bound to: 1'b0 
INFO: [Synth 8-113] binding component instance 'CROSS2_PLEVEL_IN2SCNDRY_IN_cdc_to' to cell 'FDR' [/home/jgaitan/Documents/proyecto_1_borrador/project_1/project_1.gen/sources_1/bd/design_1/ipshared/ef1e/hdl/lib_cdc_v1_0_rfs.vhd:736]
	Parameter INIT bound to: 1'b0 
INFO: [Synth 8-113] binding component instance 'CROSS2_PLEVEL_IN2SCNDRY_IN_cdc_to' to cell 'FDR' [/home/jgaitan/Documents/proyecto_1_borrador/project_1/project_1.gen/sources_1/bd/design_1/ipshared/ef1e/hdl/lib_cdc_v1_0_rfs.vhd:736]
	Parameter INIT bound to: 1'b0 
INFO: [Synth 8-113] binding component instance 'CROSS2_PLEVEL_IN2SCNDRY_IN_cdc_to' to cell 'FDR' [/home/jgaitan/Documents/proyecto_1_borrador/project_1/project_1.gen/sources_1/bd/design_1/ipshared/ef1e/hdl/lib_cdc_v1_0_rfs.vhd:736]
	Parameter INIT bound to: 1'b0 
INFO: [Synth 8-113] binding component instance 'CROSS2_PLEVEL_IN2SCNDRY_IN_cdc_to' to cell 'FDR' [/home/jgaitan/Documents/proyecto_1_borrador/project_1/project_1.gen/sources_1/bd/design_1/ipshared/ef1e/hdl/lib_cdc_v1_0_rfs.vhd:736]
	Parameter INIT bound to: 1'b0 
INFO: [Synth 8-113] binding component instance 'CROSS2_PLEVEL_IN2SCNDRY_IN_cdc_to' to cell 'FDR' [/home/jgaitan/Documents/proyecto_1_borrador/project_1/project_1.gen/sources_1/bd/design_1/ipshared/ef1e/hdl/lib_cdc_v1_0_rfs.vhd:736]
	Parameter INIT bound to: 1'b0 
INFO: [Synth 8-113] binding component instance 'CROSS2_PLEVEL_IN2SCNDRY_IN_cdc_to' to cell 'FDR' [/home/jgaitan/Documents/proyecto_1_borrador/project_1/project_1.gen/sources_1/bd/design_1/ipshared/ef1e/hdl/lib_cdc_v1_0_rfs.vhd:736]
	Parameter INIT bound to: 1'b0 
INFO: [Synth 8-113] binding component instance 'CROSS2_PLEVEL_IN2SCNDRY_IN_cdc_to' to cell 'FDR' [/home/jgaitan/Documents/proyecto_1_borrador/project_1/project_1.gen/sources_1/bd/design_1/ipshared/ef1e/hdl/lib_cdc_v1_0_rfs.vhd:736]
	Parameter INIT bound to: 1'b0 
INFO: [Synth 8-113] binding component instance 'CROSS2_PLEVEL_IN2SCNDRY_IN_cdc_to' to cell 'FDR' [/home/jgaitan/Documents/proyecto_1_borrador/project_1/project_1.gen/sources_1/bd/design_1/ipshared/ef1e/hdl/lib_cdc_v1_0_rfs.vhd:736]
	Parameter INIT bound to: 1'b0 
INFO: [Synth 8-113] binding component instance 'CROSS2_PLEVEL_IN2SCNDRY_IN_cdc_to' to cell 'FDR' [/home/jgaitan/Documents/proyecto_1_borrador/project_1/project_1.gen/sources_1/bd/design_1/ipshared/ef1e/hdl/lib_cdc_v1_0_rfs.vhd:736]
	Parameter INIT bound to: 1'b0 
INFO: [Synth 8-113] binding component instance 'CROSS2_PLEVEL_IN2SCNDRY_IN_cdc_to' to cell 'FDR' [/home/jgaitan/Documents/proyecto_1_borrador/project_1/project_1.gen/sources_1/bd/design_1/ipshared/ef1e/hdl/lib_cdc_v1_0_rfs.vhd:736]
	Parameter INIT bound to: 1'b0 
INFO: [Synth 8-113] binding component instance 'CROSS2_PLEVEL_IN2SCNDRY_IN_cdc_to' to cell 'FDR' [/home/jgaitan/Documents/proyecto_1_borrador/project_1/project_1.gen/sources_1/bd/design_1/ipshared/ef1e/hdl/lib_cdc_v1_0_rfs.vhd:736]
	Parameter INIT bound to: 1'b0 
INFO: [Synth 8-113] binding component instance 'CROSS2_PLEVEL_IN2SCNDRY_IN_cdc_to' to cell 'FDR' [/home/jgaitan/Documents/proyecto_1_borrador/project_1/project_1.gen/sources_1/bd/design_1/ipshared/ef1e/hdl/lib_cdc_v1_0_rfs.vhd:736]
	Parameter INIT bound to: 1'b0 
INFO: [Synth 8-113] binding component instance 'CROSS2_PLEVEL_IN2SCNDRY_IN_cdc_to' to cell 'FDR' [/home/jgaitan/Documents/proyecto_1_borrador/project_1/project_1.gen/sources_1/bd/design_1/ipshared/ef1e/hdl/lib_cdc_v1_0_rfs.vhd:736]
	Parameter INIT bound to: 1'b0 
INFO: [Synth 8-113] binding component instance 'CROSS2_PLEVEL_IN2SCNDRY_IN_cdc_to' to cell 'FDR' [/home/jgaitan/Documents/proyecto_1_borrador/project_1/project_1.gen/sources_1/bd/design_1/ipshared/ef1e/hdl/lib_cdc_v1_0_rfs.vhd:736]
	Parameter INIT bound to: 1'b0 
INFO: [Synth 8-113] binding component instance 'CROSS2_PLEVEL_IN2SCNDRY_IN_cdc_to' to cell 'FDR' [/home/jgaitan/Documents/proyecto_1_borrador/project_1/project_1.gen/sources_1/bd/design_1/ipshared/ef1e/hdl/lib_cdc_v1_0_rfs.vhd:736]
	Parameter INIT bound to: 1'b0 
INFO: [Synth 8-113] binding component instance 'CROSS2_PLEVEL_IN2SCNDRY_IN_cdc_to' to cell 'FDR' [/home/jgaitan/Documents/proyecto_1_borrador/project_1/project_1.gen/sources_1/bd/design_1/ipshared/ef1e/hdl/lib_cdc_v1_0_rfs.vhd:736]
	Parameter INIT bound to: 1'b0 
INFO: [Synth 8-113] binding component instance 'CROSS2_PLEVEL_IN2SCNDRY_IN_cdc_to' to cell 'FDR' [/home/jgaitan/Documents/proyecto_1_borrador/project_1/project_1.gen/sources_1/bd/design_1/ipshared/ef1e/hdl/lib_cdc_v1_0_rfs.vhd:736]
	Parameter INIT bound to: 1'b0 
INFO: [Synth 8-113] binding component instance 'CROSS2_PLEVEL_IN2SCNDRY_IN_cdc_to' to cell 'FDR' [/home/jgaitan/Documents/proyecto_1_borrador/project_1/project_1.gen/sources_1/bd/design_1/ipshared/ef1e/hdl/lib_cdc_v1_0_rfs.vhd:736]
	Parameter INIT bound to: 1'b0 
INFO: [Synth 8-113] binding component instance 'CROSS2_PLEVEL_IN2SCNDRY_IN_cdc_to' to cell 'FDR' [/home/jgaitan/Documents/proyecto_1_borrador/project_1/project_1.gen/sources_1/bd/design_1/ipshared/ef1e/hdl/lib_cdc_v1_0_rfs.vhd:736]
	Parameter INIT bound to: 1'b0 
INFO: [Synth 8-113] binding component instance 'CROSS2_PLEVEL_IN2SCNDRY_s_level_out_bus_d2' to cell 'FDR' [/home/jgaitan/Documents/proyecto_1_borrador/project_1/project_1.gen/sources_1/bd/design_1/ipshared/ef1e/hdl/lib_cdc_v1_0_rfs.vhd:772]
	Parameter INIT bound to: 1'b0 
INFO: [Synth 8-113] binding component instance 'CROSS2_PLEVEL_IN2SCNDRY_s_level_out_bus_d2' to cell 'FDR' [/home/jgaitan/Documents/proyecto_1_borrador/project_1/project_1.gen/sources_1/bd/design_1/ipshared/ef1e/hdl/lib_cdc_v1_0_rfs.vhd:772]
	Parameter INIT bound to: 1'b0 
INFO: [Synth 8-113] binding component instance 'CROSS2_PLEVEL_IN2SCNDRY_s_level_out_bus_d2' to cell 'FDR' [/home/jgaitan/Documents/proyecto_1_borrador/project_1/project_1.gen/sources_1/bd/design_1/ipshared/ef1e/hdl/lib_cdc_v1_0_rfs.vhd:772]
	Parameter INIT bound to: 1'b0 
INFO: [Synth 8-113] binding component instance 'CROSS2_PLEVEL_IN2SCNDRY_s_level_out_bus_d2' to cell 'FDR' [/home/jgaitan/Documents/proyecto_1_borrador/project_1/project_1.gen/sources_1/bd/design_1/ipshared/ef1e/hdl/lib_cdc_v1_0_rfs.vhd:772]
	Parameter INIT bound to: 1'b0 
INFO: [Synth 8-113] binding component instance 'CROSS2_PLEVEL_IN2SCNDRY_s_level_out_bus_d2' to cell 'FDR' [/home/jgaitan/Documents/proyecto_1_borrador/project_1/project_1.gen/sources_1/bd/design_1/ipshared/ef1e/hdl/lib_cdc_v1_0_rfs.vhd:772]
	Parameter INIT bound to: 1'b0 
INFO: [Synth 8-113] binding component instance 'CROSS2_PLEVEL_IN2SCNDRY_s_level_out_bus_d2' to cell 'FDR' [/home/jgaitan/Documents/proyecto_1_borrador/project_1/project_1.gen/sources_1/bd/design_1/ipshared/ef1e/hdl/lib_cdc_v1_0_rfs.vhd:772]
	Parameter INIT bound to: 1'b0 
INFO: [Synth 8-113] binding component instance 'CROSS2_PLEVEL_IN2SCNDRY_s_level_out_bus_d2' to cell 'FDR' [/home/jgaitan/Documents/proyecto_1_borrador/project_1/project_1.gen/sources_1/bd/design_1/ipshared/ef1e/hdl/lib_cdc_v1_0_rfs.vhd:772]
	Parameter INIT bound to: 1'b0 
INFO: [Synth 8-113] binding component instance 'CROSS2_PLEVEL_IN2SCNDRY_s_level_out_bus_d2' to cell 'FDR' [/home/jgaitan/Documents/proyecto_1_borrador/project_1/project_1.gen/sources_1/bd/design_1/ipshared/ef1e/hdl/lib_cdc_v1_0_rfs.vhd:772]
	Parameter INIT bound to: 1'b0 
INFO: [Synth 8-113] binding component instance 'CROSS2_PLEVEL_IN2SCNDRY_s_level_out_bus_d2' to cell 'FDR' [/home/jgaitan/Documents/proyecto_1_borrador/project_1/project_1.gen/sources_1/bd/design_1/ipshared/ef1e/hdl/lib_cdc_v1_0_rfs.vhd:772]
	Parameter INIT bound to: 1'b0 
INFO: [Synth 8-113] binding component instance 'CROSS2_PLEVEL_IN2SCNDRY_s_level_out_bus_d2' to cell 'FDR' [/home/jgaitan/Documents/proyecto_1_borrador/project_1/project_1.gen/sources_1/bd/design_1/ipshared/ef1e/hdl/lib_cdc_v1_0_rfs.vhd:772]
	Parameter INIT bound to: 1'b0 
INFO: [Synth 8-113] binding component instance 'CROSS2_PLEVEL_IN2SCNDRY_s_level_out_bus_d2' to cell 'FDR' [/home/jgaitan/Documents/proyecto_1_borrador/project_1/project_1.gen/sources_1/bd/design_1/ipshared/ef1e/hdl/lib_cdc_v1_0_rfs.vhd:772]
	Parameter INIT bound to: 1'b0 
INFO: [Synth 8-113] binding component instance 'CROSS2_PLEVEL_IN2SCNDRY_s_level_out_bus_d2' to cell 'FDR' [/home/jgaitan/Documents/proyecto_1_borrador/project_1/project_1.gen/sources_1/bd/design_1/ipshared/ef1e/hdl/lib_cdc_v1_0_rfs.vhd:772]
	Parameter INIT bound to: 1'b0 
INFO: [Synth 8-113] binding component instance 'CROSS2_PLEVEL_IN2SCNDRY_s_level_out_bus_d2' to cell 'FDR' [/home/jgaitan/Documents/proyecto_1_borrador/project_1/project_1.gen/sources_1/bd/design_1/ipshared/ef1e/hdl/lib_cdc_v1_0_rfs.vhd:772]
	Parameter INIT bound to: 1'b0 
INFO: [Synth 8-113] binding component instance 'CROSS2_PLEVEL_IN2SCNDRY_s_level_out_bus_d2' to cell 'FDR' [/home/jgaitan/Documents/proyecto_1_borrador/project_1/project_1.gen/sources_1/bd/design_1/ipshared/ef1e/hdl/lib_cdc_v1_0_rfs.vhd:772]
	Parameter INIT bound to: 1'b0 
INFO: [Synth 8-113] binding component instance 'CROSS2_PLEVEL_IN2SCNDRY_s_level_out_bus_d2' to cell 'FDR' [/home/jgaitan/Documents/proyecto_1_borrador/project_1/project_1.gen/sources_1/bd/design_1/ipshared/ef1e/hdl/lib_cdc_v1_0_rfs.vhd:772]
	Parameter INIT bound to: 1'b0 
INFO: [Synth 8-113] binding component instance 'CROSS2_PLEVEL_IN2SCNDRY_s_level_out_bus_d2' to cell 'FDR' [/home/jgaitan/Documents/proyecto_1_borrador/project_1/project_1.gen/sources_1/bd/design_1/ipshared/ef1e/hdl/lib_cdc_v1_0_rfs.vhd:772]
	Parameter INIT bound to: 1'b0 
INFO: [Synth 8-113] binding component instance 'CROSS2_PLEVEL_IN2SCNDRY_s_level_out_bus_d2' to cell 'FDR' [/home/jgaitan/Documents/proyecto_1_borrador/project_1/project_1.gen/sources_1/bd/design_1/ipshared/ef1e/hdl/lib_cdc_v1_0_rfs.vhd:772]
	Parameter INIT bound to: 1'b0 
INFO: [Synth 8-113] binding component instance 'CROSS2_PLEVEL_IN2SCNDRY_s_level_out_bus_d2' to cell 'FDR' [/home/jgaitan/Documents/proyecto_1_borrador/project_1/project_1.gen/sources_1/bd/design_1/ipshared/ef1e/hdl/lib_cdc_v1_0_rfs.vhd:772]
	Parameter INIT bound to: 1'b0 
INFO: [Synth 8-113] binding component instance 'CROSS2_PLEVEL_IN2SCNDRY_s_level_out_bus_d2' to cell 'FDR' [/home/jgaitan/Documents/proyecto_1_borrador/project_1/project_1.gen/sources_1/bd/design_1/ipshared/ef1e/hdl/lib_cdc_v1_0_rfs.vhd:772]
	Parameter INIT bound to: 1'b0 
INFO: [Synth 8-113] binding component instance 'CROSS2_PLEVEL_IN2SCNDRY_s_level_out_bus_d2' to cell 'FDR' [/home/jgaitan/Documents/proyecto_1_borrador/project_1/project_1.gen/sources_1/bd/design_1/ipshared/ef1e/hdl/lib_cdc_v1_0_rfs.vhd:772]
	Parameter INIT bound to: 1'b0 
INFO: [Synth 8-113] binding component instance 'CROSS2_PLEVEL_IN2SCNDRY_s_level_out_bus_d2' to cell 'FDR' [/home/jgaitan/Documents/proyecto_1_borrador/project_1/project_1.gen/sources_1/bd/design_1/ipshared/ef1e/hdl/lib_cdc_v1_0_rfs.vhd:772]
	Parameter INIT bound to: 1'b0 
INFO: [Synth 8-113] binding component instance 'CROSS2_PLEVEL_IN2SCNDRY_s_level_out_bus_d2' to cell 'FDR' [/home/jgaitan/Documents/proyecto_1_borrador/project_1/project_1.gen/sources_1/bd/design_1/ipshared/ef1e/hdl/lib_cdc_v1_0_rfs.vhd:772]
	Parameter INIT bound to: 1'b0 
INFO: [Synth 8-113] binding component instance 'CROSS2_PLEVEL_IN2SCNDRY_s_level_out_bus_d2' to cell 'FDR' [/home/jgaitan/Documents/proyecto_1_borrador/project_1/project_1.gen/sources_1/bd/design_1/ipshared/ef1e/hdl/lib_cdc_v1_0_rfs.vhd:772]
	Parameter INIT bound to: 1'b0 
INFO: [Synth 8-113] binding component instance 'CROSS2_PLEVEL_IN2SCNDRY_s_level_out_bus_d2' to cell 'FDR' [/home/jgaitan/Documents/proyecto_1_borrador/project_1/project_1.gen/sources_1/bd/design_1/ipshared/ef1e/hdl/lib_cdc_v1_0_rfs.vhd:772]
	Parameter INIT bound to: 1'b0 
INFO: [Synth 8-113] binding component instance 'CROSS2_PLEVEL_IN2SCNDRY_s_level_out_bus_d2' to cell 'FDR' [/home/jgaitan/Documents/proyecto_1_borrador/project_1/project_1.gen/sources_1/bd/design_1/ipshared/ef1e/hdl/lib_cdc_v1_0_rfs.vhd:772]
	Parameter INIT bound to: 1'b0 
INFO: [Synth 8-113] binding component instance 'CROSS2_PLEVEL_IN2SCNDRY_s_level_out_bus_d2' to cell 'FDR' [/home/jgaitan/Documents/proyecto_1_borrador/project_1/project_1.gen/sources_1/bd/design_1/ipshared/ef1e/hdl/lib_cdc_v1_0_rfs.vhd:772]
	Parameter INIT bound to: 1'b0 
INFO: [Synth 8-113] binding component instance 'CROSS2_PLEVEL_IN2SCNDRY_s_level_out_bus_d2' to cell 'FDR' [/home/jgaitan/Documents/proyecto_1_borrador/project_1/project_1.gen/sources_1/bd/design_1/ipshared/ef1e/hdl/lib_cdc_v1_0_rfs.vhd:772]
	Parameter INIT bound to: 1'b0 
INFO: [Synth 8-113] binding component instance 'CROSS2_PLEVEL_IN2SCNDRY_s_level_out_bus_d2' to cell 'FDR' [/home/jgaitan/Documents/proyecto_1_borrador/project_1/project_1.gen/sources_1/bd/design_1/ipshared/ef1e/hdl/lib_cdc_v1_0_rfs.vhd:772]
	Parameter INIT bound to: 1'b0 
INFO: [Synth 8-113] binding component instance 'CROSS2_PLEVEL_IN2SCNDRY_s_level_out_bus_d2' to cell 'FDR' [/home/jgaitan/Documents/proyecto_1_borrador/project_1/project_1.gen/sources_1/bd/design_1/ipshared/ef1e/hdl/lib_cdc_v1_0_rfs.vhd:772]
	Parameter INIT bound to: 1'b0 
INFO: [Synth 8-113] binding component instance 'CROSS2_PLEVEL_IN2SCNDRY_s_level_out_bus_d2' to cell 'FDR' [/home/jgaitan/Documents/proyecto_1_borrador/project_1/project_1.gen/sources_1/bd/design_1/ipshared/ef1e/hdl/lib_cdc_v1_0_rfs.vhd:772]
	Parameter INIT bound to: 1'b0 
INFO: [Synth 8-113] binding component instance 'CROSS2_PLEVEL_IN2SCNDRY_s_level_out_bus_d2' to cell 'FDR' [/home/jgaitan/Documents/proyecto_1_borrador/project_1/project_1.gen/sources_1/bd/design_1/ipshared/ef1e/hdl/lib_cdc_v1_0_rfs.vhd:772]
	Parameter INIT bound to: 1'b0 
INFO: [Synth 8-113] binding component instance 'CROSS2_PLEVEL_IN2SCNDRY_s_level_out_bus_d2' to cell 'FDR' [/home/jgaitan/Documents/proyecto_1_borrador/project_1/project_1.gen/sources_1/bd/design_1/ipshared/ef1e/hdl/lib_cdc_v1_0_rfs.vhd:772]
	Parameter INIT bound to: 1'b0 
INFO: [Synth 8-113] binding component instance 'CROSS2_PLEVEL_IN2SCNDRY_s_level_out_bus_d3' to cell 'FDR' [/home/jgaitan/Documents/proyecto_1_borrador/project_1/project_1.gen/sources_1/bd/design_1/ipshared/ef1e/hdl/lib_cdc_v1_0_rfs.vhd:788]
	Parameter INIT bound to: 1'b0 
INFO: [Synth 8-113] binding component instance 'CROSS2_PLEVEL_IN2SCNDRY_s_level_out_bus_d3' to cell 'FDR' [/home/jgaitan/Documents/proyecto_1_borrador/project_1/project_1.gen/sources_1/bd/design_1/ipshared/ef1e/hdl/lib_cdc_v1_0_rfs.vhd:788]
	Parameter INIT bound to: 1'b0 
INFO: [Synth 8-113] binding component instance 'CROSS2_PLEVEL_IN2SCNDRY_s_level_out_bus_d3' to cell 'FDR' [/home/jgaitan/Documents/proyecto_1_borrador/project_1/project_1.gen/sources_1/bd/design_1/ipshared/ef1e/hdl/lib_cdc_v1_0_rfs.vhd:788]
	Parameter INIT bound to: 1'b0 
INFO: [Synth 8-113] binding component instance 'CROSS2_PLEVEL_IN2SCNDRY_s_level_out_bus_d3' to cell 'FDR' [/home/jgaitan/Documents/proyecto_1_borrador/project_1/project_1.gen/sources_1/bd/design_1/ipshared/ef1e/hdl/lib_cdc_v1_0_rfs.vhd:788]
	Parameter INIT bound to: 1'b0 
INFO: [Synth 8-113] binding component instance 'CROSS2_PLEVEL_IN2SCNDRY_s_level_out_bus_d3' to cell 'FDR' [/home/jgaitan/Documents/proyecto_1_borrador/project_1/project_1.gen/sources_1/bd/design_1/ipshared/ef1e/hdl/lib_cdc_v1_0_rfs.vhd:788]
	Parameter INIT bound to: 1'b0 
INFO: [Synth 8-113] binding component instance 'CROSS2_PLEVEL_IN2SCNDRY_s_level_out_bus_d3' to cell 'FDR' [/home/jgaitan/Documents/proyecto_1_borrador/project_1/project_1.gen/sources_1/bd/design_1/ipshared/ef1e/hdl/lib_cdc_v1_0_rfs.vhd:788]
	Parameter INIT bound to: 1'b0 
INFO: [Synth 8-113] binding component instance 'CROSS2_PLEVEL_IN2SCNDRY_s_level_out_bus_d3' to cell 'FDR' [/home/jgaitan/Documents/proyecto_1_borrador/project_1/project_1.gen/sources_1/bd/design_1/ipshared/ef1e/hdl/lib_cdc_v1_0_rfs.vhd:788]
	Parameter INIT bound to: 1'b0 
INFO: [Synth 8-113] binding component instance 'CROSS2_PLEVEL_IN2SCNDRY_s_level_out_bus_d3' to cell 'FDR' [/home/jgaitan/Documents/proyecto_1_borrador/project_1/project_1.gen/sources_1/bd/design_1/ipshared/ef1e/hdl/lib_cdc_v1_0_rfs.vhd:788]
	Parameter INIT bound to: 1'b0 
INFO: [Synth 8-113] binding component instance 'CROSS2_PLEVEL_IN2SCNDRY_s_level_out_bus_d3' to cell 'FDR' [/home/jgaitan/Documents/proyecto_1_borrador/project_1/project_1.gen/sources_1/bd/design_1/ipshared/ef1e/hdl/lib_cdc_v1_0_rfs.vhd:788]
	Parameter INIT bound to: 1'b0 
INFO: [Synth 8-113] binding component instance 'CROSS2_PLEVEL_IN2SCNDRY_s_level_out_bus_d3' to cell 'FDR' [/home/jgaitan/Documents/proyecto_1_borrador/project_1/project_1.gen/sources_1/bd/design_1/ipshared/ef1e/hdl/lib_cdc_v1_0_rfs.vhd:788]
	Parameter INIT bound to: 1'b0 
INFO: [Synth 8-113] binding component instance 'CROSS2_PLEVEL_IN2SCNDRY_s_level_out_bus_d3' to cell 'FDR' [/home/jgaitan/Documents/proyecto_1_borrador/project_1/project_1.gen/sources_1/bd/design_1/ipshared/ef1e/hdl/lib_cdc_v1_0_rfs.vhd:788]
	Parameter INIT bound to: 1'b0 
INFO: [Synth 8-113] binding component instance 'CROSS2_PLEVEL_IN2SCNDRY_s_level_out_bus_d3' to cell 'FDR' [/home/jgaitan/Documents/proyecto_1_borrador/project_1/project_1.gen/sources_1/bd/design_1/ipshared/ef1e/hdl/lib_cdc_v1_0_rfs.vhd:788]
	Parameter INIT bound to: 1'b0 
INFO: [Synth 8-113] binding component instance 'CROSS2_PLEVEL_IN2SCNDRY_s_level_out_bus_d3' to cell 'FDR' [/home/jgaitan/Documents/proyecto_1_borrador/project_1/project_1.gen/sources_1/bd/design_1/ipshared/ef1e/hdl/lib_cdc_v1_0_rfs.vhd:788]
	Parameter INIT bound to: 1'b0 
INFO: [Synth 8-113] binding component instance 'CROSS2_PLEVEL_IN2SCNDRY_s_level_out_bus_d3' to cell 'FDR' [/home/jgaitan/Documents/proyecto_1_borrador/project_1/project_1.gen/sources_1/bd/design_1/ipshared/ef1e/hdl/lib_cdc_v1_0_rfs.vhd:788]
	Parameter INIT bound to: 1'b0 
INFO: [Synth 8-113] binding component instance 'CROSS2_PLEVEL_IN2SCNDRY_s_level_out_bus_d3' to cell 'FDR' [/home/jgaitan/Documents/proyecto_1_borrador/project_1/project_1.gen/sources_1/bd/design_1/ipshared/ef1e/hdl/lib_cdc_v1_0_rfs.vhd:788]
	Parameter INIT bound to: 1'b0 
INFO: [Synth 8-113] binding component instance 'CROSS2_PLEVEL_IN2SCNDRY_s_level_out_bus_d3' to cell 'FDR' [/home/jgaitan/Documents/proyecto_1_borrador/project_1/project_1.gen/sources_1/bd/design_1/ipshared/ef1e/hdl/lib_cdc_v1_0_rfs.vhd:788]
	Parameter INIT bound to: 1'b0 
INFO: [Synth 8-113] binding component instance 'CROSS2_PLEVEL_IN2SCNDRY_s_level_out_bus_d3' to cell 'FDR' [/home/jgaitan/Documents/proyecto_1_borrador/project_1/project_1.gen/sources_1/bd/design_1/ipshared/ef1e/hdl/lib_cdc_v1_0_rfs.vhd:788]
	Parameter INIT bound to: 1'b0 
INFO: [Synth 8-113] binding component instance 'CROSS2_PLEVEL_IN2SCNDRY_s_level_out_bus_d3' to cell 'FDR' [/home/jgaitan/Documents/proyecto_1_borrador/project_1/project_1.gen/sources_1/bd/design_1/ipshared/ef1e/hdl/lib_cdc_v1_0_rfs.vhd:788]
	Parameter INIT bound to: 1'b0 
INFO: [Synth 8-113] binding component instance 'CROSS2_PLEVEL_IN2SCNDRY_s_level_out_bus_d3' to cell 'FDR' [/home/jgaitan/Documents/proyecto_1_borrador/project_1/project_1.gen/sources_1/bd/design_1/ipshared/ef1e/hdl/lib_cdc_v1_0_rfs.vhd:788]
	Parameter INIT bound to: 1'b0 
INFO: [Synth 8-113] binding component instance 'CROSS2_PLEVEL_IN2SCNDRY_s_level_out_bus_d3' to cell 'FDR' [/home/jgaitan/Documents/proyecto_1_borrador/project_1/project_1.gen/sources_1/bd/design_1/ipshared/ef1e/hdl/lib_cdc_v1_0_rfs.vhd:788]
	Parameter INIT bound to: 1'b0 
INFO: [Synth 8-113] binding component instance 'CROSS2_PLEVEL_IN2SCNDRY_s_level_out_bus_d3' to cell 'FDR' [/home/jgaitan/Documents/proyecto_1_borrador/project_1/project_1.gen/sources_1/bd/design_1/ipshared/ef1e/hdl/lib_cdc_v1_0_rfs.vhd:788]
	Parameter INIT bound to: 1'b0 
INFO: [Synth 8-113] binding component instance 'CROSS2_PLEVEL_IN2SCNDRY_s_level_out_bus_d3' to cell 'FDR' [/home/jgaitan/Documents/proyecto_1_borrador/project_1/project_1.gen/sources_1/bd/design_1/ipshared/ef1e/hdl/lib_cdc_v1_0_rfs.vhd:788]
	Parameter INIT bound to: 1'b0 
INFO: [Synth 8-113] binding component instance 'CROSS2_PLEVEL_IN2SCNDRY_s_level_out_bus_d3' to cell 'FDR' [/home/jgaitan/Documents/proyecto_1_borrador/project_1/project_1.gen/sources_1/bd/design_1/ipshared/ef1e/hdl/lib_cdc_v1_0_rfs.vhd:788]
	Parameter INIT bound to: 1'b0 
INFO: [Synth 8-113] binding component instance 'CROSS2_PLEVEL_IN2SCNDRY_s_level_out_bus_d3' to cell 'FDR' [/home/jgaitan/Documents/proyecto_1_borrador/project_1/project_1.gen/sources_1/bd/design_1/ipshared/ef1e/hdl/lib_cdc_v1_0_rfs.vhd:788]
	Parameter INIT bound to: 1'b0 
INFO: [Synth 8-113] binding component instance 'CROSS2_PLEVEL_IN2SCNDRY_s_level_out_bus_d3' to cell 'FDR' [/home/jgaitan/Documents/proyecto_1_borrador/project_1/project_1.gen/sources_1/bd/design_1/ipshared/ef1e/hdl/lib_cdc_v1_0_rfs.vhd:788]
	Parameter INIT bound to: 1'b0 
INFO: [Synth 8-113] binding component instance 'CROSS2_PLEVEL_IN2SCNDRY_s_level_out_bus_d3' to cell 'FDR' [/home/jgaitan/Documents/proyecto_1_borrador/project_1/project_1.gen/sources_1/bd/design_1/ipshared/ef1e/hdl/lib_cdc_v1_0_rfs.vhd:788]
	Parameter INIT bound to: 1'b0 
INFO: [Synth 8-113] binding component instance 'CROSS2_PLEVEL_IN2SCNDRY_s_level_out_bus_d3' to cell 'FDR' [/home/jgaitan/Documents/proyecto_1_borrador/project_1/project_1.gen/sources_1/bd/design_1/ipshared/ef1e/hdl/lib_cdc_v1_0_rfs.vhd:788]
	Parameter INIT bound to: 1'b0 
INFO: [Synth 8-113] binding component instance 'CROSS2_PLEVEL_IN2SCNDRY_s_level_out_bus_d3' to cell 'FDR' [/home/jgaitan/Documents/proyecto_1_borrador/project_1/project_1.gen/sources_1/bd/design_1/ipshared/ef1e/hdl/lib_cdc_v1_0_rfs.vhd:788]
	Parameter INIT bound to: 1'b0 
INFO: [Synth 8-113] binding component instance 'CROSS2_PLEVEL_IN2SCNDRY_s_level_out_bus_d3' to cell 'FDR' [/home/jgaitan/Documents/proyecto_1_borrador/project_1/project_1.gen/sources_1/bd/design_1/ipshared/ef1e/hdl/lib_cdc_v1_0_rfs.vhd:788]
	Parameter INIT bound to: 1'b0 
INFO: [Synth 8-113] binding component instance 'CROSS2_PLEVEL_IN2SCNDRY_s_level_out_bus_d3' to cell 'FDR' [/home/jgaitan/Documents/proyecto_1_borrador/project_1/project_1.gen/sources_1/bd/design_1/ipshared/ef1e/hdl/lib_cdc_v1_0_rfs.vhd:788]
	Parameter INIT bound to: 1'b0 
INFO: [Synth 8-113] binding component instance 'CROSS2_PLEVEL_IN2SCNDRY_s_level_out_bus_d3' to cell 'FDR' [/home/jgaitan/Documents/proyecto_1_borrador/project_1/project_1.gen/sources_1/bd/design_1/ipshared/ef1e/hdl/lib_cdc_v1_0_rfs.vhd:788]
	Parameter INIT bound to: 1'b0 
INFO: [Synth 8-113] binding component instance 'CROSS2_PLEVEL_IN2SCNDRY_s_level_out_bus_d3' to cell 'FDR' [/home/jgaitan/Documents/proyecto_1_borrador/project_1/project_1.gen/sources_1/bd/design_1/ipshared/ef1e/hdl/lib_cdc_v1_0_rfs.vhd:788]
	Parameter INIT bound to: 1'b0 
INFO: [Synth 8-113] binding component instance 'CROSS2_PLEVEL_IN2SCNDRY_s_level_out_bus_d4' to cell 'FDR' [/home/jgaitan/Documents/proyecto_1_borrador/project_1/project_1.gen/sources_1/bd/design_1/ipshared/ef1e/hdl/lib_cdc_v1_0_rfs.vhd:804]
	Parameter INIT bound to: 1'b0 
INFO: [Synth 8-113] binding component instance 'CROSS2_PLEVEL_IN2SCNDRY_s_level_out_bus_d4' to cell 'FDR' [/home/jgaitan/Documents/proyecto_1_borrador/project_1/project_1.gen/sources_1/bd/design_1/ipshared/ef1e/hdl/lib_cdc_v1_0_rfs.vhd:804]
	Parameter INIT bound to: 1'b0 
INFO: [Synth 8-113] binding component instance 'CROSS2_PLEVEL_IN2SCNDRY_s_level_out_bus_d4' to cell 'FDR' [/home/jgaitan/Documents/proyecto_1_borrador/project_1/project_1.gen/sources_1/bd/design_1/ipshared/ef1e/hdl/lib_cdc_v1_0_rfs.vhd:804]
	Parameter INIT bound to: 1'b0 
INFO: [Synth 8-113] binding component instance 'CROSS2_PLEVEL_IN2SCNDRY_s_level_out_bus_d4' to cell 'FDR' [/home/jgaitan/Documents/proyecto_1_borrador/project_1/project_1.gen/sources_1/bd/design_1/ipshared/ef1e/hdl/lib_cdc_v1_0_rfs.vhd:804]
INFO: [Common 17-14] Message 'Synth 8-113' appears 100 times and further instances of the messages will be disabled. Use the Tcl command set_msg_config to change the current settings.
	Parameter INIT bound to: 1'b0 
	Parameter INIT bound to: 1'b0 
	Parameter INIT bound to: 1'b0 
	Parameter INIT bound to: 1'b0 
	Parameter INIT bound to: 1'b0 
	Parameter INIT bound to: 1'b0 
	Parameter INIT bound to: 1'b0 
	Parameter INIT bound to: 1'b0 
	Parameter INIT bound to: 1'b0 
	Parameter INIT bound to: 1'b0 
	Parameter INIT bound to: 1'b0 
	Parameter INIT bound to: 1'b0 
	Parameter INIT bound to: 1'b0 
	Parameter INIT bound to: 1'b0 
	Parameter INIT bound to: 1'b0 
	Parameter INIT bound to: 1'b0 
	Parameter INIT bound to: 1'b0 
	Parameter INIT bound to: 1'b0 
	Parameter INIT bound to: 1'b0 
	Parameter INIT bound to: 1'b0 
	Parameter INIT bound to: 1'b0 
	Parameter INIT bound to: 1'b0 
	Parameter INIT bound to: 1'b0 
	Parameter INIT bound to: 1'b0 
	Parameter INIT bound to: 1'b0 
	Parameter INIT bound to: 1'b0 
	Parameter INIT bound to: 1'b0 
	Parameter INIT bound to: 1'b0 
	Parameter INIT bound to: 1'b0 
	Parameter INIT bound to: 1'b0 
	Parameter INIT bound to: 1'b0 
	Parameter INIT bound to: 1'b0 
	Parameter INIT bound to: 1'b0 
	Parameter INIT bound to: 1'b0 
	Parameter INIT bound to: 1'b0 
	Parameter INIT bound to: 1'b0 
	Parameter INIT bound to: 1'b0 
	Parameter INIT bound to: 1'b0 
	Parameter INIT bound to: 1'b0 
	Parameter INIT bound to: 1'b0 
	Parameter INIT bound to: 1'b0 
	Parameter INIT bound to: 1'b0 
	Parameter INIT bound to: 1'b0 
	Parameter INIT bound to: 1'b0 
	Parameter INIT bound to: 1'b0 
	Parameter INIT bound to: 1'b0 
	Parameter INIT bound to: 1'b0 
	Parameter INIT bound to: 1'b0 
	Parameter INIT bound to: 1'b0 
	Parameter INIT bound to: 1'b0 
	Parameter INIT bound to: 1'b0 
	Parameter INIT bound to: 1'b0 
	Parameter INIT bound to: 1'b0 
	Parameter INIT bound to: 1'b0 
	Parameter INIT bound to: 1'b0 
	Parameter INIT bound to: 1'b0 
	Parameter INIT bound to: 1'b0 
	Parameter INIT bound to: 1'b0 
	Parameter INIT bound to: 1'b0 
	Parameter INIT bound to: 1'b0 
	Parameter INIT bound to: 1'b0 
	Parameter INIT bound to: 1'b0 
	Parameter INIT bound to: 1'b0 
	Parameter INIT bound to: 1'b0 
	Parameter INIT bound to: 1'b0 
	Parameter INIT bound to: 1'b0 
	Parameter INIT bound to: 1'b0 
	Parameter INIT bound to: 1'b0 
	Parameter INIT bound to: 1'b0 
	Parameter INIT bound to: 1'b0 
	Parameter INIT bound to: 1'b0 
	Parameter INIT bound to: 1'b0 
	Parameter INIT bound to: 1'b0 
	Parameter INIT bound to: 1'b0 
	Parameter INIT bound to: 1'b0 
	Parameter INIT bound to: 1'b0 
	Parameter INIT bound to: 1'b0 
	Parameter INIT bound to: 1'b0 
	Parameter INIT bound to: 1'b0 
	Parameter INIT bound to: 1'b0 
	Parameter INIT bound to: 1'b0 
	Parameter INIT bound to: 1'b0 
	Parameter INIT bound to: 1'b0 
	Parameter INIT bound to: 1'b0 
	Parameter INIT bound to: 1'b0 
	Parameter INIT bound to: 1'b0 
	Parameter INIT bound to: 1'b0 
	Parameter INIT bound to: 1'b0 
	Parameter INIT bound to: 1'b0 
	Parameter INIT bound to: 1'b0 
	Parameter INIT bound to: 1'b0 
	Parameter INIT bound to: 1'b0 
INFO: [Synth 8-256] done synthesizing module 'cdc_sync' (0#1) [/home/jgaitan/Documents/proyecto_1_borrador/project_1/project_1.gen/sources_1/bd/design_1/ipshared/ef1e/hdl/lib_cdc_v1_0_rfs.vhd:106]
INFO: [Synth 8-256] done synthesizing module 'GPIO_Core' (0#1) [/home/jgaitan/Documents/proyecto_1_borrador/project_1/project_1.gen/sources_1/bd/design_1/ipshared/6fbe/hdl/axi_gpio_v2_0_vh_rfs.vhd:181]
INFO: [Synth 8-256] done synthesizing module 'axi_gpio' (0#1) [/home/jgaitan/Documents/proyecto_1_borrador/project_1/project_1.gen/sources_1/bd/design_1/ipshared/6fbe/hdl/axi_gpio_v2_0_vh_rfs.vhd:1356]
INFO: [Synth 8-256] done synthesizing module 'design_1_axi_gpio_0_0' (0#1) [/home/jgaitan/Documents/proyecto_1_borrador/project_1/project_1.gen/sources_1/bd/design_1/ip/design_1_axi_gpio_0_0/synth/design_1_axi_gpio_0_0.vhd:89]
WARNING: [Synth 8-6014] Unused sequential element Dual.ALLOUT0_ND_G0.READ_REG_GEN[0].GPIO_DBus_i_reg was removed.  [/home/jgaitan/Documents/proyecto_1_borrador/project_1/project_1.gen/sources_1/bd/design_1/ipshared/6fbe/hdl/axi_gpio_v2_0_vh_rfs.vhd:622]
WARNING: [Synth 8-6014] Unused sequential element Dual.ALLOUT0_ND_G0.READ_REG_GEN[1].GPIO_DBus_i_reg was removed.  [/home/jgaitan/Documents/proyecto_1_borrador/project_1/project_1.gen/sources_1/bd/design_1/ipshared/6fbe/hdl/axi_gpio_v2_0_vh_rfs.vhd:622]
WARNING: [Synth 8-6014] Unused sequential element Dual.ALLOUT0_ND_G0.READ_REG_GEN[2].GPIO_DBus_i_reg was removed.  [/home/jgaitan/Documents/proyecto_1_borrador/project_1/project_1.gen/sources_1/bd/design_1/ipshared/6fbe/hdl/axi_gpio_v2_0_vh_rfs.vhd:622]
WARNING: [Synth 8-6014] Unused sequential element Dual.ALLOUT0_ND_G0.READ_REG_GEN[3].GPIO_DBus_i_reg was removed.  [/home/jgaitan/Documents/proyecto_1_borrador/project_1/project_1.gen/sources_1/bd/design_1/ipshared/6fbe/hdl/axi_gpio_v2_0_vh_rfs.vhd:622]
WARNING: [Synth 8-6014] Unused sequential element Dual.ALLOUT0_ND_G0.READ_REG_GEN[4].GPIO_DBus_i_reg was removed.  [/home/jgaitan/Documents/proyecto_1_borrador/project_1/project_1.gen/sources_1/bd/design_1/ipshared/6fbe/hdl/axi_gpio_v2_0_vh_rfs.vhd:622]
WARNING: [Synth 8-6014] Unused sequential element Dual.ALLOUT0_ND_G0.READ_REG_GEN[5].GPIO_DBus_i_reg was removed.  [/home/jgaitan/Documents/proyecto_1_borrador/project_1/project_1.gen/sources_1/bd/design_1/ipshared/6fbe/hdl/axi_gpio_v2_0_vh_rfs.vhd:622]
WARNING: [Synth 8-6014] Unused sequential element Dual.ALLOUT0_ND_G0.READ_REG_GEN[6].GPIO_DBus_i_reg was removed.  [/home/jgaitan/Documents/proyecto_1_borrador/project_1/project_1.gen/sources_1/bd/design_1/ipshared/6fbe/hdl/axi_gpio_v2_0_vh_rfs.vhd:622]
WARNING: [Synth 8-6014] Unused sequential element Dual.ALLOUT0_ND_G0.READ_REG_GEN[7].GPIO_DBus_i_reg was removed.  [/home/jgaitan/Documents/proyecto_1_borrador/project_1/project_1.gen/sources_1/bd/design_1/ipshared/6fbe/hdl/axi_gpio_v2_0_vh_rfs.vhd:622]
WARNING: [Synth 8-6014] Unused sequential element Dual.ALLOUT0_ND_G0.READ_REG_GEN[8].GPIO_DBus_i_reg was removed.  [/home/jgaitan/Documents/proyecto_1_borrador/project_1/project_1.gen/sources_1/bd/design_1/ipshared/6fbe/hdl/axi_gpio_v2_0_vh_rfs.vhd:622]
WARNING: [Synth 8-6014] Unused sequential element Dual.ALLOUT0_ND_G0.READ_REG_GEN[9].GPIO_DBus_i_reg was removed.  [/home/jgaitan/Documents/proyecto_1_borrador/project_1/project_1.gen/sources_1/bd/design_1/ipshared/6fbe/hdl/axi_gpio_v2_0_vh_rfs.vhd:622]
WARNING: [Synth 8-6014] Unused sequential element Dual.ALLOUT0_ND_G0.READ_REG_GEN[10].GPIO_DBus_i_reg was removed.  [/home/jgaitan/Documents/proyecto_1_borrador/project_1/project_1.gen/sources_1/bd/design_1/ipshared/6fbe/hdl/axi_gpio_v2_0_vh_rfs.vhd:622]
WARNING: [Synth 8-6014] Unused sequential element Dual.ALLOUT0_ND_G0.READ_REG_GEN[11].GPIO_DBus_i_reg was removed.  [/home/jgaitan/Documents/proyecto_1_borrador/project_1/project_1.gen/sources_1/bd/design_1/ipshared/6fbe/hdl/axi_gpio_v2_0_vh_rfs.vhd:622]
WARNING: [Synth 8-6014] Unused sequential element Dual.ALLOUT0_ND_G0.READ_REG_GEN[12].GPIO_DBus_i_reg was removed.  [/home/jgaitan/Documents/proyecto_1_borrador/project_1/project_1.gen/sources_1/bd/design_1/ipshared/6fbe/hdl/axi_gpio_v2_0_vh_rfs.vhd:622]
WARNING: [Synth 8-6014] Unused sequential element Dual.ALLOUT0_ND_G0.READ_REG_GEN[13].GPIO_DBus_i_reg was removed.  [/home/jgaitan/Documents/proyecto_1_borrador/project_1/project_1.gen/sources_1/bd/design_1/ipshared/6fbe/hdl/axi_gpio_v2_0_vh_rfs.vhd:622]
WARNING: [Synth 8-6014] Unused sequential element Dual.ALLOUT0_ND_G0.READ_REG_GEN[14].GPIO_DBus_i_reg was removed.  [/home/jgaitan/Documents/proyecto_1_borrador/project_1/project_1.gen/sources_1/bd/design_1/ipshared/6fbe/hdl/axi_gpio_v2_0_vh_rfs.vhd:622]
WARNING: [Synth 8-6014] Unused sequential element Dual.ALLOUT0_ND_G0.READ_REG_GEN[15].GPIO_DBus_i_reg was removed.  [/home/jgaitan/Documents/proyecto_1_borrador/project_1/project_1.gen/sources_1/bd/design_1/ipshared/6fbe/hdl/axi_gpio_v2_0_vh_rfs.vhd:622]
WARNING: [Synth 8-6014] Unused sequential element Dual.ALLOUT0_ND_G0.READ_REG_GEN[16].GPIO_DBus_i_reg was removed.  [/home/jgaitan/Documents/proyecto_1_borrador/project_1/project_1.gen/sources_1/bd/design_1/ipshared/6fbe/hdl/axi_gpio_v2_0_vh_rfs.vhd:622]
WARNING: [Synth 8-6014] Unused sequential element Dual.ALLOUT0_ND_G0.READ_REG_GEN[17].GPIO_DBus_i_reg was removed.  [/home/jgaitan/Documents/proyecto_1_borrador/project_1/project_1.gen/sources_1/bd/design_1/ipshared/6fbe/hdl/axi_gpio_v2_0_vh_rfs.vhd:622]
WARNING: [Synth 8-6014] Unused sequential element Dual.ALLOUT0_ND_G0.READ_REG_GEN[18].GPIO_DBus_i_reg was removed.  [/home/jgaitan/Documents/proyecto_1_borrador/project_1/project_1.gen/sources_1/bd/design_1/ipshared/6fbe/hdl/axi_gpio_v2_0_vh_rfs.vhd:622]
WARNING: [Synth 8-6014] Unused sequential element Dual.ALLOUT0_ND_G0.READ_REG_GEN[19].GPIO_DBus_i_reg was removed.  [/home/jgaitan/Documents/proyecto_1_borrador/project_1/project_1.gen/sources_1/bd/design_1/ipshared/6fbe/hdl/axi_gpio_v2_0_vh_rfs.vhd:622]
WARNING: [Synth 8-6014] Unused sequential element Dual.ALLOUT0_ND_G0.READ_REG_GEN[20].GPIO_DBus_i_reg was removed.  [/home/jgaitan/Documents/proyecto_1_borrador/project_1/project_1.gen/sources_1/bd/design_1/ipshared/6fbe/hdl/axi_gpio_v2_0_vh_rfs.vhd:622]
WARNING: [Synth 8-6014] Unused sequential element Dual.ALLOUT0_ND_G0.READ_REG_GEN[21].GPIO_DBus_i_reg was removed.  [/home/jgaitan/Documents/proyecto_1_borrador/project_1/project_1.gen/sources_1/bd/design_1/ipshared/6fbe/hdl/axi_gpio_v2_0_vh_rfs.vhd:622]
WARNING: [Synth 8-6014] Unused sequential element Dual.ALLOUT0_ND_G0.READ_REG_GEN[22].GPIO_DBus_i_reg was removed.  [/home/jgaitan/Documents/proyecto_1_borrador/project_1/project_1.gen/sources_1/bd/design_1/ipshared/6fbe/hdl/axi_gpio_v2_0_vh_rfs.vhd:622]
WARNING: [Synth 8-6014] Unused sequential element Dual.ALLOUT0_ND_G0.READ_REG_GEN[23].GPIO_DBus_i_reg was removed.  [/home/jgaitan/Documents/proyecto_1_borrador/project_1/project_1.gen/sources_1/bd/design_1/ipshared/6fbe/hdl/axi_gpio_v2_0_vh_rfs.vhd:622]
WARNING: [Synth 8-6014] Unused sequential element Dual.ALLOUT0_ND_G0.READ_REG_GEN[24].GPIO_DBus_i_reg was removed.  [/home/jgaitan/Documents/proyecto_1_borrador/project_1/project_1.gen/sources_1/bd/design_1/ipshared/6fbe/hdl/axi_gpio_v2_0_vh_rfs.vhd:622]
WARNING: [Synth 8-6014] Unused sequential element Dual.ALLOUT0_ND_G0.READ_REG_GEN[25].GPIO_DBus_i_reg was removed.  [/home/jgaitan/Documents/proyecto_1_borrador/project_1/project_1.gen/sources_1/bd/design_1/ipshared/6fbe/hdl/axi_gpio_v2_0_vh_rfs.vhd:622]
WARNING: [Synth 8-6014] Unused sequential element Dual.ALLOUT0_ND_G0.READ_REG_GEN[26].GPIO_DBus_i_reg was removed.  [/home/jgaitan/Documents/proyecto_1_borrador/project_1/project_1.gen/sources_1/bd/design_1/ipshared/6fbe/hdl/axi_gpio_v2_0_vh_rfs.vhd:622]
WARNING: [Synth 8-6014] Unused sequential element Dual.ALLOUT0_ND_G0.READ_REG_GEN[27].GPIO_DBus_i_reg was removed.  [/home/jgaitan/Documents/proyecto_1_borrador/project_1/project_1.gen/sources_1/bd/design_1/ipshared/6fbe/hdl/axi_gpio_v2_0_vh_rfs.vhd:622]
WARNING: [Synth 8-6014] Unused sequential element Dual.ALLOUT0_ND_G0.READ_REG_GEN[28].GPIO_DBus_i_reg was removed.  [/home/jgaitan/Documents/proyecto_1_borrador/project_1/project_1.gen/sources_1/bd/design_1/ipshared/6fbe/hdl/axi_gpio_v2_0_vh_rfs.vhd:622]
WARNING: [Synth 8-6014] Unused sequential element Dual.ALLOUT0_ND_G0.READ_REG_GEN[29].GPIO_DBus_i_reg was removed.  [/home/jgaitan/Documents/proyecto_1_borrador/project_1/project_1.gen/sources_1/bd/design_1/ipshared/6fbe/hdl/axi_gpio_v2_0_vh_rfs.vhd:622]
WARNING: [Synth 8-6014] Unused sequential element Dual.ALLOUT0_ND_G0.READ_REG_GEN[30].GPIO_DBus_i_reg was removed.  [/home/jgaitan/Documents/proyecto_1_borrador/project_1/project_1.gen/sources_1/bd/design_1/ipshared/6fbe/hdl/axi_gpio_v2_0_vh_rfs.vhd:622]
WARNING: [Synth 8-6014] Unused sequential element Dual.ALLOUT0_ND_G0.READ_REG_GEN[31].GPIO_DBus_i_reg was removed.  [/home/jgaitan/Documents/proyecto_1_borrador/project_1/project_1.gen/sources_1/bd/design_1/ipshared/6fbe/hdl/axi_gpio_v2_0_vh_rfs.vhd:622]
WARNING: [Synth 8-6014] Unused sequential element Dual.ALLOUT0_ND_G2.READ_REG2_GEN[0].GPIO2_DBus_i_reg was removed.  [/home/jgaitan/Documents/proyecto_1_borrador/project_1/project_1.gen/sources_1/bd/design_1/ipshared/6fbe/hdl/axi_gpio_v2_0_vh_rfs.vhd:753]
WARNING: [Synth 8-6014] Unused sequential element Dual.ALLOUT0_ND_G2.READ_REG2_GEN[1].GPIO2_DBus_i_reg was removed.  [/home/jgaitan/Documents/proyecto_1_borrador/project_1/project_1.gen/sources_1/bd/design_1/ipshared/6fbe/hdl/axi_gpio_v2_0_vh_rfs.vhd:753]
WARNING: [Synth 8-6014] Unused sequential element Dual.ALLOUT0_ND_G2.READ_REG2_GEN[2].GPIO2_DBus_i_reg was removed.  [/home/jgaitan/Documents/proyecto_1_borrador/project_1/project_1.gen/sources_1/bd/design_1/ipshared/6fbe/hdl/axi_gpio_v2_0_vh_rfs.vhd:753]
WARNING: [Synth 8-6014] Unused sequential element Dual.ALLOUT0_ND_G2.READ_REG2_GEN[3].GPIO2_DBus_i_reg was removed.  [/home/jgaitan/Documents/proyecto_1_borrador/project_1/project_1.gen/sources_1/bd/design_1/ipshared/6fbe/hdl/axi_gpio_v2_0_vh_rfs.vhd:753]
WARNING: [Synth 8-6014] Unused sequential element Dual.ALLOUT0_ND_G2.READ_REG2_GEN[4].GPIO2_DBus_i_reg was removed.  [/home/jgaitan/Documents/proyecto_1_borrador/project_1/project_1.gen/sources_1/bd/design_1/ipshared/6fbe/hdl/axi_gpio_v2_0_vh_rfs.vhd:753]
WARNING: [Synth 8-6014] Unused sequential element Dual.ALLOUT0_ND_G2.READ_REG2_GEN[5].GPIO2_DBus_i_reg was removed.  [/home/jgaitan/Documents/proyecto_1_borrador/project_1/project_1.gen/sources_1/bd/design_1/ipshared/6fbe/hdl/axi_gpio_v2_0_vh_rfs.vhd:753]
WARNING: [Synth 8-6014] Unused sequential element Dual.ALLOUT0_ND_G2.READ_REG2_GEN[6].GPIO2_DBus_i_reg was removed.  [/home/jgaitan/Documents/proyecto_1_borrador/project_1/project_1.gen/sources_1/bd/design_1/ipshared/6fbe/hdl/axi_gpio_v2_0_vh_rfs.vhd:753]
WARNING: [Synth 8-6014] Unused sequential element Dual.ALLOUT0_ND_G2.READ_REG2_GEN[7].GPIO2_DBus_i_reg was removed.  [/home/jgaitan/Documents/proyecto_1_borrador/project_1/project_1.gen/sources_1/bd/design_1/ipshared/6fbe/hdl/axi_gpio_v2_0_vh_rfs.vhd:753]
WARNING: [Synth 8-6014] Unused sequential element Dual.ALLOUT0_ND_G2.READ_REG2_GEN[8].GPIO2_DBus_i_reg was removed.  [/home/jgaitan/Documents/proyecto_1_borrador/project_1/project_1.gen/sources_1/bd/design_1/ipshared/6fbe/hdl/axi_gpio_v2_0_vh_rfs.vhd:753]
WARNING: [Synth 8-6014] Unused sequential element Dual.ALLOUT0_ND_G2.READ_REG2_GEN[9].GPIO2_DBus_i_reg was removed.  [/home/jgaitan/Documents/proyecto_1_borrador/project_1/project_1.gen/sources_1/bd/design_1/ipshared/6fbe/hdl/axi_gpio_v2_0_vh_rfs.vhd:753]
WARNING: [Synth 8-6014] Unused sequential element Dual.ALLOUT0_ND_G2.READ_REG2_GEN[10].GPIO2_DBus_i_reg was removed.  [/home/jgaitan/Documents/proyecto_1_borrador/project_1/project_1.gen/sources_1/bd/design_1/ipshared/6fbe/hdl/axi_gpio_v2_0_vh_rfs.vhd:753]
WARNING: [Synth 8-6014] Unused sequential element Dual.ALLOUT0_ND_G2.READ_REG2_GEN[11].GPIO2_DBus_i_reg was removed.  [/home/jgaitan/Documents/proyecto_1_borrador/project_1/project_1.gen/sources_1/bd/design_1/ipshared/6fbe/hdl/axi_gpio_v2_0_vh_rfs.vhd:753]
WARNING: [Synth 8-6014] Unused sequential element Dual.ALLOUT0_ND_G2.READ_REG2_GEN[12].GPIO2_DBus_i_reg was removed.  [/home/jgaitan/Documents/proyecto_1_borrador/project_1/project_1.gen/sources_1/bd/design_1/ipshared/6fbe/hdl/axi_gpio_v2_0_vh_rfs.vhd:753]
WARNING: [Synth 8-6014] Unused sequential element Dual.ALLOUT0_ND_G2.READ_REG2_GEN[13].GPIO2_DBus_i_reg was removed.  [/home/jgaitan/Documents/proyecto_1_borrador/project_1/project_1.gen/sources_1/bd/design_1/ipshared/6fbe/hdl/axi_gpio_v2_0_vh_rfs.vhd:753]
WARNING: [Synth 8-6014] Unused sequential element Dual.ALLOUT0_ND_G2.READ_REG2_GEN[14].GPIO2_DBus_i_reg was removed.  [/home/jgaitan/Documents/proyecto_1_borrador/project_1/project_1.gen/sources_1/bd/design_1/ipshared/6fbe/hdl/axi_gpio_v2_0_vh_rfs.vhd:753]
WARNING: [Synth 8-6014] Unused sequential element Dual.ALLOUT0_ND_G2.READ_REG2_GEN[15].GPIO2_DBus_i_reg was removed.  [/home/jgaitan/Documents/proyecto_1_borrador/project_1/project_1.gen/sources_1/bd/design_1/ipshared/6fbe/hdl/axi_gpio_v2_0_vh_rfs.vhd:753]
WARNING: [Synth 8-6014] Unused sequential element Dual.ALLOUT0_ND_G2.READ_REG2_GEN[16].GPIO2_DBus_i_reg was removed.  [/home/jgaitan/Documents/proyecto_1_borrador/project_1/project_1.gen/sources_1/bd/design_1/ipshared/6fbe/hdl/axi_gpio_v2_0_vh_rfs.vhd:753]
WARNING: [Synth 8-6014] Unused sequential element Dual.ALLOUT0_ND_G2.READ_REG2_GEN[17].GPIO2_DBus_i_reg was removed.  [/home/jgaitan/Documents/proyecto_1_borrador/project_1/project_1.gen/sources_1/bd/design_1/ipshared/6fbe/hdl/axi_gpio_v2_0_vh_rfs.vhd:753]
WARNING: [Synth 8-6014] Unused sequential element Dual.ALLOUT0_ND_G2.READ_REG2_GEN[18].GPIO2_DBus_i_reg was removed.  [/home/jgaitan/Documents/proyecto_1_borrador/project_1/project_1.gen/sources_1/bd/design_1/ipshared/6fbe/hdl/axi_gpio_v2_0_vh_rfs.vhd:753]
WARNING: [Synth 8-6014] Unused sequential element Dual.ALLOUT0_ND_G2.READ_REG2_GEN[19].GPIO2_DBus_i_reg was removed.  [/home/jgaitan/Documents/proyecto_1_borrador/project_1/project_1.gen/sources_1/bd/design_1/ipshared/6fbe/hdl/axi_gpio_v2_0_vh_rfs.vhd:753]
WARNING: [Synth 8-6014] Unused sequential element Dual.ALLOUT0_ND_G2.READ_REG2_GEN[20].GPIO2_DBus_i_reg was removed.  [/home/jgaitan/Documents/proyecto_1_borrador/project_1/project_1.gen/sources_1/bd/design_1/ipshared/6fbe/hdl/axi_gpio_v2_0_vh_rfs.vhd:753]
WARNING: [Synth 8-6014] Unused sequential element Dual.ALLOUT0_ND_G2.READ_REG2_GEN[21].GPIO2_DBus_i_reg was removed.  [/home/jgaitan/Documents/proyecto_1_borrador/project_1/project_1.gen/sources_1/bd/design_1/ipshared/6fbe/hdl/axi_gpio_v2_0_vh_rfs.vhd:753]
WARNING: [Synth 8-6014] Unused sequential element Dual.ALLOUT0_ND_G2.READ_REG2_GEN[22].GPIO2_DBus_i_reg was removed.  [/home/jgaitan/Documents/proyecto_1_borrador/project_1/project_1.gen/sources_1/bd/design_1/ipshared/6fbe/hdl/axi_gpio_v2_0_vh_rfs.vhd:753]
WARNING: [Synth 8-6014] Unused sequential element Dual.ALLOUT0_ND_G2.READ_REG2_GEN[23].GPIO2_DBus_i_reg was removed.  [/home/jgaitan/Documents/proyecto_1_borrador/project_1/project_1.gen/sources_1/bd/design_1/ipshared/6fbe/hdl/axi_gpio_v2_0_vh_rfs.vhd:753]
WARNING: [Synth 8-6014] Unused sequential element Dual.ALLOUT0_ND_G2.READ_REG2_GEN[24].GPIO2_DBus_i_reg was removed.  [/home/jgaitan/Documents/proyecto_1_borrador/project_1/project_1.gen/sources_1/bd/design_1/ipshared/6fbe/hdl/axi_gpio_v2_0_vh_rfs.vhd:753]
WARNING: [Synth 8-6014] Unused sequential element Dual.ALLOUT0_ND_G2.READ_REG2_GEN[25].GPIO2_DBus_i_reg was removed.  [/home/jgaitan/Documents/proyecto_1_borrador/project_1/project_1.gen/sources_1/bd/design_1/ipshared/6fbe/hdl/axi_gpio_v2_0_vh_rfs.vhd:753]
WARNING: [Synth 8-6014] Unused sequential element Dual.ALLOUT0_ND_G2.READ_REG2_GEN[26].GPIO2_DBus_i_reg was removed.  [/home/jgaitan/Documents/proyecto_1_borrador/project_1/project_1.gen/sources_1/bd/design_1/ipshared/6fbe/hdl/axi_gpio_v2_0_vh_rfs.vhd:753]
WARNING: [Synth 8-6014] Unused sequential element Dual.ALLOUT0_ND_G2.READ_REG2_GEN[27].GPIO2_DBus_i_reg was removed.  [/home/jgaitan/Documents/proyecto_1_borrador/project_1/project_1.gen/sources_1/bd/design_1/ipshared/6fbe/hdl/axi_gpio_v2_0_vh_rfs.vhd:753]
WARNING: [Synth 8-6014] Unused sequential element Dual.ALLOUT0_ND_G2.READ_REG2_GEN[28].GPIO2_DBus_i_reg was removed.  [/home/jgaitan/Documents/proyecto_1_borrador/project_1/project_1.gen/sources_1/bd/design_1/ipshared/6fbe/hdl/axi_gpio_v2_0_vh_rfs.vhd:753]
WARNING: [Synth 8-6014] Unused sequential element Dual.ALLOUT0_ND_G2.READ_REG2_GEN[29].GPIO2_DBus_i_reg was removed.  [/home/jgaitan/Documents/proyecto_1_borrador/project_1/project_1.gen/sources_1/bd/design_1/ipshared/6fbe/hdl/axi_gpio_v2_0_vh_rfs.vhd:753]
WARNING: [Synth 8-6014] Unused sequential element Dual.ALLOUT0_ND_G2.READ_REG2_GEN[30].GPIO2_DBus_i_reg was removed.  [/home/jgaitan/Documents/proyecto_1_borrador/project_1/project_1.gen/sources_1/bd/design_1/ipshared/6fbe/hdl/axi_gpio_v2_0_vh_rfs.vhd:753]
WARNING: [Synth 8-6014] Unused sequential element Dual.ALLOUT0_ND_G2.READ_REG2_GEN[31].GPIO2_DBus_i_reg was removed.  [/home/jgaitan/Documents/proyecto_1_borrador/project_1/project_1.gen/sources_1/bd/design_1/ipshared/6fbe/hdl/axi_gpio_v2_0_vh_rfs.vhd:753]
WARNING: [Synth 8-7129] Port prmry_aclk in module cdc_sync is either unconnected or has no load
WARNING: [Synth 8-7129] Port prmry_resetn in module cdc_sync is either unconnected or has no load
WARNING: [Synth 8-7129] Port prmry_in in module cdc_sync is either unconnected or has no load
WARNING: [Synth 8-7129] Port scndry_resetn in module cdc_sync is either unconnected or has no load
WARNING: [Synth 8-7129] Port ABus_Reg[1] in module GPIO_Core is either unconnected or has no load
WARNING: [Synth 8-7129] Port ABus_Reg[2] in module GPIO_Core is either unconnected or has no load
WARNING: [Synth 8-7129] Port ABus_Reg[3] in module GPIO_Core is either unconnected or has no load
WARNING: [Synth 8-7129] Port ABus_Reg[4] in module GPIO_Core is either unconnected or has no load
WARNING: [Synth 8-7129] Port ABus_Reg[7] in module GPIO_Core is either unconnected or has no load
WARNING: [Synth 8-7129] Port ABus_Reg[8] in module GPIO_Core is either unconnected or has no load
WARNING: [Synth 8-7129] Port BE_Reg[0] in module GPIO_Core is either unconnected or has no load
WARNING: [Synth 8-7129] Port BE_Reg[1] in module GPIO_Core is either unconnected or has no load
WARNING: [Synth 8-7129] Port BE_Reg[2] in module GPIO_Core is either unconnected or has no load
WARNING: [Synth 8-7129] Port BE_Reg[3] in module GPIO_Core is either unconnected or has no load
WARNING: [Synth 8-7129] Port Address_In_Erly[0] in module address_decoder is either unconnected or has no load
WARNING: [Synth 8-7129] Port Address_In_Erly[1] in module address_decoder is either unconnected or has no load
WARNING: [Synth 8-7129] Port Address_In_Erly[2] in module address_decoder is either unconnected or has no load
WARNING: [Synth 8-7129] Port Address_In_Erly[3] in module address_decoder is either unconnected or has no load
WARNING: [Synth 8-7129] Port Address_In_Erly[4] in module address_decoder is either unconnected or has no load
WARNING: [Synth 8-7129] Port Address_In_Erly[7] in module address_decoder is either unconnected or has no load
WARNING: [Synth 8-7129] Port Address_In_Erly[8] in module address_decoder is either unconnected or has no load
WARNING: [Synth 8-7129] Port Bus_RNW in module address_decoder is either unconnected or has no load
WARNING: [Synth 8-7129] Port S_AXI_WSTRB[3] in module slave_attachment is either unconnected or has no load
WARNING: [Synth 8-7129] Port S_AXI_WSTRB[2] in module slave_attachment is either unconnected or has no load
WARNING: [Synth 8-7129] Port S_AXI_WSTRB[1] in module slave_attachment is either unconnected or has no load
WARNING: [Synth 8-7129] Port S_AXI_WSTRB[0] in module slave_attachment is either unconnected or has no load
---------------------------------------------------------------------------------
Finished RTL Elaboration : Time (s): cpu = 00:00:05 ; elapsed = 00:00:05 . Memory (MB): peak = 2688.973 ; gain = 377.746 ; free physical = 14678 ; free virtual = 28143
---------------------------------------------------------------------------------
---------------------------------------------------------------------------------
Start Handling Custom Attributes
---------------------------------------------------------------------------------
---------------------------------------------------------------------------------
Finished Handling Custom Attributes : Time (s): cpu = 00:00:05 ; elapsed = 00:00:05 . Memory (MB): peak = 2688.973 ; gain = 377.746 ; free physical = 14679 ; free virtual = 28143
---------------------------------------------------------------------------------
---------------------------------------------------------------------------------
Finished RTL Optimization Phase 1 : Time (s): cpu = 00:00:05 ; elapsed = 00:00:05 . Memory (MB): peak = 2688.973 ; gain = 377.746 ; free physical = 14679 ; free virtual = 28143
---------------------------------------------------------------------------------
Netlist sorting complete. Time (s): cpu = 00:00:00.01 ; elapsed = 00:00:00.01 . Memory (MB): peak = 2696.973 ; gain = 0.000 ; free physical = 14678 ; free virtual = 28142
INFO: [Netlist 29-17] Analyzing 384 Unisim elements for replacement
INFO: [Netlist 29-28] Unisim Transformation completed in 0 CPU seconds
INFO: [Project 1-570] Preparing netlist for logic optimization

Processing XDC Constraints
Initializing timing engine
Parsing XDC File [/home/jgaitan/Documents/proyecto_1_borrador/project_1/project_1.gen/sources_1/bd/design_1/ip/design_1_axi_gpio_0_0/design_1_axi_gpio_0_0_ooc.xdc] for cell 'U0'
Finished Parsing XDC File [/home/jgaitan/Documents/proyecto_1_borrador/project_1/project_1.gen/sources_1/bd/design_1/ip/design_1_axi_gpio_0_0/design_1_axi_gpio_0_0_ooc.xdc] for cell 'U0'
Parsing XDC File [/home/jgaitan/Documents/proyecto_1_borrador/project_1/project_1.gen/sources_1/bd/design_1/ip/design_1_axi_gpio_0_0/design_1_axi_gpio_0_0_board.xdc] for cell 'U0'
Finished Parsing XDC File [/home/jgaitan/Documents/proyecto_1_borrador/project_1/project_1.gen/sources_1/bd/design_1/ip/design_1_axi_gpio_0_0/design_1_axi_gpio_0_0_board.xdc] for cell 'U0'
Parsing XDC File [/home/jgaitan/Documents/proyecto_1_borrador/project_1/project_1.gen/sources_1/bd/design_1/ip/design_1_axi_gpio_0_0/design_1_axi_gpio_0_0.xdc] for cell 'U0'
Finished Parsing XDC File [/home/jgaitan/Documents/proyecto_1_borrador/project_1/project_1.gen/sources_1/bd/design_1/ip/design_1_axi_gpio_0_0/design_1_axi_gpio_0_0.xdc] for cell 'U0'
Parsing XDC File [/home/jgaitan/Documents/proyecto_1_borrador/project_1/project_1.runs/design_1_axi_gpio_0_0_synth_1/dont_touch.xdc]
Finished Parsing XDC File [/home/jgaitan/Documents/proyecto_1_borrador/project_1/project_1.runs/design_1_axi_gpio_0_0_synth_1/dont_touch.xdc]
Completed Processing XDC Constraints

Netlist sorting complete. Time (s): cpu = 00:00:00 ; elapsed = 00:00:00 . Memory (MB): peak = 2824.785 ; gain = 0.000 ; free physical = 14642 ; free virtual = 28107
INFO: [Project 1-111] Unisim Transformation Summary:
  A total of 384 instances were transformed.
  FDR => FDRE: 384 instances

Constraint Validation Runtime : Time (s): cpu = 00:00:00.04 ; elapsed = 00:00:00.03 . Memory (MB): peak = 2824.820 ; gain = 0.000 ; free physical = 14648 ; free virtual = 28112
INFO: [Designutils 20-5008] Incremental synthesis strategy off
---------------------------------------------------------------------------------
Finished Constraint Validation : Time (s): cpu = 00:00:14 ; elapsed = 00:00:14 . Memory (MB): peak = 2824.820 ; gain = 513.594 ; free physical = 14645 ; free virtual = 28110
---------------------------------------------------------------------------------
---------------------------------------------------------------------------------
Start Loading Part and Timing Information
---------------------------------------------------------------------------------
Loading part: xck26-sfvc784-2LV-c
INFO: [Synth 8-6742] Reading net delay rules and data
---------------------------------------------------------------------------------
Finished Loading Part and Timing Information : Time (s): cpu = 00:00:14 ; elapsed = 00:00:14 . Memory (MB): peak = 2824.820 ; gain = 513.594 ; free physical = 14645 ; free virtual = 28110
---------------------------------------------------------------------------------
---------------------------------------------------------------------------------
Start Applying 'set_property' XDC Constraints
---------------------------------------------------------------------------------
Applied set_property KEEP_HIERARCHY = SOFT for U0. (constraint file  /home/jgaitan/Documents/proyecto_1_borrador/project_1/project_1.runs/design_1_axi_gpio_0_0_synth_1/dont_touch.xdc, line 9).
---------------------------------------------------------------------------------
Finished applying 'set_property' XDC Constraints : Time (s): cpu = 00:00:14 ; elapsed = 00:00:14 . Memory (MB): peak = 2824.820 ; gain = 513.594 ; free physical = 14645 ; free virtual = 28110
---------------------------------------------------------------------------------
INFO: [Synth 8-802] inferred FSM for state register 'state_reg' in module 'slave_attachment'
---------------------------------------------------------------------------------------------------
                   State |                     New Encoding |                Previous Encoding 
---------------------------------------------------------------------------------------------------
                 iSTATE2 |                             0001 |                               00
                  iSTATE |                             0010 |                               01
                 iSTATE0 |                             0100 |                               10
                 iSTATE1 |                             1000 |                               11
---------------------------------------------------------------------------------------------------
INFO: [Synth 8-3354] encoded FSM with state register 'state_reg' using encoding 'one-hot' in module 'slave_attachment'
---------------------------------------------------------------------------------
Finished RTL Optimization Phase 2 : Time (s): cpu = 00:00:15 ; elapsed = 00:00:15 . Memory (MB): peak = 2824.820 ; gain = 513.594 ; free physical = 14645 ; free virtual = 28110
---------------------------------------------------------------------------------
---------------------------------------------------------------------------------
Start RTL Component Statistics 
---------------------------------------------------------------------------------
Detailed RTL Component Info : 
+---Adders : 
	   2 Input    4 Bit       Adders := 1     
+---Registers : 
	               32 Bit    Registers := 8     
	                9 Bit    Registers := 1     
	                4 Bit    Registers := 1     
	                2 Bit    Registers := 3     
	                1 Bit    Registers := 146   
+---Muxes : 
	   2 Input   32 Bit        Muxes := 5     
	   2 Input    9 Bit        Muxes := 1     
	   4 Input    4 Bit        Muxes := 1     
	   2 Input    4 Bit        Muxes := 5     
	   2 Input    2 Bit        Muxes := 3     
	   3 Input    2 Bit        Muxes := 1     
	   4 Input    2 Bit        Muxes := 3     
	   2 Input    1 Bit        Muxes := 76    
	   4 Input    1 Bit        Muxes := 3     
---------------------------------------------------------------------------------
Finished RTL Component Statistics 
---------------------------------------------------------------------------------
---------------------------------------------------------------------------------
Start Part Resource Summary
---------------------------------------------------------------------------------
Part Resources:
DSPs: 1248 (col length:96)
BRAMs: 288 (col length: RAMB18 96 RAMB36 48)
---------------------------------------------------------------------------------
Finished Part Resource Summary
---------------------------------------------------------------------------------
---------------------------------------------------------------------------------
Start Cross Boundary and Area Optimization
---------------------------------------------------------------------------------
WARNING: [Synth 8-7080] Parallel synthesis criteria is not met
WARNING: [Synth 8-7129] Port s_axi_wstrb[3] in module axi_gpio is either unconnected or has no load
WARNING: [Synth 8-7129] Port s_axi_wstrb[2] in module axi_gpio is either unconnected or has no load
WARNING: [Synth 8-7129] Port s_axi_wstrb[1] in module axi_gpio is either unconnected or has no load
WARNING: [Synth 8-7129] Port s_axi_wstrb[0] in module axi_gpio is either unconnected or has no load
INFO: [Synth 8-3332] Sequential element (gpio_core_1/Dual.INPUT_DOUBLE_REGS4/GENERATE_LEVEL_P_S_CDC.MULTI_BIT.FOR_CROSS_PLEVEL_IN2SCNDRY_bus_d5[0].CROSS2_PLEVEL_IN2SCNDRY_s_level_out_bus_d5) is unused and will be removed from module axi_gpio.
INFO: [Synth 8-3332] Sequential element (gpio_core_1/Dual.INPUT_DOUBLE_REGS4/GENERATE_LEVEL_P_S_CDC.MULTI_BIT.FOR_CROSS_PLEVEL_IN2SCNDRY_bus_d5[1].CROSS2_PLEVEL_IN2SCNDRY_s_level_out_bus_d5) is unused and will be removed from module axi_gpio.
INFO: [Synth 8-3332] Sequential element (gpio_core_1/Dual.INPUT_DOUBLE_REGS4/GENERATE_LEVEL_P_S_CDC.MULTI_BIT.FOR_CROSS_PLEVEL_IN2SCNDRY_bus_d5[2].CROSS2_PLEVEL_IN2SCNDRY_s_level_out_bus_d5) is unused and will be removed from module axi_gpio.
INFO: [Synth 8-3332] Sequential element (gpio_core_1/Dual.INPUT_DOUBLE_REGS4/GENERATE_LEVEL_P_S_CDC.MULTI_BIT.FOR_CROSS_PLEVEL_IN2SCNDRY_bus_d5[3].CROSS2_PLEVEL_IN2SCNDRY_s_level_out_bus_d5) is unused and will be removed from module axi_gpio.
INFO: [Synth 8-3332] Sequential element (gpio_core_1/Dual.INPUT_DOUBLE_REGS4/GENERATE_LEVEL_P_S_CDC.MULTI_BIT.FOR_CROSS_PLEVEL_IN2SCNDRY_bus_d5[4].CROSS2_PLEVEL_IN2SCNDRY_s_level_out_bus_d5) is unused and will be removed from module axi_gpio.
INFO: [Synth 8-3332] Sequential element (gpio_core_1/Dual.INPUT_DOUBLE_REGS4/GENERATE_LEVEL_P_S_CDC.MULTI_BIT.FOR_CROSS_PLEVEL_IN2SCNDRY_bus_d5[5].CROSS2_PLEVEL_IN2SCNDRY_s_level_out_bus_d5) is unused and will be removed from module axi_gpio.
INFO: [Synth 8-3332] Sequential element (gpio_core_1/Dual.INPUT_DOUBLE_REGS4/GENERATE_LEVEL_P_S_CDC.MULTI_BIT.FOR_CROSS_PLEVEL_IN2SCNDRY_bus_d5[6].CROSS2_PLEVEL_IN2SCNDRY_s_level_out_bus_d5) is unused and will be removed from module axi_gpio.
INFO: [Synth 8-3332] Sequential element (gpio_core_1/Dual.INPUT_DOUBLE_REGS4/GENERATE_LEVEL_P_S_CDC.MULTI_BIT.FOR_CROSS_PLEVEL_IN2SCNDRY_bus_d5[7].CROSS2_PLEVEL_IN2SCNDRY_s_level_out_bus_d5) is unused and will be removed from module axi_gpio.
INFO: [Synth 8-3332] Sequential element (gpio_core_1/Dual.INPUT_DOUBLE_REGS4/GENERATE_LEVEL_P_S_CDC.MULTI_BIT.FOR_CROSS_PLEVEL_IN2SCNDRY_bus_d5[8].CROSS2_PLEVEL_IN2SCNDRY_s_level_out_bus_d5) is unused and will be removed from module axi_gpio.
INFO: [Synth 8-3332] Sequential element (gpio_core_1/Dual.INPUT_DOUBLE_REGS4/GENERATE_LEVEL_P_S_CDC.MULTI_BIT.FOR_CROSS_PLEVEL_IN2SCNDRY_bus_d5[9].CROSS2_PLEVEL_IN2SCNDRY_s_level_out_bus_d5) is unused and will be removed from module axi_gpio.
INFO: [Synth 8-3332] Sequential element (gpio_core_1/Dual.INPUT_DOUBLE_REGS4/GENERATE_LEVEL_P_S_CDC.MULTI_BIT.FOR_CROSS_PLEVEL_IN2SCNDRY_bus_d5[10].CROSS2_PLEVEL_IN2SCNDRY_s_level_out_bus_d5) is unused and will be removed from module axi_gpio.
INFO: [Synth 8-3332] Sequential element (gpio_core_1/Dual.INPUT_DOUBLE_REGS4/GENERATE_LEVEL_P_S_CDC.MULTI_BIT.FOR_CROSS_PLEVEL_IN2SCNDRY_bus_d5[11].CROSS2_PLEVEL_IN2SCNDRY_s_level_out_bus_d5) is unused and will be removed from module axi_gpio.
INFO: [Synth 8-3332] Sequential element (gpio_core_1/Dual.INPUT_DOUBLE_REGS4/GENERATE_LEVEL_P_S_CDC.MULTI_BIT.FOR_CROSS_PLEVEL_IN2SCNDRY_bus_d5[12].CROSS2_PLEVEL_IN2SCNDRY_s_level_out_bus_d5) is unused and will be removed from module axi_gpio.
INFO: [Synth 8-3332] Sequential element (gpio_core_1/Dual.INPUT_DOUBLE_REGS4/GENERATE_LEVEL_P_S_CDC.MULTI_BIT.FOR_CROSS_PLEVEL_IN2SCNDRY_bus_d5[13].CROSS2_PLEVEL_IN2SCNDRY_s_level_out_bus_d5) is unused and will be removed from module axi_gpio.
INFO: [Synth 8-3332] Sequential element (gpio_core_1/Dual.INPUT_DOUBLE_REGS4/GENERATE_LEVEL_P_S_CDC.MULTI_BIT.FOR_CROSS_PLEVEL_IN2SCNDRY_bus_d5[14].CROSS2_PLEVEL_IN2SCNDRY_s_level_out_bus_d5) is unused and will be removed from module axi_gpio.
INFO: [Synth 8-3332] Sequential element (gpio_core_1/Dual.INPUT_DOUBLE_REGS4/GENERATE_LEVEL_P_S_CDC.MULTI_BIT.FOR_CROSS_PLEVEL_IN2SCNDRY_bus_d5[15].CROSS2_PLEVEL_IN2SCNDRY_s_level_out_bus_d5) is unused and will be removed from module axi_gpio.
INFO: [Synth 8-3332] Sequential element (gpio_core_1/Dual.INPUT_DOUBLE_REGS4/GENERATE_LEVEL_P_S_CDC.MULTI_BIT.FOR_CROSS_PLEVEL_IN2SCNDRY_bus_d5[16].CROSS2_PLEVEL_IN2SCNDRY_s_level_out_bus_d5) is unused and will be removed from module axi_gpio.
INFO: [Synth 8-3332] Sequential element (gpio_core_1/Dual.INPUT_DOUBLE_REGS4/GENERATE_LEVEL_P_S_CDC.MULTI_BIT.FOR_CROSS_PLEVEL_IN2SCNDRY_bus_d5[17].CROSS2_PLEVEL_IN2SCNDRY_s_level_out_bus_d5) is unused and will be removed from module axi_gpio.
INFO: [Synth 8-3332] Sequential element (gpio_core_1/Dual.INPUT_DOUBLE_REGS4/GENERATE_LEVEL_P_S_CDC.MULTI_BIT.FOR_CROSS_PLEVEL_IN2SCNDRY_bus_d5[18].CROSS2_PLEVEL_IN2SCNDRY_s_level_out_bus_d5) is unused and will be removed from module axi_gpio.
INFO: [Synth 8-3332] Sequential element (gpio_core_1/Dual.INPUT_DOUBLE_REGS4/GENERATE_LEVEL_P_S_CDC.MULTI_BIT.FOR_CROSS_PLEVEL_IN2SCNDRY_bus_d5[19].CROSS2_PLEVEL_IN2SCNDRY_s_level_out_bus_d5) is unused and will be removed from module axi_gpio.
INFO: [Synth 8-3332] Sequential element (gpio_core_1/Dual.INPUT_DOUBLE_REGS4/GENERATE_LEVEL_P_S_CDC.MULTI_BIT.FOR_CROSS_PLEVEL_IN2SCNDRY_bus_d5[20].CROSS2_PLEVEL_IN2SCNDRY_s_level_out_bus_d5) is unused and will be removed from module axi_gpio.
INFO: [Synth 8-3332] Sequential element (gpio_core_1/Dual.INPUT_DOUBLE_REGS4/GENERATE_LEVEL_P_S_CDC.MULTI_BIT.FOR_CROSS_PLEVEL_IN2SCNDRY_bus_d5[21].CROSS2_PLEVEL_IN2SCNDRY_s_level_out_bus_d5) is unused and will be removed from module axi_gpio.
INFO: [Synth 8-3332] Sequential element (gpio_core_1/Dual.INPUT_DOUBLE_REGS4/GENERATE_LEVEL_P_S_CDC.MULTI_BIT.FOR_CROSS_PLEVEL_IN2SCNDRY_bus_d5[22].CROSS2_PLEVEL_IN2SCNDRY_s_level_out_bus_d5) is unused and will be removed from module axi_gpio.
INFO: [Synth 8-3332] Sequential element (gpio_core_1/Dual.INPUT_DOUBLE_REGS4/GENERATE_LEVEL_P_S_CDC.MULTI_BIT.FOR_CROSS_PLEVEL_IN2SCNDRY_bus_d5[23].CROSS2_PLEVEL_IN2SCNDRY_s_level_out_bus_d5) is unused and will be removed from module axi_gpio.
INFO: [Synth 8-3332] Sequential element (gpio_core_1/Dual.INPUT_DOUBLE_REGS4/GENERATE_LEVEL_P_S_CDC.MULTI_BIT.FOR_CROSS_PLEVEL_IN2SCNDRY_bus_d5[24].CROSS2_PLEVEL_IN2SCNDRY_s_level_out_bus_d5) is unused and will be removed from module axi_gpio.
INFO: [Synth 8-3332] Sequential element (gpio_core_1/Dual.INPUT_DOUBLE_REGS4/GENERATE_LEVEL_P_S_CDC.MULTI_BIT.FOR_CROSS_PLEVEL_IN2SCNDRY_bus_d5[25].CROSS2_PLEVEL_IN2SCNDRY_s_level_out_bus_d5) is unused and will be removed from module axi_gpio.
INFO: [Synth 8-3332] Sequential element (gpio_core_1/Dual.INPUT_DOUBLE_REGS4/GENERATE_LEVEL_P_S_CDC.MULTI_BIT.FOR_CROSS_PLEVEL_IN2SCNDRY_bus_d5[26].CROSS2_PLEVEL_IN2SCNDRY_s_level_out_bus_d5) is unused and will be removed from module axi_gpio.
INFO: [Synth 8-3332] Sequential element (gpio_core_1/Dual.INPUT_DOUBLE_REGS4/GENERATE_LEVEL_P_S_CDC.MULTI_BIT.FOR_CROSS_PLEVEL_IN2SCNDRY_bus_d5[27].CROSS2_PLEVEL_IN2SCNDRY_s_level_out_bus_d5) is unused and will be removed from module axi_gpio.
INFO: [Synth 8-3332] Sequential element (gpio_core_1/Dual.INPUT_DOUBLE_REGS4/GENERATE_LEVEL_P_S_CDC.MULTI_BIT.FOR_CROSS_PLEVEL_IN2SCNDRY_bus_d5[28].CROSS2_PLEVEL_IN2SCNDRY_s_level_out_bus_d5) is unused and will be removed from module axi_gpio.
INFO: [Synth 8-3332] Sequential element (gpio_core_1/Dual.INPUT_DOUBLE_REGS4/GENERATE_LEVEL_P_S_CDC.MULTI_BIT.FOR_CROSS_PLEVEL_IN2SCNDRY_bus_d5[29].CROSS2_PLEVEL_IN2SCNDRY_s_level_out_bus_d5) is unused and will be removed from module axi_gpio.
INFO: [Synth 8-3332] Sequential element (gpio_core_1/Dual.INPUT_DOUBLE_REGS4/GENERATE_LEVEL_P_S_CDC.MULTI_BIT.FOR_CROSS_PLEVEL_IN2SCNDRY_bus_d5[30].CROSS2_PLEVEL_IN2SCNDRY_s_level_out_bus_d5) is unused and will be removed from module axi_gpio.
INFO: [Synth 8-3332] Sequential element (gpio_core_1/Dual.INPUT_DOUBLE_REGS4/GENERATE_LEVEL_P_S_CDC.MULTI_BIT.FOR_CROSS_PLEVEL_IN2SCNDRY_bus_d5[31].CROSS2_PLEVEL_IN2SCNDRY_s_level_out_bus_d5) is unused and will be removed from module axi_gpio.
INFO: [Synth 8-3332] Sequential element (gpio_core_1/Dual.INPUT_DOUBLE_REGS4/GENERATE_LEVEL_P_S_CDC.MULTI_BIT.FOR_CROSS_PLEVEL_IN2SCNDRY_bus_d6[0].CROSS2_PLEVEL_IN2SCNDRY_s_level_out_bus_d6) is unused and will be removed from module axi_gpio.
INFO: [Synth 8-3332] Sequential element (gpio_core_1/Dual.INPUT_DOUBLE_REGS4/GENERATE_LEVEL_P_S_CDC.MULTI_BIT.FOR_CROSS_PLEVEL_IN2SCNDRY_bus_d6[1].CROSS2_PLEVEL_IN2SCNDRY_s_level_out_bus_d6) is unused and will be removed from module axi_gpio.
INFO: [Synth 8-3332] Sequential element (gpio_core_1/Dual.INPUT_DOUBLE_REGS4/GENERATE_LEVEL_P_S_CDC.MULTI_BIT.FOR_CROSS_PLEVEL_IN2SCNDRY_bus_d6[2].CROSS2_PLEVEL_IN2SCNDRY_s_level_out_bus_d6) is unused and will be removed from module axi_gpio.
INFO: [Synth 8-3332] Sequential element (gpio_core_1/Dual.INPUT_DOUBLE_REGS4/GENERATE_LEVEL_P_S_CDC.MULTI_BIT.FOR_CROSS_PLEVEL_IN2SCNDRY_bus_d6[3].CROSS2_PLEVEL_IN2SCNDRY_s_level_out_bus_d6) is unused and will be removed from module axi_gpio.
INFO: [Synth 8-3332] Sequential element (gpio_core_1/Dual.INPUT_DOUBLE_REGS4/GENERATE_LEVEL_P_S_CDC.MULTI_BIT.FOR_CROSS_PLEVEL_IN2SCNDRY_bus_d6[4].CROSS2_PLEVEL_IN2SCNDRY_s_level_out_bus_d6) is unused and will be removed from module axi_gpio.
INFO: [Synth 8-3332] Sequential element (gpio_core_1/Dual.INPUT_DOUBLE_REGS4/GENERATE_LEVEL_P_S_CDC.MULTI_BIT.FOR_CROSS_PLEVEL_IN2SCNDRY_bus_d6[5].CROSS2_PLEVEL_IN2SCNDRY_s_level_out_bus_d6) is unused and will be removed from module axi_gpio.
INFO: [Synth 8-3332] Sequential element (gpio_core_1/Dual.INPUT_DOUBLE_REGS4/GENERATE_LEVEL_P_S_CDC.MULTI_BIT.FOR_CROSS_PLEVEL_IN2SCNDRY_bus_d6[6].CROSS2_PLEVEL_IN2SCNDRY_s_level_out_bus_d6) is unused and will be removed from module axi_gpio.
INFO: [Synth 8-3332] Sequential element (gpio_core_1/Dual.INPUT_DOUBLE_REGS4/GENERATE_LEVEL_P_S_CDC.MULTI_BIT.FOR_CROSS_PLEVEL_IN2SCNDRY_bus_d6[7].CROSS2_PLEVEL_IN2SCNDRY_s_level_out_bus_d6) is unused and will be removed from module axi_gpio.
INFO: [Synth 8-3332] Sequential element (gpio_core_1/Dual.INPUT_DOUBLE_REGS4/GENERATE_LEVEL_P_S_CDC.MULTI_BIT.FOR_CROSS_PLEVEL_IN2SCNDRY_bus_d6[8].CROSS2_PLEVEL_IN2SCNDRY_s_level_out_bus_d6) is unused and will be removed from module axi_gpio.
INFO: [Synth 8-3332] Sequential element (gpio_core_1/Dual.INPUT_DOUBLE_REGS4/GENERATE_LEVEL_P_S_CDC.MULTI_BIT.FOR_CROSS_PLEVEL_IN2SCNDRY_bus_d6[9].CROSS2_PLEVEL_IN2SCNDRY_s_level_out_bus_d6) is unused and will be removed from module axi_gpio.
INFO: [Synth 8-3332] Sequential element (gpio_core_1/Dual.INPUT_DOUBLE_REGS4/GENERATE_LEVEL_P_S_CDC.MULTI_BIT.FOR_CROSS_PLEVEL_IN2SCNDRY_bus_d6[10].CROSS2_PLEVEL_IN2SCNDRY_s_level_out_bus_d6) is unused and will be removed from module axi_gpio.
INFO: [Synth 8-3332] Sequential element (gpio_core_1/Dual.INPUT_DOUBLE_REGS4/GENERATE_LEVEL_P_S_CDC.MULTI_BIT.FOR_CROSS_PLEVEL_IN2SCNDRY_bus_d6[11].CROSS2_PLEVEL_IN2SCNDRY_s_level_out_bus_d6) is unused and will be removed from module axi_gpio.
INFO: [Synth 8-3332] Sequential element (gpio_core_1/Dual.INPUT_DOUBLE_REGS4/GENERATE_LEVEL_P_S_CDC.MULTI_BIT.FOR_CROSS_PLEVEL_IN2SCNDRY_bus_d6[12].CROSS2_PLEVEL_IN2SCNDRY_s_level_out_bus_d6) is unused and will be removed from module axi_gpio.
INFO: [Synth 8-3332] Sequential element (gpio_core_1/Dual.INPUT_DOUBLE_REGS4/GENERATE_LEVEL_P_S_CDC.MULTI_BIT.FOR_CROSS_PLEVEL_IN2SCNDRY_bus_d6[13].CROSS2_PLEVEL_IN2SCNDRY_s_level_out_bus_d6) is unused and will be removed from module axi_gpio.
INFO: [Synth 8-3332] Sequential element (gpio_core_1/Dual.INPUT_DOUBLE_REGS4/GENERATE_LEVEL_P_S_CDC.MULTI_BIT.FOR_CROSS_PLEVEL_IN2SCNDRY_bus_d6[14].CROSS2_PLEVEL_IN2SCNDRY_s_level_out_bus_d6) is unused and will be removed from module axi_gpio.
INFO: [Synth 8-3332] Sequential element (gpio_core_1/Dual.INPUT_DOUBLE_REGS4/GENERATE_LEVEL_P_S_CDC.MULTI_BIT.FOR_CROSS_PLEVEL_IN2SCNDRY_bus_d6[15].CROSS2_PLEVEL_IN2SCNDRY_s_level_out_bus_d6) is unused and will be removed from module axi_gpio.
INFO: [Synth 8-3332] Sequential element (gpio_core_1/Dual.INPUT_DOUBLE_REGS4/GENERATE_LEVEL_P_S_CDC.MULTI_BIT.FOR_CROSS_PLEVEL_IN2SCNDRY_bus_d6[16].CROSS2_PLEVEL_IN2SCNDRY_s_level_out_bus_d6) is unused and will be removed from module axi_gpio.
INFO: [Synth 8-3332] Sequential element (gpio_core_1/Dual.INPUT_DOUBLE_REGS4/GENERATE_LEVEL_P_S_CDC.MULTI_BIT.FOR_CROSS_PLEVEL_IN2SCNDRY_bus_d6[17].CROSS2_PLEVEL_IN2SCNDRY_s_level_out_bus_d6) is unused and will be removed from module axi_gpio.
INFO: [Synth 8-3332] Sequential element (gpio_core_1/Dual.INPUT_DOUBLE_REGS4/GENERATE_LEVEL_P_S_CDC.MULTI_BIT.FOR_CROSS_PLEVEL_IN2SCNDRY_bus_d6[18].CROSS2_PLEVEL_IN2SCNDRY_s_level_out_bus_d6) is unused and will be removed from module axi_gpio.
INFO: [Synth 8-3332] Sequential element (gpio_core_1/Dual.INPUT_DOUBLE_REGS4/GENERATE_LEVEL_P_S_CDC.MULTI_BIT.FOR_CROSS_PLEVEL_IN2SCNDRY_bus_d6[19].CROSS2_PLEVEL_IN2SCNDRY_s_level_out_bus_d6) is unused and will be removed from module axi_gpio.
INFO: [Synth 8-3332] Sequential element (gpio_core_1/Dual.INPUT_DOUBLE_REGS4/GENERATE_LEVEL_P_S_CDC.MULTI_BIT.FOR_CROSS_PLEVEL_IN2SCNDRY_bus_d6[20].CROSS2_PLEVEL_IN2SCNDRY_s_level_out_bus_d6) is unused and will be removed from module axi_gpio.
INFO: [Synth 8-3332] Sequential element (gpio_core_1/Dual.INPUT_DOUBLE_REGS4/GENERATE_LEVEL_P_S_CDC.MULTI_BIT.FOR_CROSS_PLEVEL_IN2SCNDRY_bus_d6[21].CROSS2_PLEVEL_IN2SCNDRY_s_level_out_bus_d6) is unused and will be removed from module axi_gpio.
INFO: [Synth 8-3332] Sequential element (gpio_core_1/Dual.INPUT_DOUBLE_REGS4/GENERATE_LEVEL_P_S_CDC.MULTI_BIT.FOR_CROSS_PLEVEL_IN2SCNDRY_bus_d6[22].CROSS2_PLEVEL_IN2SCNDRY_s_level_out_bus_d6) is unused and will be removed from module axi_gpio.
INFO: [Synth 8-3332] Sequential element (gpio_core_1/Dual.INPUT_DOUBLE_REGS4/GENERATE_LEVEL_P_S_CDC.MULTI_BIT.FOR_CROSS_PLEVEL_IN2SCNDRY_bus_d6[23].CROSS2_PLEVEL_IN2SCNDRY_s_level_out_bus_d6) is unused and will be removed from module axi_gpio.
INFO: [Synth 8-3332] Sequential element (gpio_core_1/Dual.INPUT_DOUBLE_REGS4/GENERATE_LEVEL_P_S_CDC.MULTI_BIT.FOR_CROSS_PLEVEL_IN2SCNDRY_bus_d6[24].CROSS2_PLEVEL_IN2SCNDRY_s_level_out_bus_d6) is unused and will be removed from module axi_gpio.
INFO: [Synth 8-3332] Sequential element (gpio_core_1/Dual.INPUT_DOUBLE_REGS4/GENERATE_LEVEL_P_S_CDC.MULTI_BIT.FOR_CROSS_PLEVEL_IN2SCNDRY_bus_d6[25].CROSS2_PLEVEL_IN2SCNDRY_s_level_out_bus_d6) is unused and will be removed from module axi_gpio.
INFO: [Synth 8-3332] Sequential element (gpio_core_1/Dual.INPUT_DOUBLE_REGS4/GENERATE_LEVEL_P_S_CDC.MULTI_BIT.FOR_CROSS_PLEVEL_IN2SCNDRY_bus_d6[26].CROSS2_PLEVEL_IN2SCNDRY_s_level_out_bus_d6) is unused and will be removed from module axi_gpio.
INFO: [Synth 8-3332] Sequential element (gpio_core_1/Dual.INPUT_DOUBLE_REGS4/GENERATE_LEVEL_P_S_CDC.MULTI_BIT.FOR_CROSS_PLEVEL_IN2SCNDRY_bus_d6[27].CROSS2_PLEVEL_IN2SCNDRY_s_level_out_bus_d6) is unused and will be removed from module axi_gpio.
INFO: [Synth 8-3332] Sequential element (gpio_core_1/Dual.INPUT_DOUBLE_REGS4/GENERATE_LEVEL_P_S_CDC.MULTI_BIT.FOR_CROSS_PLEVEL_IN2SCNDRY_bus_d6[28].CROSS2_PLEVEL_IN2SCNDRY_s_level_out_bus_d6) is unused and will be removed from module axi_gpio.
INFO: [Synth 8-3332] Sequential element (gpio_core_1/Dual.INPUT_DOUBLE_REGS4/GENERATE_LEVEL_P_S_CDC.MULTI_BIT.FOR_CROSS_PLEVEL_IN2SCNDRY_bus_d6[29].CROSS2_PLEVEL_IN2SCNDRY_s_level_out_bus_d6) is unused and will be removed from module axi_gpio.
INFO: [Synth 8-3332] Sequential element (gpio_core_1/Dual.INPUT_DOUBLE_REGS4/GENERATE_LEVEL_P_S_CDC.MULTI_BIT.FOR_CROSS_PLEVEL_IN2SCNDRY_bus_d6[30].CROSS2_PLEVEL_IN2SCNDRY_s_level_out_bus_d6) is unused and will be removed from module axi_gpio.
INFO: [Synth 8-3332] Sequential element (gpio_core_1/Dual.INPUT_DOUBLE_REGS4/GENERATE_LEVEL_P_S_CDC.MULTI_BIT.FOR_CROSS_PLEVEL_IN2SCNDRY_bus_d6[31].CROSS2_PLEVEL_IN2SCNDRY_s_level_out_bus_d6) is unused and will be removed from module axi_gpio.
INFO: [Synth 8-3332] Sequential element (gpio_core_1/Dual.INPUT_DOUBLE_REGS5/GENERATE_LEVEL_P_S_CDC.MULTI_BIT.FOR_CROSS_PLEVEL_IN2SCNDRY_bus_d5[0].CROSS2_PLEVEL_IN2SCNDRY_s_level_out_bus_d5) is unused and will be removed from module axi_gpio.
INFO: [Synth 8-3332] Sequential element (gpio_core_1/Dual.INPUT_DOUBLE_REGS5/GENERATE_LEVEL_P_S_CDC.MULTI_BIT.FOR_CROSS_PLEVEL_IN2SCNDRY_bus_d5[1].CROSS2_PLEVEL_IN2SCNDRY_s_level_out_bus_d5) is unused and will be removed from module axi_gpio.
INFO: [Synth 8-3332] Sequential element (gpio_core_1/Dual.INPUT_DOUBLE_REGS5/GENERATE_LEVEL_P_S_CDC.MULTI_BIT.FOR_CROSS_PLEVEL_IN2SCNDRY_bus_d5[2].CROSS2_PLEVEL_IN2SCNDRY_s_level_out_bus_d5) is unused and will be removed from module axi_gpio.
INFO: [Synth 8-3332] Sequential element (gpio_core_1/Dual.INPUT_DOUBLE_REGS5/GENERATE_LEVEL_P_S_CDC.MULTI_BIT.FOR_CROSS_PLEVEL_IN2SCNDRY_bus_d5[3].CROSS2_PLEVEL_IN2SCNDRY_s_level_out_bus_d5) is unused and will be removed from module axi_gpio.
INFO: [Synth 8-3332] Sequential element (gpio_core_1/Dual.INPUT_DOUBLE_REGS5/GENERATE_LEVEL_P_S_CDC.MULTI_BIT.FOR_CROSS_PLEVEL_IN2SCNDRY_bus_d5[4].CROSS2_PLEVEL_IN2SCNDRY_s_level_out_bus_d5) is unused and will be removed from module axi_gpio.
INFO: [Synth 8-3332] Sequential element (gpio_core_1/Dual.INPUT_DOUBLE_REGS5/GENERATE_LEVEL_P_S_CDC.MULTI_BIT.FOR_CROSS_PLEVEL_IN2SCNDRY_bus_d5[5].CROSS2_PLEVEL_IN2SCNDRY_s_level_out_bus_d5) is unused and will be removed from module axi_gpio.
INFO: [Synth 8-3332] Sequential element (gpio_core_1/Dual.INPUT_DOUBLE_REGS5/GENERATE_LEVEL_P_S_CDC.MULTI_BIT.FOR_CROSS_PLEVEL_IN2SCNDRY_bus_d5[6].CROSS2_PLEVEL_IN2SCNDRY_s_level_out_bus_d5) is unused and will be removed from module axi_gpio.
INFO: [Synth 8-3332] Sequential element (gpio_core_1/Dual.INPUT_DOUBLE_REGS5/GENERATE_LEVEL_P_S_CDC.MULTI_BIT.FOR_CROSS_PLEVEL_IN2SCNDRY_bus_d5[7].CROSS2_PLEVEL_IN2SCNDRY_s_level_out_bus_d5) is unused and will be removed from module axi_gpio.
INFO: [Synth 8-3332] Sequential element (gpio_core_1/Dual.INPUT_DOUBLE_REGS5/GENERATE_LEVEL_P_S_CDC.MULTI_BIT.FOR_CROSS_PLEVEL_IN2SCNDRY_bus_d5[8].CROSS2_PLEVEL_IN2SCNDRY_s_level_out_bus_d5) is unused and will be removed from module axi_gpio.
INFO: [Synth 8-3332] Sequential element (gpio_core_1/Dual.INPUT_DOUBLE_REGS5/GENERATE_LEVEL_P_S_CDC.MULTI_BIT.FOR_CROSS_PLEVEL_IN2SCNDRY_bus_d5[9].CROSS2_PLEVEL_IN2SCNDRY_s_level_out_bus_d5) is unused and will be removed from module axi_gpio.
INFO: [Synth 8-3332] Sequential element (gpio_core_1/Dual.INPUT_DOUBLE_REGS5/GENERATE_LEVEL_P_S_CDC.MULTI_BIT.FOR_CROSS_PLEVEL_IN2SCNDRY_bus_d5[10].CROSS2_PLEVEL_IN2SCNDRY_s_level_out_bus_d5) is unused and will be removed from module axi_gpio.
INFO: [Synth 8-3332] Sequential element (gpio_core_1/Dual.INPUT_DOUBLE_REGS5/GENERATE_LEVEL_P_S_CDC.MULTI_BIT.FOR_CROSS_PLEVEL_IN2SCNDRY_bus_d5[11].CROSS2_PLEVEL_IN2SCNDRY_s_level_out_bus_d5) is unused and will be removed from module axi_gpio.
INFO: [Synth 8-3332] Sequential element (gpio_core_1/Dual.INPUT_DOUBLE_REGS5/GENERATE_LEVEL_P_S_CDC.MULTI_BIT.FOR_CROSS_PLEVEL_IN2SCNDRY_bus_d5[12].CROSS2_PLEVEL_IN2SCNDRY_s_level_out_bus_d5) is unused and will be removed from module axi_gpio.
INFO: [Synth 8-3332] Sequential element (gpio_core_1/Dual.INPUT_DOUBLE_REGS5/GENERATE_LEVEL_P_S_CDC.MULTI_BIT.FOR_CROSS_PLEVEL_IN2SCNDRY_bus_d5[13].CROSS2_PLEVEL_IN2SCNDRY_s_level_out_bus_d5) is unused and will be removed from module axi_gpio.
INFO: [Synth 8-3332] Sequential element (gpio_core_1/Dual.INPUT_DOUBLE_REGS5/GENERATE_LEVEL_P_S_CDC.MULTI_BIT.FOR_CROSS_PLEVEL_IN2SCNDRY_bus_d5[14].CROSS2_PLEVEL_IN2SCNDRY_s_level_out_bus_d5) is unused and will be removed from module axi_gpio.
INFO: [Synth 8-3332] Sequential element (gpio_core_1/Dual.INPUT_DOUBLE_REGS5/GENERATE_LEVEL_P_S_CDC.MULTI_BIT.FOR_CROSS_PLEVEL_IN2SCNDRY_bus_d5[15].CROSS2_PLEVEL_IN2SCNDRY_s_level_out_bus_d5) is unused and will be removed from module axi_gpio.
INFO: [Synth 8-3332] Sequential element (gpio_core_1/Dual.INPUT_DOUBLE_REGS5/GENERATE_LEVEL_P_S_CDC.MULTI_BIT.FOR_CROSS_PLEVEL_IN2SCNDRY_bus_d5[16].CROSS2_PLEVEL_IN2SCNDRY_s_level_out_bus_d5) is unused and will be removed from module axi_gpio.
INFO: [Synth 8-3332] Sequential element (gpio_core_1/Dual.INPUT_DOUBLE_REGS5/GENERATE_LEVEL_P_S_CDC.MULTI_BIT.FOR_CROSS_PLEVEL_IN2SCNDRY_bus_d5[17].CROSS2_PLEVEL_IN2SCNDRY_s_level_out_bus_d5) is unused and will be removed from module axi_gpio.
INFO: [Synth 8-3332] Sequential element (gpio_core_1/Dual.INPUT_DOUBLE_REGS5/GENERATE_LEVEL_P_S_CDC.MULTI_BIT.FOR_CROSS_PLEVEL_IN2SCNDRY_bus_d5[18].CROSS2_PLEVEL_IN2SCNDRY_s_level_out_bus_d5) is unused and will be removed from module axi_gpio.
INFO: [Synth 8-3332] Sequential element (gpio_core_1/Dual.INPUT_DOUBLE_REGS5/GENERATE_LEVEL_P_S_CDC.MULTI_BIT.FOR_CROSS_PLEVEL_IN2SCNDRY_bus_d5[19].CROSS2_PLEVEL_IN2SCNDRY_s_level_out_bus_d5) is unused and will be removed from module axi_gpio.
INFO: [Synth 8-3332] Sequential element (gpio_core_1/Dual.INPUT_DOUBLE_REGS5/GENERATE_LEVEL_P_S_CDC.MULTI_BIT.FOR_CROSS_PLEVEL_IN2SCNDRY_bus_d5[20].CROSS2_PLEVEL_IN2SCNDRY_s_level_out_bus_d5) is unused and will be removed from module axi_gpio.
INFO: [Synth 8-3332] Sequential element (gpio_core_1/Dual.INPUT_DOUBLE_REGS5/GENERATE_LEVEL_P_S_CDC.MULTI_BIT.FOR_CROSS_PLEVEL_IN2SCNDRY_bus_d5[21].CROSS2_PLEVEL_IN2SCNDRY_s_level_out_bus_d5) is unused and will be removed from module axi_gpio.
INFO: [Synth 8-3332] Sequential element (gpio_core_1/Dual.INPUT_DOUBLE_REGS5/GENERATE_LEVEL_P_S_CDC.MULTI_BIT.FOR_CROSS_PLEVEL_IN2SCNDRY_bus_d5[22].CROSS2_PLEVEL_IN2SCNDRY_s_level_out_bus_d5) is unused and will be removed from module axi_gpio.
INFO: [Synth 8-3332] Sequential element (gpio_core_1/Dual.INPUT_DOUBLE_REGS5/GENERATE_LEVEL_P_S_CDC.MULTI_BIT.FOR_CROSS_PLEVEL_IN2SCNDRY_bus_d5[23].CROSS2_PLEVEL_IN2SCNDRY_s_level_out_bus_d5) is unused and will be removed from module axi_gpio.
INFO: [Synth 8-3332] Sequential element (gpio_core_1/Dual.INPUT_DOUBLE_REGS5/GENERATE_LEVEL_P_S_CDC.MULTI_BIT.FOR_CROSS_PLEVEL_IN2SCNDRY_bus_d5[24].CROSS2_PLEVEL_IN2SCNDRY_s_level_out_bus_d5) is unused and will be removed from module axi_gpio.
INFO: [Synth 8-3332] Sequential element (gpio_core_1/Dual.INPUT_DOUBLE_REGS5/GENERATE_LEVEL_P_S_CDC.MULTI_BIT.FOR_CROSS_PLEVEL_IN2SCNDRY_bus_d5[25].CROSS2_PLEVEL_IN2SCNDRY_s_level_out_bus_d5) is unused and will be removed from module axi_gpio.
INFO: [Synth 8-3332] Sequential element (gpio_core_1/Dual.INPUT_DOUBLE_REGS5/GENERATE_LEVEL_P_S_CDC.MULTI_BIT.FOR_CROSS_PLEVEL_IN2SCNDRY_bus_d5[26].CROSS2_PLEVEL_IN2SCNDRY_s_level_out_bus_d5) is unused and will be removed from module axi_gpio.
INFO: [Synth 8-3332] Sequential element (gpio_core_1/Dual.INPUT_DOUBLE_REGS5/GENERATE_LEVEL_P_S_CDC.MULTI_BIT.FOR_CROSS_PLEVEL_IN2SCNDRY_bus_d5[27].CROSS2_PLEVEL_IN2SCNDRY_s_level_out_bus_d5) is unused and will be removed from module axi_gpio.
INFO: [Synth 8-3332] Sequential element (gpio_core_1/Dual.INPUT_DOUBLE_REGS5/GENERATE_LEVEL_P_S_CDC.MULTI_BIT.FOR_CROSS_PLEVEL_IN2SCNDRY_bus_d5[28].CROSS2_PLEVEL_IN2SCNDRY_s_level_out_bus_d5) is unused and will be removed from module axi_gpio.
INFO: [Synth 8-3332] Sequential element (gpio_core_1/Dual.INPUT_DOUBLE_REGS5/GENERATE_LEVEL_P_S_CDC.MULTI_BIT.FOR_CROSS_PLEVEL_IN2SCNDRY_bus_d5[29].CROSS2_PLEVEL_IN2SCNDRY_s_level_out_bus_d5) is unused and will be removed from module axi_gpio.
INFO: [Synth 8-3332] Sequential element (gpio_core_1/Dual.INPUT_DOUBLE_REGS5/GENERATE_LEVEL_P_S_CDC.MULTI_BIT.FOR_CROSS_PLEVEL_IN2SCNDRY_bus_d5[30].CROSS2_PLEVEL_IN2SCNDRY_s_level_out_bus_d5) is unused and will be removed from module axi_gpio.
INFO: [Synth 8-3332] Sequential element (gpio_core_1/Dual.INPUT_DOUBLE_REGS5/GENERATE_LEVEL_P_S_CDC.MULTI_BIT.FOR_CROSS_PLEVEL_IN2SCNDRY_bus_d5[31].CROSS2_PLEVEL_IN2SCNDRY_s_level_out_bus_d5) is unused and will be removed from module axi_gpio.
INFO: [Synth 8-3332] Sequential element (gpio_core_1/Dual.INPUT_DOUBLE_REGS5/GENERATE_LEVEL_P_S_CDC.MULTI_BIT.FOR_CROSS_PLEVEL_IN2SCNDRY_bus_d6[0].CROSS2_PLEVEL_IN2SCNDRY_s_level_out_bus_d6) is unused and will be removed from module axi_gpio.
INFO: [Synth 8-3332] Sequential element (gpio_core_1/Dual.INPUT_DOUBLE_REGS5/GENERATE_LEVEL_P_S_CDC.MULTI_BIT.FOR_CROSS_PLEVEL_IN2SCNDRY_bus_d6[1].CROSS2_PLEVEL_IN2SCNDRY_s_level_out_bus_d6) is unused and will be removed from module axi_gpio.
INFO: [Synth 8-3332] Sequential element (gpio_core_1/Dual.INPUT_DOUBLE_REGS5/GENERATE_LEVEL_P_S_CDC.MULTI_BIT.FOR_CROSS_PLEVEL_IN2SCNDRY_bus_d6[2].CROSS2_PLEVEL_IN2SCNDRY_s_level_out_bus_d6) is unused and will be removed from module axi_gpio.
INFO: [Synth 8-3332] Sequential element (gpio_core_1/Dual.INPUT_DOUBLE_REGS5/GENERATE_LEVEL_P_S_CDC.MULTI_BIT.FOR_CROSS_PLEVEL_IN2SCNDRY_bus_d6[3].CROSS2_PLEVEL_IN2SCNDRY_s_level_out_bus_d6) is unused and will be removed from module axi_gpio.
INFO: [Common 17-14] Message 'Synth 8-3332' appears 100 times and further instances of the messages will be disabled. Use the Tcl command set_msg_config to change the current settings.
---------------------------------------------------------------------------------
Finished Cross Boundary and Area Optimization : Time (s): cpu = 00:00:16 ; elapsed = 00:00:16 . Memory (MB): peak = 2824.820 ; gain = 513.594 ; free physical = 14645 ; free virtual = 28110
---------------------------------------------------------------------------------
---------------------------------------------------------------------------------
Start Applying XDC Timing Constraints
---------------------------------------------------------------------------------
---------------------------------------------------------------------------------
Finished Applying XDC Timing Constraints : Time (s): cpu = 00:00:23 ; elapsed = 00:00:23 . Memory (MB): peak = 3241.754 ; gain = 930.527 ; free physical = 14221 ; free virtual = 27687
---------------------------------------------------------------------------------
---------------------------------------------------------------------------------
Start Timing Optimization
---------------------------------------------------------------------------------
---------------------------------------------------------------------------------
Finished Timing Optimization : Time (s): cpu = 00:00:23 ; elapsed = 00:00:23 . Memory (MB): peak = 3271.801 ; gain = 960.574 ; free physical = 14195 ; free virtual = 27660
---------------------------------------------------------------------------------
---------------------------------------------------------------------------------
Start Technology Mapping
---------------------------------------------------------------------------------
---------------------------------------------------------------------------------
Finished Technology Mapping : Time (s): cpu = 00:00:23 ; elapsed = 00:00:23 . Memory (MB): peak = 3271.801 ; gain = 960.574 ; free physical = 14193 ; free virtual = 27659
---------------------------------------------------------------------------------
---------------------------------------------------------------------------------
Start IO Insertion
---------------------------------------------------------------------------------
---------------------------------------------------------------------------------
Start Flattening Before IO Insertion
---------------------------------------------------------------------------------
---------------------------------------------------------------------------------
Finished Flattening Before IO Insertion
---------------------------------------------------------------------------------
---------------------------------------------------------------------------------
Start Final Netlist Cleanup
---------------------------------------------------------------------------------
---------------------------------------------------------------------------------
Finished Final Netlist Cleanup
---------------------------------------------------------------------------------
---------------------------------------------------------------------------------
Finished IO Insertion : Time (s): cpu = 00:00:26 ; elapsed = 00:00:27 . Memory (MB): peak = 3271.801 ; gain = 960.574 ; free physical = 14177 ; free virtual = 27642
---------------------------------------------------------------------------------
---------------------------------------------------------------------------------
Start Renaming Generated Instances
---------------------------------------------------------------------------------
---------------------------------------------------------------------------------
Finished Renaming Generated Instances : Time (s): cpu = 00:00:26 ; elapsed = 00:00:27 . Memory (MB): peak = 3271.801 ; gain = 960.574 ; free physical = 14176 ; free virtual = 27642
---------------------------------------------------------------------------------
---------------------------------------------------------------------------------
Start Rebuilding User Hierarchy
---------------------------------------------------------------------------------
---------------------------------------------------------------------------------
Finished Rebuilding User Hierarchy : Time (s): cpu = 00:00:26 ; elapsed = 00:00:27 . Memory (MB): peak = 3271.801 ; gain = 960.574 ; free physical = 14159 ; free virtual = 27625
---------------------------------------------------------------------------------
---------------------------------------------------------------------------------
Start Renaming Generated Ports
---------------------------------------------------------------------------------
---------------------------------------------------------------------------------
Finished Renaming Generated Ports : Time (s): cpu = 00:00:26 ; elapsed = 00:00:27 . Memory (MB): peak = 3271.801 ; gain = 960.574 ; free physical = 14170 ; free virtual = 27635
---------------------------------------------------------------------------------
---------------------------------------------------------------------------------
Start Handling Custom Attributes
---------------------------------------------------------------------------------
---------------------------------------------------------------------------------
Finished Handling Custom Attributes : Time (s): cpu = 00:00:26 ; elapsed = 00:00:27 . Memory (MB): peak = 3271.801 ; gain = 960.574 ; free physical = 14159 ; free virtual = 27625
---------------------------------------------------------------------------------
---------------------------------------------------------------------------------
Start Renaming Generated Nets
---------------------------------------------------------------------------------
---------------------------------------------------------------------------------
Finished Renaming Generated Nets : Time (s): cpu = 00:00:26 ; elapsed = 00:00:27 . Memory (MB): peak = 3271.801 ; gain = 960.574 ; free physical = 14158 ; free virtual = 27623
---------------------------------------------------------------------------------
---------------------------------------------------------------------------------
Start Writing Synthesis Report
---------------------------------------------------------------------------------

Report BlackBoxes: 
+-+--------------+----------+
| |BlackBox name |Instances |
+-+--------------+----------+
+-+--------------+----------+

Report Cell Usage: 
+------+-----+------+
|      |Cell |Count |
+------+-----+------+
|1     |LUT1 |     2|
|2     |LUT2 |    13|
|3     |LUT3 |     7|
|4     |LUT4 |     7|
|5     |LUT5 |   107|
|6     |LUT6 |   103|
|7     |FDR  |   256|
|8     |FDRE |   349|
|9     |FDSE |    65|
+------+-----+------+
---------------------------------------------------------------------------------
Finished Writing Synthesis Report : Time (s): cpu = 00:00:26 ; elapsed = 00:00:27 . Memory (MB): peak = 3271.801 ; gain = 960.574 ; free physical = 14157 ; free virtual = 27622
---------------------------------------------------------------------------------
Synthesis finished with 0 errors, 0 critical warnings and 5 warnings.
Synthesis Optimization Runtime : Time (s): cpu = 00:00:21 ; elapsed = 00:00:22 . Memory (MB): peak = 3271.801 ; gain = 824.727 ; free physical = 14173 ; free virtual = 27638
Synthesis Optimization Complete : Time (s): cpu = 00:00:26 ; elapsed = 00:00:27 . Memory (MB): peak = 3271.809 ; gain = 960.574 ; free physical = 14173 ; free virtual = 27638
INFO: [Project 1-571] Translating synthesized netlist
Netlist sorting complete. Time (s): cpu = 00:00:00.01 ; elapsed = 00:00:00.01 . Memory (MB): peak = 3271.809 ; gain = 0.000 ; free physical = 14187 ; free virtual = 27653
INFO: [Netlist 29-17] Analyzing 256 Unisim elements for replacement
INFO: [Netlist 29-28] Unisim Transformation completed in 0 CPU seconds
INFO: [Project 1-570] Preparing netlist for logic optimization
INFO: [Opt 31-138] Pushed 0 inverter(s) to 0 load pin(s).
Netlist sorting complete. Time (s): cpu = 00:00:00 ; elapsed = 00:00:00 . Memory (MB): peak = 3334.504 ; gain = 0.000 ; free physical = 14465 ; free virtual = 27930
INFO: [Project 1-111] Unisim Transformation Summary:
  A total of 256 instances were transformed.
  FDR => FDRE: 256 instances

Synth Design complete | Checksum: f6cff65c
INFO: [Common 17-83] Releasing license: Synthesis
248 Infos, 95 Warnings, 0 Critical Warnings and 0 Errors encountered.
synth_design completed successfully
synth_design: Time (s): cpu = 00:00:33 ; elapsed = 00:00:31 . Memory (MB): peak = 3334.539 ; gain = 1949.406 ; free physical = 14464 ; free virtual = 27930
INFO: [Common 17-2834] synth_design peak Physical Memory [PSS] (MB): overall = 2561.003; main = 2561.003; forked = 383.178
INFO: [Common 17-2834] synth_design peak Virtual Memory [VSS] (MB): overall = 3866.270; main = 3334.508; forked = 981.441
Write ShapeDB Complete: Time (s): cpu = 00:00:00 ; elapsed = 00:00:00 . Memory (MB): peak = 3358.516 ; gain = 0.000 ; free physical = 14464 ; free virtual = 27930
INFO: [Common 17-1381] The checkpoint '/home/jgaitan/Documents/proyecto_1_borrador/project_1/project_1.runs/design_1_axi_gpio_0_0_synth_1/design_1_axi_gpio_0_0.dcp' has been generated.
INFO: [Coretcl 2-1648] Added synthesis output to IP cache for IP design_1_axi_gpio_0_0, cache-ID = 26f543e8c52a18bd
INFO: [Coretcl 2-1174] Renamed 7 cell refs.
Write ShapeDB Complete: Time (s): cpu = 00:00:00 ; elapsed = 00:00:00 . Memory (MB): peak = 3358.516 ; gain = 0.000 ; free physical = 14460 ; free virtual = 27927
INFO: [Common 17-1381] The checkpoint '/home/jgaitan/Documents/proyecto_1_borrador/project_1/project_1.runs/design_1_axi_gpio_0_0_synth_1/design_1_axi_gpio_0_0.dcp' has been generated.
INFO: [runtcl-4] Executing : report_utilization -file design_1_axi_gpio_0_0_utilization_synth.rpt -pb design_1_axi_gpio_0_0_utilization_synth.pb
INFO: [Common 17-206] Exiting Vivado at Wed Feb 11 03:13:37 2026...
