Copyright 1986-2022 Xilinx, Inc. All Rights Reserved. Copyright 2022-2023 Advanced Micro Devices, Inc. All Rights Reserved.
--------------------------------------------------------------------------------------------------------------------------------------------------------------------------------------------------------------------------------------------------
| Tool Version      : Vivado v.2023.2 (lin64) Build 4029153 Fri Oct 13 20:13:54 MDT 2023
| Date              : Tue Feb 10 12:58:27 2026
| Host              : fabian-desktop running 64-bit Ubuntu 22.04.5 LTS
| Command           : report_timing_summary -max_paths 10 -report_unconstrained -file design_1_wrapper_timing_summary_routed.rpt -pb design_1_wrapper_timing_summary_routed.pb -rpx design_1_wrapper_timing_summary_routed.rpx -warn_on_violation
| Design            : design_1_wrapper
| Device            : xck26-sfvc784
| Speed File        : -2LV  PRODUCTION 1.30 05-15-2022
| Design State      : Routed
| Temperature Grade : C
--------------------------------------------------------------------------------------------------------------------------------------------------------------------------------------------------------------------------------------------------

Timing Summary Report

------------------------------------------------------------------------------------------------
| Timer Settings
| --------------
------------------------------------------------------------------------------------------------

  Enable Multi Corner Analysis               :  Yes
  Enable Pessimism Removal                   :  Yes
  Pessimism Removal Resolution               :  Nearest Common Node
  Enable Input Delay Default Clock           :  No
  Enable Preset / Clear Arcs                 :  No
  Disable Flight Delays                      :  No
  Ignore I/O Paths                           :  No
  Timing Early Launch at Borrowing Latches   :  No
  Borrow Time for Max Delay Exceptions       :  Yes
  Merge Timing Exceptions                    :  Yes
  Inter-SLR Compensation                     :  Conservative

  Corner  Analyze    Analyze    
  Name    Max Paths  Min Paths  
  ------  ---------  ---------  
  Slow    Yes        Yes        
  Fast    Yes        Yes        


------------------------------------------------------------------------------------------------
| Report Methodology
| ------------------
------------------------------------------------------------------------------------------------

Rule       Severity  Description                   Violations  
---------  --------  ----------------------------  ----------  
LUTAR-1    Warning   LUT drives async reset alert  6           
TIMING-16  Warning   Large setup violation         4           

Note: This report is based on the most recent report_methodology run and may not be up-to-date. Run report_methodology on the current design for the latest report.



check_timing report

Table of Contents
-----------------
1. checking no_clock (0)
2. checking constant_clock (0)
3. checking pulse_width_clock (0)
4. checking unconstrained_internal_endpoints (0)
5. checking no_input_delay (0)
6. checking no_output_delay (0)
7. checking multiple_clock (0)
8. checking generated_clocks (0)
9. checking loops (0)
10. checking partial_input_delay (0)
11. checking partial_output_delay (0)
12. checking latch_loops (0)

1. checking no_clock (0)
------------------------
 There are 0 register/latch pins with no clock.


2. checking constant_clock (0)
------------------------------
 There are 0 register/latch pins with constant_clock.


3. checking pulse_width_clock (0)
---------------------------------
 There are 0 register/latch pins which need pulse_width check


4. checking unconstrained_internal_endpoints (0)
------------------------------------------------
 There are 0 pins that are not constrained for maximum delay.

 There are 0 pins that are not constrained for maximum delay due to constant clock.


5. checking no_input_delay (0)
------------------------------
 There are 0 input ports with no input delay specified.

 There are 0 input ports with no input delay but user has a false path constraint.


6. checking no_output_delay (0)
-------------------------------
 There are 0 ports with no output delay specified.

 There are 0 ports with no output delay but user has a false path constraint

 There are 0 ports with no output delay but with a timing clock defined on it or propagating through it


7. checking multiple_clock (0)
------------------------------
 There are 0 register/latch pins with multiple clocks.


8. checking generated_clocks (0)
--------------------------------
 There are 0 generated clocks that are not connected to a clock source.


9. checking loops (0)
---------------------
 There are 0 combinational loops in the design.


10. checking partial_input_delay (0)
------------------------------------
 There are 0 input ports with partial input delay specified.


11. checking partial_output_delay (0)
-------------------------------------
 There are 0 ports with partial output delay specified.


12. checking latch_loops (0)
----------------------------
 There are 0 combinational latch loops in the design through latch input



------------------------------------------------------------------------------------------------
| Design Timing Summary
| ---------------------
------------------------------------------------------------------------------------------------

    WNS(ns)      TNS(ns)  TNS Failing Endpoints  TNS Total Endpoints      WHS(ns)      THS(ns)  THS Failing Endpoints  THS Total Endpoints     WPWS(ns)     TPWS(ns)  TPWS Failing Endpoints  TPWS Total Endpoints  
    -------      -------  ---------------------  -------------------      -------      -------  ---------------------  -------------------     --------     --------  ----------------------  --------------------  
     -1.060      -56.609                    149                30798        0.008        0.000                      0                30798        0.166        0.000                       0                 23506  


Timing constraints are not met.


------------------------------------------------------------------------------------------------
| Clock Summary
| -------------
------------------------------------------------------------------------------------------------

Clock     Waveform(ns)         Period(ns)      Frequency(MHz)
-----     ------------         ----------      --------------
clk_pl_0  {0.000 1.666}        3.333           300.030         
clk_pl_1  {0.000 1.666}        3.333           300.030         


------------------------------------------------------------------------------------------------
| Intra Clock Table
| -----------------
------------------------------------------------------------------------------------------------

Clock             WNS(ns)      TNS(ns)  TNS Failing Endpoints  TNS Total Endpoints      WHS(ns)      THS(ns)  THS Failing Endpoints  THS Total Endpoints     WPWS(ns)     TPWS(ns)  TPWS Failing Endpoints  TPWS Total Endpoints  
-----             -------      -------  ---------------------  -------------------      -------      -------  ---------------------  -------------------     --------     --------  ----------------------  --------------------  
clk_pl_0           -1.060      -56.609                    149                30606        0.008        0.000                      0                30606        0.166        0.000                       0                 23506  


------------------------------------------------------------------------------------------------
| Inter Clock Table
| -----------------
------------------------------------------------------------------------------------------------

From Clock    To Clock          WNS(ns)      TNS(ns)  TNS Failing Endpoints  TNS Total Endpoints      WHS(ns)      THS(ns)  THS Failing Endpoints  THS Total Endpoints  
----------    --------          -------      -------  ---------------------  -------------------      -------      -------  ---------------------  -------------------  


------------------------------------------------------------------------------------------------
| Other Path Groups Table
| -----------------------
------------------------------------------------------------------------------------------------

Path Group         From Clock         To Clock               WNS(ns)      TNS(ns)  TNS Failing Endpoints  TNS Total Endpoints      WHS(ns)      THS(ns)  THS Failing Endpoints  THS Total Endpoints  
----------         ----------         --------               -------      -------  ---------------------  -------------------      -------      -------  ---------------------  -------------------  
**async_default**  clk_pl_0           clk_pl_0                 1.493        0.000                      0                  192        0.240        0.000                      0                  192  


------------------------------------------------------------------------------------------------
| User Ignored Path Table
| -----------------------
------------------------------------------------------------------------------------------------

Path Group    From Clock    To Clock    
----------    ----------    --------    
(none)                      clk_pl_0      
(none)        clk_pl_0      clk_pl_0      


------------------------------------------------------------------------------------------------
| Unconstrained Path Table
| ------------------------
------------------------------------------------------------------------------------------------

Path Group    From Clock    To Clock    
----------    ----------    --------    


------------------------------------------------------------------------------------------------
| Timing Details
| --------------
------------------------------------------------------------------------------------------------


---------------------------------------------------------------------------------------------------
From Clock:  clk_pl_0
  To Clock:  clk_pl_0

Setup :          149  Failing Endpoints,  Worst Slack       -1.060ns,  Total Violation      -56.609ns
Hold  :            0  Failing Endpoints,  Worst Slack        0.008ns,  Total Violation        0.000ns
PW    :            0  Failing Endpoints,  Worst Slack        0.166ns,  Total Violation        0.000ns
---------------------------------------------------------------------------------------------------


Max Delay Paths
--------------------------------------------------------------------------------------
Slack (VIOLATED) :        -1.060ns  (required time - arrival time)
  Source:                 design_1_i/vedic_mult_64x64_par_0/inst/mult_res_reg[2]_srl14_srlopt/C
                            (rising edge-triggered cell FDRE clocked by clk_pl_0  {rise@0.000ns fall@1.666ns period=3.333ns})
  Destination:            design_1_i/vedic_mult_64x64_par_0/inst/reg_first_stage_rpa_carry_out_reg/D
                            (rising edge-triggered cell FDRE clocked by clk_pl_0  {rise@0.000ns fall@1.666ns period=3.333ns})
  Path Group:             clk_pl_0
  Path Type:              Setup (Max at Slow Process Corner)
  Requirement:            3.333ns  (clk_pl_0 rise@3.333ns - clk_pl_0 rise@0.000ns)
  Data Path Delay:        4.295ns  (logic 2.085ns (48.545%)  route 2.210ns (51.455%))
  Logic Levels:           25  (LUT5=1 LUT6=24)
  Clock Path Skew:        -0.039ns (DCD - SCD + CPR)
    Destination Clock Delay (DCD):    2.425ns = ( 5.758 - 3.333 ) 
    Source Clock Delay      (SCD):    2.649ns
    Clock Pessimism Removal (CPR):    0.185ns
  Clock Uncertainty:      0.104ns  ((TSJ^2 + DJ^2)^1/2) / 2 + PE
    Total System Jitter     (TSJ):    0.071ns
    Discrete Jitter          (DJ):    0.195ns
    Phase Error              (PE):    0.000ns
  Clock Net Delay (Source):      2.382ns (routing 1.045ns, distribution 1.337ns)
  Clock Net Delay (Destination): 2.209ns (routing 0.955ns, distribution 1.254ns)

    Location             Delay type                Incr(ns)  Path(ns)    Netlist Resource(s)
  -------------------------------------------------------------------    -------------------
                         (clock clk_pl_0 rise edge)
                                                      0.000     0.000 r  
    PS8_X0Y0             PS8                          0.000     0.000 r  design_1_i/zynq_ultra_ps_e_0/inst/PS8_i/PLCLK[0]
                         net (fo=1, routed)           0.229     0.229    design_1_i/zynq_ultra_ps_e_0/inst/pl_clk_unbuffered[0]
    BUFG_PS_X0Y80        BUFG_PS (Prop_BUFG_PS_I_O)
                                                      0.038     0.267 r  design_1_i/zynq_ultra_ps_e_0/inst/buffer_pl_clk_0.PL_CLK_0_BUFG/O
    X0Y1 (CLOCK_ROOT)    net (fo=23506, routed)       2.382     2.649    design_1_i/vedic_mult_64x64_par_0/inst/clk
    SLICE_X6Y56          FDRE                                         r  design_1_i/vedic_mult_64x64_par_0/inst/mult_res_reg[2]_srl14_srlopt/C
  -------------------------------------------------------------------    -------------------
    SLICE_X6Y56          FDRE (Prop_CFF_SLICEL_C_Q)
                                                      0.114     2.763 r  design_1_i/vedic_mult_64x64_par_0/inst/mult_res_reg[2]_srl14_srlopt/Q
                         net (fo=2, routed)           0.097     2.859    design_1_i/vedic_mult_64x64_par_0/inst/u1/u0/u0/u0/u0/reg_j_bus[65]
    SLICE_X6Y56          LUT6 (Prop_G6LUT_SLICEL_I0_O)
                                                      0.226     3.085 r  design_1_i/vedic_mult_64x64_par_0/inst/u1/u0/u0/u0/u0/reg_k_bus[4]_i_2__79/O
                         net (fo=4, routed)           0.058     3.143    design_1_i/vedic_mult_64x64_par_0/inst/u1/u0/u0/u0/u0/rpa_first_stage_inst_u0/int_carry_out_res_2
    SLICE_X6Y56          LUT6 (Prop_H6LUT_SLICEL_I0_O)
                                                      0.083     3.226 r  design_1_i/vedic_mult_64x64_par_0/inst/u1/u0/u0/u0/u0/reg_k_bus[13]_i_6/O
                         net (fo=1, routed)           0.177     3.403    design_1_i/vedic_mult_64x64_par_0/inst/u1/u0/u0/u0/u0/carry_out1__3
    SLICE_X9Y56          LUT6 (Prop_G6LUT_SLICEL_I5_O)
                                                      0.057     3.460 r  design_1_i/vedic_mult_64x64_par_0/inst/u1/u0/u0/u0/u0/reg_k_bus[13]_i_4/O
                         net (fo=2, routed)           0.054     3.514    design_1_i/vedic_mult_64x64_par_0/inst/u1/u0/u0/u0/u0/rpa_first_stage_inst_u0/int_carry_out_res_7
    SLICE_X9Y56          LUT6 (Prop_F6LUT_SLICEL_I0_O)
                                                      0.150     3.664 r  design_1_i/vedic_mult_64x64_par_0/inst/u1/u0/u0/u0/u0/reg_k_bus[18]_i_6/O
                         net (fo=1, routed)           0.101     3.765    design_1_i/vedic_mult_64x64_par_0/inst/u1/u0/u0/u0/u0/carry_out1__8
    SLICE_X9Y54          LUT6 (Prop_F6LUT_SLICEL_I5_O)
                                                      0.056     3.821 r  design_1_i/vedic_mult_64x64_par_0/inst/u1/u0/u0/u0/u0/reg_k_bus[18]_i_4/O
                         net (fo=2, routed)           0.056     3.878    design_1_i/vedic_mult_64x64_par_0/inst/u1/u0/u0/u0/u0/rpa_first_stage_inst_u0/int_carry_out_res_12
    SLICE_X9Y54          LUT6 (Prop_G6LUT_SLICEL_I0_O)
                                                      0.082     3.960 r  design_1_i/vedic_mult_64x64_par_0/inst/u1/u0/u0/u0/u0/reg_k_bus[23]_i_6/O
                         net (fo=1, routed)           0.065     4.025    design_1_i/vedic_mult_64x64_par_0/inst/u1/u0/u0/u0/u0/carry_out1__13
    SLICE_X9Y54          LUT6 (Prop_C6LUT_SLICEL_I5_O)
                                                      0.187     4.212 r  design_1_i/vedic_mult_64x64_par_0/inst/u1/u0/u0/u0/u0/reg_k_bus[23]_i_4/O
                         net (fo=2, routed)           0.153     4.365    design_1_i/vedic_mult_64x64_par_0/inst/u1/u0/u0/u0/u0/rpa_first_stage_inst_u0/int_carry_out_res_17
    SLICE_X9Y53          LUT6 (Prop_C6LUT_SLICEL_I0_O)
                                                      0.056     4.421 r  design_1_i/vedic_mult_64x64_par_0/inst/u1/u0/u0/u0/u0/reg_k_bus[28]_i_6/O
                         net (fo=1, routed)           0.050     4.471    design_1_i/vedic_mult_64x64_par_0/inst/u1/u0/u0/u0/u0/carry_out1__18
    SLICE_X9Y53          LUT6 (Prop_D6LUT_SLICEL_I5_O)
                                                      0.057     4.528 r  design_1_i/vedic_mult_64x64_par_0/inst/u1/u0/u0/u0/u0/reg_k_bus[28]_i_4/O
                         net (fo=2, routed)           0.049     4.577    design_1_i/vedic_mult_64x64_par_0/inst/u1/u0/u0/u0/u0/rpa_first_stage_inst_u0/int_carry_out_res_22
    SLICE_X9Y53          LUT6 (Prop_B6LUT_SLICEL_I0_O)
                                                      0.083     4.660 r  design_1_i/vedic_mult_64x64_par_0/inst/u1/u0/u0/u0/u0/reg_k_bus[33]_i_6/O
                         net (fo=1, routed)           0.094     4.754    design_1_i/vedic_mult_64x64_par_0/inst/u1/u0/u0/u0/u0/carry_out1__23
    SLICE_X8Y53          LUT6 (Prop_F6LUT_SLICEM_I5_O)
                                                      0.056     4.810 r  design_1_i/vedic_mult_64x64_par_0/inst/u1/u0/u0/u0/u0/reg_k_bus[33]_i_4/O
                         net (fo=2, routed)           0.053     4.863    design_1_i/vedic_mult_64x64_par_0/inst/u1/u0/u0/u0/u0/rpa_first_stage_inst_u0/int_carry_out_res_27
    SLICE_X8Y53          LUT6 (Prop_G6LUT_SLICEM_I0_O)
                                                      0.057     4.920 r  design_1_i/vedic_mult_64x64_par_0/inst/u1/u0/u0/u0/u0/reg_k_bus[38]_i_6/O
                         net (fo=1, routed)           0.148     5.068    design_1_i/vedic_mult_64x64_par_0/inst/u1/u0/u0/u0/u0/carry_out1__28
    SLICE_X9Y53          LUT6 (Prop_E6LUT_SLICEL_I5_O)
                                                      0.057     5.125 r  design_1_i/vedic_mult_64x64_par_0/inst/u1/u0/u0/u0/u0/reg_k_bus[38]_i_4/O
                         net (fo=2, routed)           0.100     5.225    design_1_i/vedic_mult_64x64_par_0/inst/u1/u0/u0/u0/u0/rpa_first_stage_inst_u0/int_carry_out_res_32
    SLICE_X9Y52          LUT6 (Prop_D6LUT_SLICEL_I0_O)
                                                      0.057     5.282 r  design_1_i/vedic_mult_64x64_par_0/inst/u1/u0/u0/u0/u0/reg_k_bus[43]_i_6/O
                         net (fo=1, routed)           0.045     5.327    design_1_i/vedic_mult_64x64_par_0/inst/u1/u0/u0/u0/u0/carry_out1__33
    SLICE_X9Y52          LUT6 (Prop_B6LUT_SLICEL_I5_O)
                                                      0.083     5.410 r  design_1_i/vedic_mult_64x64_par_0/inst/u1/u0/u0/u0/u0/reg_k_bus[43]_i_4/O
                         net (fo=2, routed)           0.101     5.511    design_1_i/vedic_mult_64x64_par_0/inst/u1/u0/u0/u0/u0/rpa_first_stage_inst_u0/int_carry_out_res_37
    SLICE_X9Y51          LUT6 (Prop_F6LUT_SLICEL_I0_O)
                                                      0.056     5.567 r  design_1_i/vedic_mult_64x64_par_0/inst/u1/u0/u0/u0/u0/reg_k_bus[48]_i_6/O
                         net (fo=1, routed)           0.046     5.613    design_1_i/vedic_mult_64x64_par_0/inst/u1/u0/u0/u0/u0/carry_out1__38
    SLICE_X9Y51          LUT6 (Prop_G6LUT_SLICEL_I5_O)
                                                      0.057     5.670 r  design_1_i/vedic_mult_64x64_par_0/inst/u1/u0/u0/u0/u0/reg_k_bus[48]_i_4/O
                         net (fo=2, routed)           0.109     5.779    design_1_i/vedic_mult_64x64_par_0/inst/u1/u0/u0/u0/u0/rpa_first_stage_inst_u0/int_carry_out_res_42
    SLICE_X9Y49          LUT6 (Prop_E6LUT_SLICEL_I0_O)
                                                      0.057     5.836 r  design_1_i/vedic_mult_64x64_par_0/inst/u1/u0/u0/u0/u0/reg_k_bus[53]_i_6/O
                         net (fo=1, routed)           0.047     5.883    design_1_i/vedic_mult_64x64_par_0/inst/u1/u0/u0/u0/u0/carry_out1__43
    SLICE_X9Y49          LUT6 (Prop_D6LUT_SLICEL_I5_O)
                                                      0.057     5.940 r  design_1_i/vedic_mult_64x64_par_0/inst/u1/u0/u0/u0/u0/reg_k_bus[53]_i_4/O
                         net (fo=2, routed)           0.100     6.040    design_1_i/vedic_mult_64x64_par_0/inst/u1/u0/u0/u0/u0/rpa_first_stage_inst_u0/int_carry_out_res_47
    SLICE_X8Y49          LUT6 (Prop_F6LUT_SLICEM_I0_O)
                                                      0.056     6.096 r  design_1_i/vedic_mult_64x64_par_0/inst/u1/u0/u0/u0/u0/reg_k_bus[58]_i_6/O
                         net (fo=1, routed)           0.051     6.147    design_1_i/vedic_mult_64x64_par_0/inst/u1/u0/u0/u0/u0/carry_out1__48
    SLICE_X8Y49          LUT6 (Prop_H6LUT_SLICEM_I5_O)
                                                      0.060     6.207 r  design_1_i/vedic_mult_64x64_par_0/inst/u1/u0/u0/u0/u0/reg_k_bus[58]_i_4/O
                         net (fo=2, routed)           0.103     6.311    design_1_i/vedic_mult_64x64_par_0/inst/u1/u0/u0/u0/u0/rpa_first_stage_inst_u0/int_carry_out_res_52
    SLICE_X8Y48          LUT6 (Prop_H6LUT_SLICEM_I0_O)
                                                      0.060     6.371 r  design_1_i/vedic_mult_64x64_par_0/inst/u1/u0/u0/u0/u0/reg_k_bus[63]_i_6/O
                         net (fo=1, routed)           0.124     6.495    design_1_i/vedic_mult_64x64_par_0/inst/u1/u0/u0/u0/u0/carry_out1__53
    SLICE_X7Y49          LUT6 (Prop_B6LUT_SLICEM_I5_O)
                                                      0.057     6.552 r  design_1_i/vedic_mult_64x64_par_0/inst/u1/u0/u0/u0/u0/reg_k_bus[63]_i_4/O
                         net (fo=1, routed)           0.056     6.608    design_1_i/vedic_mult_64x64_par_0/inst/u1/u0/u0/u0/u0/rpa_first_stage_inst_u0/int_carry_out_res_57
    SLICE_X7Y49          LUT6 (Prop_A6LUT_SLICEM_I4_O)
                                                      0.083     6.691 r  design_1_i/vedic_mult_64x64_par_0/inst/u1/u0/u0/u0/u0/reg_k_bus[63]_i_2_comp/O
                         net (fo=2, routed)           0.103     6.794    design_1_i/vedic_mult_64x64_par_0/inst/u1/u0/u0/u0/u0/rpa_first_stage_inst_u0/int_carry_out_res_61
    SLICE_X6Y48          LUT5 (Prop_F6LUT_SLICEL_I4_O)
                                                      0.081     6.875 r  design_1_i/vedic_mult_64x64_par_0/inst/u1/u0/u0/u0/u0/reg_first_stage_rpa_carry_out_i_1__335/O
                         net (fo=1, routed)           0.069     6.944    design_1_i/vedic_mult_64x64_par_0/inst/first_stage_rpa_carry_out
    SLICE_X6Y48          FDRE                                         r  design_1_i/vedic_mult_64x64_par_0/inst/reg_first_stage_rpa_carry_out_reg/D
  -------------------------------------------------------------------    -------------------

                         (clock clk_pl_0 rise edge)
                                                      3.333     3.333 r  
    PS8_X0Y0             PS8                          0.000     3.333 r  design_1_i/zynq_ultra_ps_e_0/inst/PS8_i/PLCLK[0]
                         net (fo=1, routed)           0.181     3.514    design_1_i/zynq_ultra_ps_e_0/inst/pl_clk_unbuffered[0]
    BUFG_PS_X0Y80        BUFG_PS (Prop_BUFG_PS_I_O)
                                                      0.035     3.549 r  design_1_i/zynq_ultra_ps_e_0/inst/buffer_pl_clk_0.PL_CLK_0_BUFG/O
    X0Y1 (CLOCK_ROOT)    net (fo=23506, routed)       2.209     5.758    design_1_i/vedic_mult_64x64_par_0/inst/clk
    SLICE_X6Y48          FDRE                                         r  design_1_i/vedic_mult_64x64_par_0/inst/reg_first_stage_rpa_carry_out_reg/C
                         clock pessimism              0.185     5.943    
                         clock uncertainty           -0.104     5.839    
    SLICE_X6Y48          FDRE (Setup_FFF_SLICEL_C_D)
                                                      0.044     5.883    design_1_i/vedic_mult_64x64_par_0/inst/reg_first_stage_rpa_carry_out_reg
  -------------------------------------------------------------------
                         required time                          5.883    
                         arrival time                          -6.944    
  -------------------------------------------------------------------
                         slack                                 -1.060    

Slack (VIOLATED) :        -1.038ns  (required time - arrival time)
  Source:                 design_1_i/vedic_mult_64x64_par_0/inst/mult_res_reg[2]_srl14_srlopt/C
                            (rising edge-triggered cell FDRE clocked by clk_pl_0  {rise@0.000ns fall@1.666ns period=3.333ns})
  Destination:            design_1_i/vedic_mult_64x64_par_0/inst/reg_k_bus_reg[63]/D
                            (rising edge-triggered cell FDRE clocked by clk_pl_0  {rise@0.000ns fall@1.666ns period=3.333ns})
  Path Group:             clk_pl_0
  Path Type:              Setup (Max at Slow Process Corner)
  Requirement:            3.333ns  (clk_pl_0 rise@3.333ns - clk_pl_0 rise@0.000ns)
  Data Path Delay:        4.275ns  (logic 2.103ns (49.193%)  route 2.172ns (50.807%))
  Logic Levels:           25  (LUT5=1 LUT6=24)
  Clock Path Skew:        -0.039ns (DCD - SCD + CPR)
    Destination Clock Delay (DCD):    2.425ns = ( 5.758 - 3.333 ) 
    Source Clock Delay      (SCD):    2.649ns
    Clock Pessimism Removal (CPR):    0.185ns
  Clock Uncertainty:      0.104ns  ((TSJ^2 + DJ^2)^1/2) / 2 + PE
    Total System Jitter     (TSJ):    0.071ns
    Discrete Jitter          (DJ):    0.195ns
    Phase Error              (PE):    0.000ns
  Clock Net Delay (Source):      2.382ns (routing 1.045ns, distribution 1.337ns)
  Clock Net Delay (Destination): 2.209ns (routing 0.955ns, distribution 1.254ns)

    Location             Delay type                Incr(ns)  Path(ns)    Netlist Resource(s)
  -------------------------------------------------------------------    -------------------
                         (clock clk_pl_0 rise edge)
                                                      0.000     0.000 r  
    PS8_X0Y0             PS8                          0.000     0.000 r  design_1_i/zynq_ultra_ps_e_0/inst/PS8_i/PLCLK[0]
                         net (fo=1, routed)           0.229     0.229    design_1_i/zynq_ultra_ps_e_0/inst/pl_clk_unbuffered[0]
    BUFG_PS_X0Y80        BUFG_PS (Prop_BUFG_PS_I_O)
                                                      0.038     0.267 r  design_1_i/zynq_ultra_ps_e_0/inst/buffer_pl_clk_0.PL_CLK_0_BUFG/O
    X0Y1 (CLOCK_ROOT)    net (fo=23506, routed)       2.382     2.649    design_1_i/vedic_mult_64x64_par_0/inst/clk
    SLICE_X6Y56          FDRE                                         r  design_1_i/vedic_mult_64x64_par_0/inst/mult_res_reg[2]_srl14_srlopt/C
  -------------------------------------------------------------------    -------------------
    SLICE_X6Y56          FDRE (Prop_CFF_SLICEL_C_Q)
                                                      0.114     2.763 r  design_1_i/vedic_mult_64x64_par_0/inst/mult_res_reg[2]_srl14_srlopt/Q
                         net (fo=2, routed)           0.097     2.859    design_1_i/vedic_mult_64x64_par_0/inst/u1/u0/u0/u0/u0/reg_j_bus[65]
    SLICE_X6Y56          LUT6 (Prop_G6LUT_SLICEL_I0_O)
                                                      0.226     3.085 r  design_1_i/vedic_mult_64x64_par_0/inst/u1/u0/u0/u0/u0/reg_k_bus[4]_i_2__79/O
                         net (fo=4, routed)           0.058     3.143    design_1_i/vedic_mult_64x64_par_0/inst/u1/u0/u0/u0/u0/rpa_first_stage_inst_u0/int_carry_out_res_2
    SLICE_X6Y56          LUT6 (Prop_H6LUT_SLICEL_I0_O)
                                                      0.083     3.226 r  design_1_i/vedic_mult_64x64_par_0/inst/u1/u0/u0/u0/u0/reg_k_bus[13]_i_6/O
                         net (fo=1, routed)           0.177     3.403    design_1_i/vedic_mult_64x64_par_0/inst/u1/u0/u0/u0/u0/carry_out1__3
    SLICE_X9Y56          LUT6 (Prop_G6LUT_SLICEL_I5_O)
                                                      0.057     3.460 r  design_1_i/vedic_mult_64x64_par_0/inst/u1/u0/u0/u0/u0/reg_k_bus[13]_i_4/O
                         net (fo=2, routed)           0.054     3.514    design_1_i/vedic_mult_64x64_par_0/inst/u1/u0/u0/u0/u0/rpa_first_stage_inst_u0/int_carry_out_res_7
    SLICE_X9Y56          LUT6 (Prop_F6LUT_SLICEL_I0_O)
                                                      0.150     3.664 r  design_1_i/vedic_mult_64x64_par_0/inst/u1/u0/u0/u0/u0/reg_k_bus[18]_i_6/O
                         net (fo=1, routed)           0.101     3.765    design_1_i/vedic_mult_64x64_par_0/inst/u1/u0/u0/u0/u0/carry_out1__8
    SLICE_X9Y54          LUT6 (Prop_F6LUT_SLICEL_I5_O)
                                                      0.056     3.821 r  design_1_i/vedic_mult_64x64_par_0/inst/u1/u0/u0/u0/u0/reg_k_bus[18]_i_4/O
                         net (fo=2, routed)           0.056     3.878    design_1_i/vedic_mult_64x64_par_0/inst/u1/u0/u0/u0/u0/rpa_first_stage_inst_u0/int_carry_out_res_12
    SLICE_X9Y54          LUT6 (Prop_G6LUT_SLICEL_I0_O)
                                                      0.082     3.960 r  design_1_i/vedic_mult_64x64_par_0/inst/u1/u0/u0/u0/u0/reg_k_bus[23]_i_6/O
                         net (fo=1, routed)           0.065     4.025    design_1_i/vedic_mult_64x64_par_0/inst/u1/u0/u0/u0/u0/carry_out1__13
    SLICE_X9Y54          LUT6 (Prop_C6LUT_SLICEL_I5_O)
                                                      0.187     4.212 r  design_1_i/vedic_mult_64x64_par_0/inst/u1/u0/u0/u0/u0/reg_k_bus[23]_i_4/O
                         net (fo=2, routed)           0.153     4.365    design_1_i/vedic_mult_64x64_par_0/inst/u1/u0/u0/u0/u0/rpa_first_stage_inst_u0/int_carry_out_res_17
    SLICE_X9Y53          LUT6 (Prop_C6LUT_SLICEL_I0_O)
                                                      0.056     4.421 r  design_1_i/vedic_mult_64x64_par_0/inst/u1/u0/u0/u0/u0/reg_k_bus[28]_i_6/O
                         net (fo=1, routed)           0.050     4.471    design_1_i/vedic_mult_64x64_par_0/inst/u1/u0/u0/u0/u0/carry_out1__18
    SLICE_X9Y53          LUT6 (Prop_D6LUT_SLICEL_I5_O)
                                                      0.057     4.528 r  design_1_i/vedic_mult_64x64_par_0/inst/u1/u0/u0/u0/u0/reg_k_bus[28]_i_4/O
                         net (fo=2, routed)           0.049     4.577    design_1_i/vedic_mult_64x64_par_0/inst/u1/u0/u0/u0/u0/rpa_first_stage_inst_u0/int_carry_out_res_22
    SLICE_X9Y53          LUT6 (Prop_B6LUT_SLICEL_I0_O)
                                                      0.083     4.660 r  design_1_i/vedic_mult_64x64_par_0/inst/u1/u0/u0/u0/u0/reg_k_bus[33]_i_6/O
                         net (fo=1, routed)           0.094     4.754    design_1_i/vedic_mult_64x64_par_0/inst/u1/u0/u0/u0/u0/carry_out1__23
    SLICE_X8Y53          LUT6 (Prop_F6LUT_SLICEM_I5_O)
                                                      0.056     4.810 r  design_1_i/vedic_mult_64x64_par_0/inst/u1/u0/u0/u0/u0/reg_k_bus[33]_i_4/O
                         net (fo=2, routed)           0.053     4.863    design_1_i/vedic_mult_64x64_par_0/inst/u1/u0/u0/u0/u0/rpa_first_stage_inst_u0/int_carry_out_res_27
    SLICE_X8Y53          LUT6 (Prop_G6LUT_SLICEM_I0_O)
                                                      0.057     4.920 r  design_1_i/vedic_mult_64x64_par_0/inst/u1/u0/u0/u0/u0/reg_k_bus[38]_i_6/O
                         net (fo=1, routed)           0.148     5.068    design_1_i/vedic_mult_64x64_par_0/inst/u1/u0/u0/u0/u0/carry_out1__28
    SLICE_X9Y53          LUT6 (Prop_E6LUT_SLICEL_I5_O)
                                                      0.057     5.125 r  design_1_i/vedic_mult_64x64_par_0/inst/u1/u0/u0/u0/u0/reg_k_bus[38]_i_4/O
                         net (fo=2, routed)           0.100     5.225    design_1_i/vedic_mult_64x64_par_0/inst/u1/u0/u0/u0/u0/rpa_first_stage_inst_u0/int_carry_out_res_32
    SLICE_X9Y52          LUT6 (Prop_D6LUT_SLICEL_I0_O)
                                                      0.057     5.282 r  design_1_i/vedic_mult_64x64_par_0/inst/u1/u0/u0/u0/u0/reg_k_bus[43]_i_6/O
                         net (fo=1, routed)           0.045     5.327    design_1_i/vedic_mult_64x64_par_0/inst/u1/u0/u0/u0/u0/carry_out1__33
    SLICE_X9Y52          LUT6 (Prop_B6LUT_SLICEL_I5_O)
                                                      0.083     5.410 r  design_1_i/vedic_mult_64x64_par_0/inst/u1/u0/u0/u0/u0/reg_k_bus[43]_i_4/O
                         net (fo=2, routed)           0.101     5.511    design_1_i/vedic_mult_64x64_par_0/inst/u1/u0/u0/u0/u0/rpa_first_stage_inst_u0/int_carry_out_res_37
    SLICE_X9Y51          LUT6 (Prop_F6LUT_SLICEL_I0_O)
                                                      0.056     5.567 r  design_1_i/vedic_mult_64x64_par_0/inst/u1/u0/u0/u0/u0/reg_k_bus[48]_i_6/O
                         net (fo=1, routed)           0.046     5.613    design_1_i/vedic_mult_64x64_par_0/inst/u1/u0/u0/u0/u0/carry_out1__38
    SLICE_X9Y51          LUT6 (Prop_G6LUT_SLICEL_I5_O)
                                                      0.057     5.670 r  design_1_i/vedic_mult_64x64_par_0/inst/u1/u0/u0/u0/u0/reg_k_bus[48]_i_4/O
                         net (fo=2, routed)           0.109     5.779    design_1_i/vedic_mult_64x64_par_0/inst/u1/u0/u0/u0/u0/rpa_first_stage_inst_u0/int_carry_out_res_42
    SLICE_X9Y49          LUT6 (Prop_E6LUT_SLICEL_I0_O)
                                                      0.057     5.836 r  design_1_i/vedic_mult_64x64_par_0/inst/u1/u0/u0/u0/u0/reg_k_bus[53]_i_6/O
                         net (fo=1, routed)           0.047     5.883    design_1_i/vedic_mult_64x64_par_0/inst/u1/u0/u0/u0/u0/carry_out1__43
    SLICE_X9Y49          LUT6 (Prop_D6LUT_SLICEL_I5_O)
                                                      0.057     5.940 r  design_1_i/vedic_mult_64x64_par_0/inst/u1/u0/u0/u0/u0/reg_k_bus[53]_i_4/O
                         net (fo=2, routed)           0.100     6.040    design_1_i/vedic_mult_64x64_par_0/inst/u1/u0/u0/u0/u0/rpa_first_stage_inst_u0/int_carry_out_res_47
    SLICE_X8Y49          LUT6 (Prop_F6LUT_SLICEM_I0_O)
                                                      0.056     6.096 r  design_1_i/vedic_mult_64x64_par_0/inst/u1/u0/u0/u0/u0/reg_k_bus[58]_i_6/O
                         net (fo=1, routed)           0.051     6.147    design_1_i/vedic_mult_64x64_par_0/inst/u1/u0/u0/u0/u0/carry_out1__48
    SLICE_X8Y49          LUT6 (Prop_H6LUT_SLICEM_I5_O)
                                                      0.060     6.207 r  design_1_i/vedic_mult_64x64_par_0/inst/u1/u0/u0/u0/u0/reg_k_bus[58]_i_4/O
                         net (fo=2, routed)           0.103     6.311    design_1_i/vedic_mult_64x64_par_0/inst/u1/u0/u0/u0/u0/rpa_first_stage_inst_u0/int_carry_out_res_52
    SLICE_X8Y48          LUT6 (Prop_H6LUT_SLICEM_I0_O)
                                                      0.060     6.371 r  design_1_i/vedic_mult_64x64_par_0/inst/u1/u0/u0/u0/u0/reg_k_bus[63]_i_6/O
                         net (fo=1, routed)           0.124     6.495    design_1_i/vedic_mult_64x64_par_0/inst/u1/u0/u0/u0/u0/carry_out1__53
    SLICE_X7Y49          LUT6 (Prop_B6LUT_SLICEM_I5_O)
                                                      0.057     6.552 r  design_1_i/vedic_mult_64x64_par_0/inst/u1/u0/u0/u0/u0/reg_k_bus[63]_i_4/O
                         net (fo=1, routed)           0.056     6.608    design_1_i/vedic_mult_64x64_par_0/inst/u1/u0/u0/u0/u0/rpa_first_stage_inst_u0/int_carry_out_res_57
    SLICE_X7Y49          LUT6 (Prop_A6LUT_SLICEM_I4_O)
                                                      0.083     6.691 r  design_1_i/vedic_mult_64x64_par_0/inst/u1/u0/u0/u0/u0/reg_k_bus[63]_i_2_comp/O
                         net (fo=2, routed)           0.103     6.794    design_1_i/vedic_mult_64x64_par_0/inst/u1/u0/u0/u0/u0/rpa_first_stage_inst_u0/int_carry_out_res_61
    SLICE_X6Y48          LUT5 (Prop_F5LUT_SLICEL_I0_O)
                                                      0.099     6.893 r  design_1_i/vedic_mult_64x64_par_0/inst/u1/u0/u0/u0/u0/reg_k_bus[63]_i_1/O
                         net (fo=1, routed)           0.031     6.924    design_1_i/vedic_mult_64x64_par_0/inst/k_bus[63]
    SLICE_X6Y48          FDRE                                         r  design_1_i/vedic_mult_64x64_par_0/inst/reg_k_bus_reg[63]/D
  -------------------------------------------------------------------    -------------------

                         (clock clk_pl_0 rise edge)
                                                      3.333     3.333 r  
    PS8_X0Y0             PS8                          0.000     3.333 r  design_1_i/zynq_ultra_ps_e_0/inst/PS8_i/PLCLK[0]
                         net (fo=1, routed)           0.181     3.514    design_1_i/zynq_ultra_ps_e_0/inst/pl_clk_unbuffered[0]
    BUFG_PS_X0Y80        BUFG_PS (Prop_BUFG_PS_I_O)
                                                      0.035     3.549 r  design_1_i/zynq_ultra_ps_e_0/inst/buffer_pl_clk_0.PL_CLK_0_BUFG/O
    X0Y1 (CLOCK_ROOT)    net (fo=23506, routed)       2.209     5.758    design_1_i/vedic_mult_64x64_par_0/inst/clk
    SLICE_X6Y48          FDRE                                         r  design_1_i/vedic_mult_64x64_par_0/inst/reg_k_bus_reg[63]/C
                         clock pessimism              0.185     5.943    
                         clock uncertainty           -0.104     5.839    
    SLICE_X6Y48          FDRE (Setup_FFF2_SLICEL_C_D)
                                                      0.046     5.885    design_1_i/vedic_mult_64x64_par_0/inst/reg_k_bus_reg[63]
  -------------------------------------------------------------------
                         required time                          5.885    
                         arrival time                          -6.924    
  -------------------------------------------------------------------
                         slack                                 -1.038    

Slack (VIOLATED) :        -1.029ns  (required time - arrival time)
  Source:                 design_1_i/vedic_mult_64x64_par_0/inst/mult_res_reg[2]_srl14_srlopt/C
                            (rising edge-triggered cell FDRE clocked by clk_pl_0  {rise@0.000ns fall@1.666ns period=3.333ns})
  Destination:            design_1_i/vedic_mult_64x64_par_0/inst/reg_k_bus_reg[59]/D
                            (rising edge-triggered cell FDRE clocked by clk_pl_0  {rise@0.000ns fall@1.666ns period=3.333ns})
  Path Group:             clk_pl_0
  Path Type:              Setup (Max at Slow Process Corner)
  Requirement:            3.333ns  (clk_pl_0 rise@3.333ns - clk_pl_0 rise@0.000ns)
  Data Path Delay:        4.263ns  (logic 2.056ns (48.226%)  route 2.207ns (51.774%))
  Logic Levels:           25  (LUT3=1 LUT5=3 LUT6=21)
  Clock Path Skew:        -0.039ns (DCD - SCD + CPR)
    Destination Clock Delay (DCD):    2.425ns = ( 5.758 - 3.333 ) 
    Source Clock Delay      (SCD):    2.649ns
    Clock Pessimism Removal (CPR):    0.185ns
  Clock Uncertainty:      0.104ns  ((TSJ^2 + DJ^2)^1/2) / 2 + PE
    Total System Jitter     (TSJ):    0.071ns
    Discrete Jitter          (DJ):    0.195ns
    Phase Error              (PE):    0.000ns
  Clock Net Delay (Source):      2.382ns (routing 1.045ns, distribution 1.337ns)
  Clock Net Delay (Destination): 2.209ns (routing 0.955ns, distribution 1.254ns)

    Location             Delay type                Incr(ns)  Path(ns)    Netlist Resource(s)
  -------------------------------------------------------------------    -------------------
                         (clock clk_pl_0 rise edge)
                                                      0.000     0.000 r  
    PS8_X0Y0             PS8                          0.000     0.000 r  design_1_i/zynq_ultra_ps_e_0/inst/PS8_i/PLCLK[0]
                         net (fo=1, routed)           0.229     0.229    design_1_i/zynq_ultra_ps_e_0/inst/pl_clk_unbuffered[0]
    BUFG_PS_X0Y80        BUFG_PS (Prop_BUFG_PS_I_O)
                                                      0.038     0.267 r  design_1_i/zynq_ultra_ps_e_0/inst/buffer_pl_clk_0.PL_CLK_0_BUFG/O
    X0Y1 (CLOCK_ROOT)    net (fo=23506, routed)       2.382     2.649    design_1_i/vedic_mult_64x64_par_0/inst/clk
    SLICE_X6Y56          FDRE                                         r  design_1_i/vedic_mult_64x64_par_0/inst/mult_res_reg[2]_srl14_srlopt/C
  -------------------------------------------------------------------    -------------------
    SLICE_X6Y56          FDRE (Prop_CFF_SLICEL_C_Q)
                                                      0.114     2.763 r  design_1_i/vedic_mult_64x64_par_0/inst/mult_res_reg[2]_srl14_srlopt/Q
                         net (fo=2, routed)           0.097     2.859    design_1_i/vedic_mult_64x64_par_0/inst/u1/u0/u0/u0/u0/reg_j_bus[65]
    SLICE_X6Y56          LUT6 (Prop_G6LUT_SLICEL_I0_O)
                                                      0.226     3.085 r  design_1_i/vedic_mult_64x64_par_0/inst/u1/u0/u0/u0/u0/reg_k_bus[4]_i_2__79/O
                         net (fo=4, routed)           0.058     3.143    design_1_i/vedic_mult_64x64_par_0/inst/u1/u0/u0/u0/u0/rpa_first_stage_inst_u0/int_carry_out_res_2
    SLICE_X6Y56          LUT6 (Prop_H6LUT_SLICEL_I0_O)
                                                      0.083     3.226 r  design_1_i/vedic_mult_64x64_par_0/inst/u1/u0/u0/u0/u0/reg_k_bus[13]_i_6/O
                         net (fo=1, routed)           0.177     3.403    design_1_i/vedic_mult_64x64_par_0/inst/u1/u0/u0/u0/u0/carry_out1__3
    SLICE_X9Y56          LUT6 (Prop_G6LUT_SLICEL_I5_O)
                                                      0.057     3.460 r  design_1_i/vedic_mult_64x64_par_0/inst/u1/u0/u0/u0/u0/reg_k_bus[13]_i_4/O
                         net (fo=2, routed)           0.054     3.514    design_1_i/vedic_mult_64x64_par_0/inst/u1/u0/u0/u0/u0/rpa_first_stage_inst_u0/int_carry_out_res_7
    SLICE_X9Y56          LUT6 (Prop_F6LUT_SLICEL_I0_O)
                                                      0.150     3.664 r  design_1_i/vedic_mult_64x64_par_0/inst/u1/u0/u0/u0/u0/reg_k_bus[18]_i_6/O
                         net (fo=1, routed)           0.101     3.765    design_1_i/vedic_mult_64x64_par_0/inst/u1/u0/u0/u0/u0/carry_out1__8
    SLICE_X9Y54          LUT6 (Prop_F6LUT_SLICEL_I5_O)
                                                      0.056     3.821 r  design_1_i/vedic_mult_64x64_par_0/inst/u1/u0/u0/u0/u0/reg_k_bus[18]_i_4/O
                         net (fo=2, routed)           0.056     3.878    design_1_i/vedic_mult_64x64_par_0/inst/u1/u0/u0/u0/u0/rpa_first_stage_inst_u0/int_carry_out_res_12
    SLICE_X9Y54          LUT6 (Prop_G6LUT_SLICEL_I0_O)
                                                      0.082     3.960 r  design_1_i/vedic_mult_64x64_par_0/inst/u1/u0/u0/u0/u0/reg_k_bus[23]_i_6/O
                         net (fo=1, routed)           0.065     4.025    design_1_i/vedic_mult_64x64_par_0/inst/u1/u0/u0/u0/u0/carry_out1__13
    SLICE_X9Y54          LUT6 (Prop_C6LUT_SLICEL_I5_O)
                                                      0.187     4.212 r  design_1_i/vedic_mult_64x64_par_0/inst/u1/u0/u0/u0/u0/reg_k_bus[23]_i_4/O
                         net (fo=2, routed)           0.153     4.365    design_1_i/vedic_mult_64x64_par_0/inst/u1/u0/u0/u0/u0/rpa_first_stage_inst_u0/int_carry_out_res_17
    SLICE_X9Y53          LUT6 (Prop_C6LUT_SLICEL_I0_O)
                                                      0.056     4.421 r  design_1_i/vedic_mult_64x64_par_0/inst/u1/u0/u0/u0/u0/reg_k_bus[28]_i_6/O
                         net (fo=1, routed)           0.050     4.471    design_1_i/vedic_mult_64x64_par_0/inst/u1/u0/u0/u0/u0/carry_out1__18
    SLICE_X9Y53          LUT6 (Prop_D6LUT_SLICEL_I5_O)
                                                      0.057     4.528 r  design_1_i/vedic_mult_64x64_par_0/inst/u1/u0/u0/u0/u0/reg_k_bus[28]_i_4/O
                         net (fo=2, routed)           0.049     4.577    design_1_i/vedic_mult_64x64_par_0/inst/u1/u0/u0/u0/u0/rpa_first_stage_inst_u0/int_carry_out_res_22
    SLICE_X9Y53          LUT6 (Prop_B6LUT_SLICEL_I0_O)
                                                      0.083     4.660 r  design_1_i/vedic_mult_64x64_par_0/inst/u1/u0/u0/u0/u0/reg_k_bus[33]_i_6/O
                         net (fo=1, routed)           0.094     4.754    design_1_i/vedic_mult_64x64_par_0/inst/u1/u0/u0/u0/u0/carry_out1__23
    SLICE_X8Y53          LUT6 (Prop_F6LUT_SLICEM_I5_O)
                                                      0.056     4.810 r  design_1_i/vedic_mult_64x64_par_0/inst/u1/u0/u0/u0/u0/reg_k_bus[33]_i_4/O
                         net (fo=2, routed)           0.053     4.863    design_1_i/vedic_mult_64x64_par_0/inst/u1/u0/u0/u0/u0/rpa_first_stage_inst_u0/int_carry_out_res_27
    SLICE_X8Y53          LUT6 (Prop_G6LUT_SLICEM_I0_O)
                                                      0.057     4.920 r  design_1_i/vedic_mult_64x64_par_0/inst/u1/u0/u0/u0/u0/reg_k_bus[38]_i_6/O
                         net (fo=1, routed)           0.148     5.068    design_1_i/vedic_mult_64x64_par_0/inst/u1/u0/u0/u0/u0/carry_out1__28
    SLICE_X9Y53          LUT6 (Prop_E6LUT_SLICEL_I5_O)
                                                      0.057     5.125 r  design_1_i/vedic_mult_64x64_par_0/inst/u1/u0/u0/u0/u0/reg_k_bus[38]_i_4/O
                         net (fo=2, routed)           0.100     5.225    design_1_i/vedic_mult_64x64_par_0/inst/u1/u0/u0/u0/u0/rpa_first_stage_inst_u0/int_carry_out_res_32
    SLICE_X9Y52          LUT6 (Prop_D6LUT_SLICEL_I0_O)
                                                      0.057     5.282 r  design_1_i/vedic_mult_64x64_par_0/inst/u1/u0/u0/u0/u0/reg_k_bus[43]_i_6/O
                         net (fo=1, routed)           0.045     5.327    design_1_i/vedic_mult_64x64_par_0/inst/u1/u0/u0/u0/u0/carry_out1__33
    SLICE_X9Y52          LUT6 (Prop_B6LUT_SLICEL_I5_O)
                                                      0.083     5.410 r  design_1_i/vedic_mult_64x64_par_0/inst/u1/u0/u0/u0/u0/reg_k_bus[43]_i_4/O
                         net (fo=2, routed)           0.101     5.511    design_1_i/vedic_mult_64x64_par_0/inst/u1/u0/u0/u0/u0/rpa_first_stage_inst_u0/int_carry_out_res_37
    SLICE_X9Y51          LUT6 (Prop_F6LUT_SLICEL_I0_O)
                                                      0.056     5.567 r  design_1_i/vedic_mult_64x64_par_0/inst/u1/u0/u0/u0/u0/reg_k_bus[48]_i_6/O
                         net (fo=1, routed)           0.046     5.613    design_1_i/vedic_mult_64x64_par_0/inst/u1/u0/u0/u0/u0/carry_out1__38
    SLICE_X9Y51          LUT6 (Prop_G6LUT_SLICEL_I5_O)
                                                      0.057     5.670 r  design_1_i/vedic_mult_64x64_par_0/inst/u1/u0/u0/u0/u0/reg_k_bus[48]_i_4/O
                         net (fo=2, routed)           0.109     5.779    design_1_i/vedic_mult_64x64_par_0/inst/u1/u0/u0/u0/u0/rpa_first_stage_inst_u0/int_carry_out_res_42
    SLICE_X9Y49          LUT6 (Prop_E6LUT_SLICEL_I0_O)
                                                      0.057     5.836 r  design_1_i/vedic_mult_64x64_par_0/inst/u1/u0/u0/u0/u0/reg_k_bus[53]_i_6/O
                         net (fo=1, routed)           0.047     5.883    design_1_i/vedic_mult_64x64_par_0/inst/u1/u0/u0/u0/u0/carry_out1__43
    SLICE_X9Y49          LUT6 (Prop_D6LUT_SLICEL_I5_O)
                                                      0.057     5.940 r  design_1_i/vedic_mult_64x64_par_0/inst/u1/u0/u0/u0/u0/reg_k_bus[53]_i_4/O
                         net (fo=2, routed)           0.100     6.040    design_1_i/vedic_mult_64x64_par_0/inst/u1/u0/u0/u0/u0/rpa_first_stage_inst_u0/int_carry_out_res_47
    SLICE_X8Y49          LUT6 (Prop_F6LUT_SLICEM_I0_O)
                                                      0.056     6.096 r  design_1_i/vedic_mult_64x64_par_0/inst/u1/u0/u0/u0/u0/reg_k_bus[58]_i_6/O
                         net (fo=1, routed)           0.051     6.147    design_1_i/vedic_mult_64x64_par_0/inst/u1/u0/u0/u0/u0/carry_out1__48
    SLICE_X8Y49          LUT6 (Prop_H6LUT_SLICEM_I5_O)
                                                      0.060     6.207 r  design_1_i/vedic_mult_64x64_par_0/inst/u1/u0/u0/u0/u0/reg_k_bus[58]_i_4/O
                         net (fo=2, routed)           0.055     6.262    design_1_i/vedic_mult_64x64_par_0/inst/u1/u0/u0/u0/u0/rpa_first_stage_inst_u0/int_carry_out_res_52
    SLICE_X8Y49          LUT5 (Prop_G6LUT_SLICEM_I4_O)
                                                      0.057     6.319 r  design_1_i/vedic_mult_64x64_par_0/inst/u1/u0/u0/u0/u0/reg_k_bus[58]_i_3/O
                         net (fo=2, routed)           0.106     6.425    design_1_i/vedic_mult_64x64_par_0/inst/u1/u0/u0/u0/u0/rpa_first_stage_inst_u0/int_carry_out_res_54
    SLICE_X8Y47          LUT5 (Prop_F6LUT_SLICEM_I4_O)
                                                      0.056     6.481 r  design_1_i/vedic_mult_64x64_par_0/inst/u1/u0/u0/u0/u0/reg_k_bus[58]_i_2/O
                         net (fo=2, routed)           0.118     6.599    design_1_i/vedic_mult_64x64_par_0/inst/u1/u0/u0/u0/u0/rpa_first_stage_inst_u0/int_carry_out_res_56
    SLICE_X7Y47          LUT5 (Prop_F6LUT_SLICEM_I4_O)
                                                      0.056     6.655 r  design_1_i/vedic_mult_64x64_par_0/inst/u1/u0/u0/u0/u0/reg_k_bus[60]_i_2/O
                         net (fo=2, routed)           0.104     6.759    design_1_i/vedic_mult_64x64_par_0/inst/u1/u0/u0/u0/u0/rpa_first_stage_inst_u0/int_carry_out_res_58
    SLICE_X6Y47          LUT3 (Prop_H6LUT_SLICEL_I0_O)
                                                      0.083     6.842 r  design_1_i/vedic_mult_64x64_par_0/inst/u1/u0/u0/u0/u0/reg_k_bus[59]_i_1/O
                         net (fo=1, routed)           0.070     6.912    design_1_i/vedic_mult_64x64_par_0/inst/k_bus[59]
    SLICE_X6Y47          FDRE                                         r  design_1_i/vedic_mult_64x64_par_0/inst/reg_k_bus_reg[59]/D
  -------------------------------------------------------------------    -------------------

                         (clock clk_pl_0 rise edge)
                                                      3.333     3.333 r  
    PS8_X0Y0             PS8                          0.000     3.333 r  design_1_i/zynq_ultra_ps_e_0/inst/PS8_i/PLCLK[0]
                         net (fo=1, routed)           0.181     3.514    design_1_i/zynq_ultra_ps_e_0/inst/pl_clk_unbuffered[0]
    BUFG_PS_X0Y80        BUFG_PS (Prop_BUFG_PS_I_O)
                                                      0.035     3.549 r  design_1_i/zynq_ultra_ps_e_0/inst/buffer_pl_clk_0.PL_CLK_0_BUFG/O
    X0Y1 (CLOCK_ROOT)    net (fo=23506, routed)       2.209     5.758    design_1_i/vedic_mult_64x64_par_0/inst/clk
    SLICE_X6Y47          FDRE                                         r  design_1_i/vedic_mult_64x64_par_0/inst/reg_k_bus_reg[59]/C
                         clock pessimism              0.185     5.943    
                         clock uncertainty           -0.104     5.839    
    SLICE_X6Y47          FDRE (Setup_HFF_SLICEL_C_D)
                                                      0.044     5.883    design_1_i/vedic_mult_64x64_par_0/inst/reg_k_bus_reg[59]
  -------------------------------------------------------------------
                         required time                          5.883    
                         arrival time                          -6.912    
  -------------------------------------------------------------------
                         slack                                 -1.029    

Slack (VIOLATED) :        -1.022ns  (required time - arrival time)
  Source:                 design_1_i/vedic_mult_64x64_par_0/inst/mult_res_reg[2]_srl14_srlopt/C
                            (rising edge-triggered cell FDRE clocked by clk_pl_0  {rise@0.000ns fall@1.666ns period=3.333ns})
  Destination:            design_1_i/vedic_mult_64x64_par_0/inst/reg_k_bus_reg[56]/D
                            (rising edge-triggered cell FDRE clocked by clk_pl_0  {rise@0.000ns fall@1.666ns period=3.333ns})
  Path Group:             clk_pl_0
  Path Type:              Setup (Max at Slow Process Corner)
  Requirement:            3.333ns  (clk_pl_0 rise@3.333ns - clk_pl_0 rise@0.000ns)
  Data Path Delay:        4.191ns  (logic 2.022ns (48.247%)  route 2.169ns (51.753%))
  Logic Levels:           24  (LUT3=1 LUT5=4 LUT6=19)
  Clock Path Skew:        -0.103ns (DCD - SCD + CPR)
    Destination Clock Delay (DCD):    2.360ns = ( 5.693 - 3.333 ) 
    Source Clock Delay      (SCD):    2.649ns
    Clock Pessimism Removal (CPR):    0.185ns
  Clock Uncertainty:      0.104ns  ((TSJ^2 + DJ^2)^1/2) / 2 + PE
    Total System Jitter     (TSJ):    0.071ns
    Discrete Jitter          (DJ):    0.195ns
    Phase Error              (PE):    0.000ns
  Clock Net Delay (Source):      2.382ns (routing 1.045ns, distribution 1.337ns)
  Clock Net Delay (Destination): 2.144ns (routing 0.955ns, distribution 1.189ns)

    Location             Delay type                Incr(ns)  Path(ns)    Netlist Resource(s)
  -------------------------------------------------------------------    -------------------
                         (clock clk_pl_0 rise edge)
                                                      0.000     0.000 r  
    PS8_X0Y0             PS8                          0.000     0.000 r  design_1_i/zynq_ultra_ps_e_0/inst/PS8_i/PLCLK[0]
                         net (fo=1, routed)           0.229     0.229    design_1_i/zynq_ultra_ps_e_0/inst/pl_clk_unbuffered[0]
    BUFG_PS_X0Y80        BUFG_PS (Prop_BUFG_PS_I_O)
                                                      0.038     0.267 r  design_1_i/zynq_ultra_ps_e_0/inst/buffer_pl_clk_0.PL_CLK_0_BUFG/O
    X0Y1 (CLOCK_ROOT)    net (fo=23506, routed)       2.382     2.649    design_1_i/vedic_mult_64x64_par_0/inst/clk
    SLICE_X6Y56          FDRE                                         r  design_1_i/vedic_mult_64x64_par_0/inst/mult_res_reg[2]_srl14_srlopt/C
  -------------------------------------------------------------------    -------------------
    SLICE_X6Y56          FDRE (Prop_CFF_SLICEL_C_Q)
                                                      0.114     2.763 r  design_1_i/vedic_mult_64x64_par_0/inst/mult_res_reg[2]_srl14_srlopt/Q
                         net (fo=2, routed)           0.097     2.859    design_1_i/vedic_mult_64x64_par_0/inst/u1/u0/u0/u0/u0/reg_j_bus[65]
    SLICE_X6Y56          LUT6 (Prop_G6LUT_SLICEL_I0_O)
                                                      0.226     3.085 r  design_1_i/vedic_mult_64x64_par_0/inst/u1/u0/u0/u0/u0/reg_k_bus[4]_i_2__79/O
                         net (fo=4, routed)           0.058     3.143    design_1_i/vedic_mult_64x64_par_0/inst/u1/u0/u0/u0/u0/rpa_first_stage_inst_u0/int_carry_out_res_2
    SLICE_X6Y56          LUT6 (Prop_H6LUT_SLICEL_I0_O)
                                                      0.083     3.226 r  design_1_i/vedic_mult_64x64_par_0/inst/u1/u0/u0/u0/u0/reg_k_bus[13]_i_6/O
                         net (fo=1, routed)           0.177     3.403    design_1_i/vedic_mult_64x64_par_0/inst/u1/u0/u0/u0/u0/carry_out1__3
    SLICE_X9Y56          LUT6 (Prop_G6LUT_SLICEL_I5_O)
                                                      0.057     3.460 r  design_1_i/vedic_mult_64x64_par_0/inst/u1/u0/u0/u0/u0/reg_k_bus[13]_i_4/O
                         net (fo=2, routed)           0.054     3.514    design_1_i/vedic_mult_64x64_par_0/inst/u1/u0/u0/u0/u0/rpa_first_stage_inst_u0/int_carry_out_res_7
    SLICE_X9Y56          LUT6 (Prop_F6LUT_SLICEL_I0_O)
                                                      0.150     3.664 r  design_1_i/vedic_mult_64x64_par_0/inst/u1/u0/u0/u0/u0/reg_k_bus[18]_i_6/O
                         net (fo=1, routed)           0.101     3.765    design_1_i/vedic_mult_64x64_par_0/inst/u1/u0/u0/u0/u0/carry_out1__8
    SLICE_X9Y54          LUT6 (Prop_F6LUT_SLICEL_I5_O)
                                                      0.056     3.821 r  design_1_i/vedic_mult_64x64_par_0/inst/u1/u0/u0/u0/u0/reg_k_bus[18]_i_4/O
                         net (fo=2, routed)           0.056     3.878    design_1_i/vedic_mult_64x64_par_0/inst/u1/u0/u0/u0/u0/rpa_first_stage_inst_u0/int_carry_out_res_12
    SLICE_X9Y54          LUT6 (Prop_G6LUT_SLICEL_I0_O)
                                                      0.082     3.960 r  design_1_i/vedic_mult_64x64_par_0/inst/u1/u0/u0/u0/u0/reg_k_bus[23]_i_6/O
                         net (fo=1, routed)           0.065     4.025    design_1_i/vedic_mult_64x64_par_0/inst/u1/u0/u0/u0/u0/carry_out1__13
    SLICE_X9Y54          LUT6 (Prop_C6LUT_SLICEL_I5_O)
                                                      0.187     4.212 r  design_1_i/vedic_mult_64x64_par_0/inst/u1/u0/u0/u0/u0/reg_k_bus[23]_i_4/O
                         net (fo=2, routed)           0.153     4.365    design_1_i/vedic_mult_64x64_par_0/inst/u1/u0/u0/u0/u0/rpa_first_stage_inst_u0/int_carry_out_res_17
    SLICE_X9Y53          LUT6 (Prop_C6LUT_SLICEL_I0_O)
                                                      0.056     4.421 r  design_1_i/vedic_mult_64x64_par_0/inst/u1/u0/u0/u0/u0/reg_k_bus[28]_i_6/O
                         net (fo=1, routed)           0.050     4.471    design_1_i/vedic_mult_64x64_par_0/inst/u1/u0/u0/u0/u0/carry_out1__18
    SLICE_X9Y53          LUT6 (Prop_D6LUT_SLICEL_I5_O)
                                                      0.057     4.528 r  design_1_i/vedic_mult_64x64_par_0/inst/u1/u0/u0/u0/u0/reg_k_bus[28]_i_4/O
                         net (fo=2, routed)           0.049     4.577    design_1_i/vedic_mult_64x64_par_0/inst/u1/u0/u0/u0/u0/rpa_first_stage_inst_u0/int_carry_out_res_22
    SLICE_X9Y53          LUT6 (Prop_B6LUT_SLICEL_I0_O)
                                                      0.083     4.660 r  design_1_i/vedic_mult_64x64_par_0/inst/u1/u0/u0/u0/u0/reg_k_bus[33]_i_6/O
                         net (fo=1, routed)           0.094     4.754    design_1_i/vedic_mult_64x64_par_0/inst/u1/u0/u0/u0/u0/carry_out1__23
    SLICE_X8Y53          LUT6 (Prop_F6LUT_SLICEM_I5_O)
                                                      0.056     4.810 r  design_1_i/vedic_mult_64x64_par_0/inst/u1/u0/u0/u0/u0/reg_k_bus[33]_i_4/O
                         net (fo=2, routed)           0.053     4.863    design_1_i/vedic_mult_64x64_par_0/inst/u1/u0/u0/u0/u0/rpa_first_stage_inst_u0/int_carry_out_res_27
    SLICE_X8Y53          LUT6 (Prop_G6LUT_SLICEM_I0_O)
                                                      0.057     4.920 r  design_1_i/vedic_mult_64x64_par_0/inst/u1/u0/u0/u0/u0/reg_k_bus[38]_i_6/O
                         net (fo=1, routed)           0.148     5.068    design_1_i/vedic_mult_64x64_par_0/inst/u1/u0/u0/u0/u0/carry_out1__28
    SLICE_X9Y53          LUT6 (Prop_E6LUT_SLICEL_I5_O)
                                                      0.057     5.125 r  design_1_i/vedic_mult_64x64_par_0/inst/u1/u0/u0/u0/u0/reg_k_bus[38]_i_4/O
                         net (fo=2, routed)           0.100     5.225    design_1_i/vedic_mult_64x64_par_0/inst/u1/u0/u0/u0/u0/rpa_first_stage_inst_u0/int_carry_out_res_32
    SLICE_X9Y52          LUT6 (Prop_D6LUT_SLICEL_I0_O)
                                                      0.057     5.282 r  design_1_i/vedic_mult_64x64_par_0/inst/u1/u0/u0/u0/u0/reg_k_bus[43]_i_6/O
                         net (fo=1, routed)           0.045     5.327    design_1_i/vedic_mult_64x64_par_0/inst/u1/u0/u0/u0/u0/carry_out1__33
    SLICE_X9Y52          LUT6 (Prop_B6LUT_SLICEL_I5_O)
                                                      0.083     5.410 r  design_1_i/vedic_mult_64x64_par_0/inst/u1/u0/u0/u0/u0/reg_k_bus[43]_i_4/O
                         net (fo=2, routed)           0.101     5.511    design_1_i/vedic_mult_64x64_par_0/inst/u1/u0/u0/u0/u0/rpa_first_stage_inst_u0/int_carry_out_res_37
    SLICE_X9Y51          LUT6 (Prop_F6LUT_SLICEL_I0_O)
                                                      0.056     5.567 r  design_1_i/vedic_mult_64x64_par_0/inst/u1/u0/u0/u0/u0/reg_k_bus[48]_i_6/O
                         net (fo=1, routed)           0.046     5.613    design_1_i/vedic_mult_64x64_par_0/inst/u1/u0/u0/u0/u0/carry_out1__38
    SLICE_X9Y51          LUT6 (Prop_G6LUT_SLICEL_I5_O)
                                                      0.057     5.670 r  design_1_i/vedic_mult_64x64_par_0/inst/u1/u0/u0/u0/u0/reg_k_bus[48]_i_4/O
                         net (fo=2, routed)           0.109     5.779    design_1_i/vedic_mult_64x64_par_0/inst/u1/u0/u0/u0/u0/rpa_first_stage_inst_u0/int_carry_out_res_42
    SLICE_X9Y49          LUT6 (Prop_E6LUT_SLICEL_I0_O)
                                                      0.057     5.836 r  design_1_i/vedic_mult_64x64_par_0/inst/u1/u0/u0/u0/u0/reg_k_bus[53]_i_6/O
                         net (fo=1, routed)           0.047     5.883    design_1_i/vedic_mult_64x64_par_0/inst/u1/u0/u0/u0/u0/carry_out1__43
    SLICE_X9Y49          LUT6 (Prop_D6LUT_SLICEL_I5_O)
                                                      0.057     5.940 r  design_1_i/vedic_mult_64x64_par_0/inst/u1/u0/u0/u0/u0/reg_k_bus[53]_i_4/O
                         net (fo=2, routed)           0.049     5.989    design_1_i/vedic_mult_64x64_par_0/inst/u1/u0/u0/u0/u0/rpa_first_stage_inst_u0/int_carry_out_res_47
    SLICE_X9Y49          LUT5 (Prop_B6LUT_SLICEL_I4_O)
                                                      0.083     6.072 r  design_1_i/vedic_mult_64x64_par_0/inst/u1/u0/u0/u0/u0/reg_k_bus[53]_i_3/O
                         net (fo=1, routed)           0.147     6.219    design_1_i/vedic_mult_64x64_par_0/inst/u1/u0/u0/u0/u0/rpa_first_stage_inst_u0/int_carry_out_res_49
    SLICE_X8Y49          LUT5 (Prop_E6LUT_SLICEM_I4_O)
                                                      0.057     6.276 r  design_1_i/vedic_mult_64x64_par_0/inst/u1/u0/u0/u0/u0/reg_k_bus[53]_i_2/O
                         net (fo=2, routed)           0.101     6.377    design_1_i/vedic_mult_64x64_par_0/inst/u1/u0/u0/u0/u0/rpa_first_stage_inst_u0/int_carry_out_res_51
    SLICE_X8Y48          LUT5 (Prop_D6LUT_SLICEM_I4_O)
                                                      0.056     6.433 r  design_1_i/vedic_mult_64x64_par_0/inst/u1/u0/u0/u0/u0/reg_k_bus[55]_i_2/O
                         net (fo=3, routed)           0.096     6.529    design_1_i/vedic_mult_64x64_par_0/inst/u1/u0/u0/u0/u0/rpa_first_stage_inst_u0/int_carry_out_res_53
    SLICE_X9Y48          LUT5 (Prop_F6LUT_SLICEL_I4_O)
                                                      0.056     6.585 r  design_1_i/vedic_mult_64x64_par_0/inst/u1/u0/u0/u0/u0/reg_k_bus[57]_i_2/O
                         net (fo=2, routed)           0.092     6.677    design_1_i/vedic_mult_64x64_par_0/inst/u1/u0/u0/u0/u0/rpa_first_stage_inst_u0/int_carry_out_res_55
    SLICE_X8Y48          LUT3 (Prop_G6LUT_SLICEM_I0_O)
                                                      0.082     6.759 r  design_1_i/vedic_mult_64x64_par_0/inst/u1/u0/u0/u0/u0/reg_k_bus[56]_i_1/O
                         net (fo=1, routed)           0.080     6.839    design_1_i/vedic_mult_64x64_par_0/inst/k_bus[56]
    SLICE_X8Y48          FDRE                                         r  design_1_i/vedic_mult_64x64_par_0/inst/reg_k_bus_reg[56]/D
  -------------------------------------------------------------------    -------------------

                         (clock clk_pl_0 rise edge)
                                                      3.333     3.333 r  
    PS8_X0Y0             PS8                          0.000     3.333 r  design_1_i/zynq_ultra_ps_e_0/inst/PS8_i/PLCLK[0]
                         net (fo=1, routed)           0.181     3.514    design_1_i/zynq_ultra_ps_e_0/inst/pl_clk_unbuffered[0]
    BUFG_PS_X0Y80        BUFG_PS (Prop_BUFG_PS_I_O)
                                                      0.035     3.549 r  design_1_i/zynq_ultra_ps_e_0/inst/buffer_pl_clk_0.PL_CLK_0_BUFG/O
    X0Y1 (CLOCK_ROOT)    net (fo=23506, routed)       2.144     5.693    design_1_i/vedic_mult_64x64_par_0/inst/clk
    SLICE_X8Y48          FDRE                                         r  design_1_i/vedic_mult_64x64_par_0/inst/reg_k_bus_reg[56]/C
                         clock pessimism              0.185     5.878    
                         clock uncertainty           -0.104     5.775    
    SLICE_X8Y48          FDRE (Setup_GFF_SLICEM_C_D)
                                                      0.043     5.818    design_1_i/vedic_mult_64x64_par_0/inst/reg_k_bus_reg[56]
  -------------------------------------------------------------------
                         required time                          5.818    
                         arrival time                          -6.839    
  -------------------------------------------------------------------
                         slack                                 -1.022    

Slack (VIOLATED) :        -0.985ns  (required time - arrival time)
  Source:                 design_1_i/vedic_mult_64x64_par_0/inst/mult_res_reg[2]_srl14_srlopt/C
                            (rising edge-triggered cell FDRE clocked by clk_pl_0  {rise@0.000ns fall@1.666ns period=3.333ns})
  Destination:            design_1_i/vedic_mult_64x64_par_0/inst/reg_k_bus_reg[60]/D
                            (rising edge-triggered cell FDRE clocked by clk_pl_0  {rise@0.000ns fall@1.666ns period=3.333ns})
  Path Group:             clk_pl_0
  Path Type:              Setup (Max at Slow Process Corner)
  Requirement:            3.333ns  (clk_pl_0 rise@3.333ns - clk_pl_0 rise@0.000ns)
  Data Path Delay:        4.221ns  (logic 2.061ns (48.824%)  route 2.160ns (51.176%))
  Logic Levels:           25  (LUT5=4 LUT6=21)
  Clock Path Skew:        -0.039ns (DCD - SCD + CPR)
    Destination Clock Delay (DCD):    2.425ns = ( 5.758 - 3.333 ) 
    Source Clock Delay      (SCD):    2.649ns
    Clock Pessimism Removal (CPR):    0.185ns
  Clock Uncertainty:      0.104ns  ((TSJ^2 + DJ^2)^1/2) / 2 + PE
    Total System Jitter     (TSJ):    0.071ns
    Discrete Jitter          (DJ):    0.195ns
    Phase Error              (PE):    0.000ns
  Clock Net Delay (Source):      2.382ns (routing 1.045ns, distribution 1.337ns)
  Clock Net Delay (Destination): 2.209ns (routing 0.955ns, distribution 1.254ns)

    Location             Delay type                Incr(ns)  Path(ns)    Netlist Resource(s)
  -------------------------------------------------------------------    -------------------
                         (clock clk_pl_0 rise edge)
                                                      0.000     0.000 r  
    PS8_X0Y0             PS8                          0.000     0.000 r  design_1_i/zynq_ultra_ps_e_0/inst/PS8_i/PLCLK[0]
                         net (fo=1, routed)           0.229     0.229    design_1_i/zynq_ultra_ps_e_0/inst/pl_clk_unbuffered[0]
    BUFG_PS_X0Y80        BUFG_PS (Prop_BUFG_PS_I_O)
                                                      0.038     0.267 r  design_1_i/zynq_ultra_ps_e_0/inst/buffer_pl_clk_0.PL_CLK_0_BUFG/O
    X0Y1 (CLOCK_ROOT)    net (fo=23506, routed)       2.382     2.649    design_1_i/vedic_mult_64x64_par_0/inst/clk
    SLICE_X6Y56          FDRE                                         r  design_1_i/vedic_mult_64x64_par_0/inst/mult_res_reg[2]_srl14_srlopt/C
  -------------------------------------------------------------------    -------------------
    SLICE_X6Y56          FDRE (Prop_CFF_SLICEL_C_Q)
                                                      0.114     2.763 r  design_1_i/vedic_mult_64x64_par_0/inst/mult_res_reg[2]_srl14_srlopt/Q
                         net (fo=2, routed)           0.097     2.859    design_1_i/vedic_mult_64x64_par_0/inst/u1/u0/u0/u0/u0/reg_j_bus[65]
    SLICE_X6Y56          LUT6 (Prop_G6LUT_SLICEL_I0_O)
                                                      0.226     3.085 r  design_1_i/vedic_mult_64x64_par_0/inst/u1/u0/u0/u0/u0/reg_k_bus[4]_i_2__79/O
                         net (fo=4, routed)           0.058     3.143    design_1_i/vedic_mult_64x64_par_0/inst/u1/u0/u0/u0/u0/rpa_first_stage_inst_u0/int_carry_out_res_2
    SLICE_X6Y56          LUT6 (Prop_H6LUT_SLICEL_I0_O)
                                                      0.083     3.226 r  design_1_i/vedic_mult_64x64_par_0/inst/u1/u0/u0/u0/u0/reg_k_bus[13]_i_6/O
                         net (fo=1, routed)           0.177     3.403    design_1_i/vedic_mult_64x64_par_0/inst/u1/u0/u0/u0/u0/carry_out1__3
    SLICE_X9Y56          LUT6 (Prop_G6LUT_SLICEL_I5_O)
                                                      0.057     3.460 r  design_1_i/vedic_mult_64x64_par_0/inst/u1/u0/u0/u0/u0/reg_k_bus[13]_i_4/O
                         net (fo=2, routed)           0.054     3.514    design_1_i/vedic_mult_64x64_par_0/inst/u1/u0/u0/u0/u0/rpa_first_stage_inst_u0/int_carry_out_res_7
    SLICE_X9Y56          LUT6 (Prop_F6LUT_SLICEL_I0_O)
                                                      0.150     3.664 r  design_1_i/vedic_mult_64x64_par_0/inst/u1/u0/u0/u0/u0/reg_k_bus[18]_i_6/O
                         net (fo=1, routed)           0.101     3.765    design_1_i/vedic_mult_64x64_par_0/inst/u1/u0/u0/u0/u0/carry_out1__8
    SLICE_X9Y54          LUT6 (Prop_F6LUT_SLICEL_I5_O)
                                                      0.056     3.821 r  design_1_i/vedic_mult_64x64_par_0/inst/u1/u0/u0/u0/u0/reg_k_bus[18]_i_4/O
                         net (fo=2, routed)           0.056     3.878    design_1_i/vedic_mult_64x64_par_0/inst/u1/u0/u0/u0/u0/rpa_first_stage_inst_u0/int_carry_out_res_12
    SLICE_X9Y54          LUT6 (Prop_G6LUT_SLICEL_I0_O)
                                                      0.082     3.960 r  design_1_i/vedic_mult_64x64_par_0/inst/u1/u0/u0/u0/u0/reg_k_bus[23]_i_6/O
                         net (fo=1, routed)           0.065     4.025    design_1_i/vedic_mult_64x64_par_0/inst/u1/u0/u0/u0/u0/carry_out1__13
    SLICE_X9Y54          LUT6 (Prop_C6LUT_SLICEL_I5_O)
                                                      0.187     4.212 r  design_1_i/vedic_mult_64x64_par_0/inst/u1/u0/u0/u0/u0/reg_k_bus[23]_i_4/O
                         net (fo=2, routed)           0.153     4.365    design_1_i/vedic_mult_64x64_par_0/inst/u1/u0/u0/u0/u0/rpa_first_stage_inst_u0/int_carry_out_res_17
    SLICE_X9Y53          LUT6 (Prop_C6LUT_SLICEL_I0_O)
                                                      0.056     4.421 r  design_1_i/vedic_mult_64x64_par_0/inst/u1/u0/u0/u0/u0/reg_k_bus[28]_i_6/O
                         net (fo=1, routed)           0.050     4.471    design_1_i/vedic_mult_64x64_par_0/inst/u1/u0/u0/u0/u0/carry_out1__18
    SLICE_X9Y53          LUT6 (Prop_D6LUT_SLICEL_I5_O)
                                                      0.057     4.528 r  design_1_i/vedic_mult_64x64_par_0/inst/u1/u0/u0/u0/u0/reg_k_bus[28]_i_4/O
                         net (fo=2, routed)           0.049     4.577    design_1_i/vedic_mult_64x64_par_0/inst/u1/u0/u0/u0/u0/rpa_first_stage_inst_u0/int_carry_out_res_22
    SLICE_X9Y53          LUT6 (Prop_B6LUT_SLICEL_I0_O)
                                                      0.083     4.660 r  design_1_i/vedic_mult_64x64_par_0/inst/u1/u0/u0/u0/u0/reg_k_bus[33]_i_6/O
                         net (fo=1, routed)           0.094     4.754    design_1_i/vedic_mult_64x64_par_0/inst/u1/u0/u0/u0/u0/carry_out1__23
    SLICE_X8Y53          LUT6 (Prop_F6LUT_SLICEM_I5_O)
                                                      0.056     4.810 r  design_1_i/vedic_mult_64x64_par_0/inst/u1/u0/u0/u0/u0/reg_k_bus[33]_i_4/O
                         net (fo=2, routed)           0.053     4.863    design_1_i/vedic_mult_64x64_par_0/inst/u1/u0/u0/u0/u0/rpa_first_stage_inst_u0/int_carry_out_res_27
    SLICE_X8Y53          LUT6 (Prop_G6LUT_SLICEM_I0_O)
                                                      0.057     4.920 r  design_1_i/vedic_mult_64x64_par_0/inst/u1/u0/u0/u0/u0/reg_k_bus[38]_i_6/O
                         net (fo=1, routed)           0.148     5.068    design_1_i/vedic_mult_64x64_par_0/inst/u1/u0/u0/u0/u0/carry_out1__28
    SLICE_X9Y53          LUT6 (Prop_E6LUT_SLICEL_I5_O)
                                                      0.057     5.125 r  design_1_i/vedic_mult_64x64_par_0/inst/u1/u0/u0/u0/u0/reg_k_bus[38]_i_4/O
                         net (fo=2, routed)           0.100     5.225    design_1_i/vedic_mult_64x64_par_0/inst/u1/u0/u0/u0/u0/rpa_first_stage_inst_u0/int_carry_out_res_32
    SLICE_X9Y52          LUT6 (Prop_D6LUT_SLICEL_I0_O)
                                                      0.057     5.282 r  design_1_i/vedic_mult_64x64_par_0/inst/u1/u0/u0/u0/u0/reg_k_bus[43]_i_6/O
                         net (fo=1, routed)           0.045     5.327    design_1_i/vedic_mult_64x64_par_0/inst/u1/u0/u0/u0/u0/carry_out1__33
    SLICE_X9Y52          LUT6 (Prop_B6LUT_SLICEL_I5_O)
                                                      0.083     5.410 r  design_1_i/vedic_mult_64x64_par_0/inst/u1/u0/u0/u0/u0/reg_k_bus[43]_i_4/O
                         net (fo=2, routed)           0.101     5.511    design_1_i/vedic_mult_64x64_par_0/inst/u1/u0/u0/u0/u0/rpa_first_stage_inst_u0/int_carry_out_res_37
    SLICE_X9Y51          LUT6 (Prop_F6LUT_SLICEL_I0_O)
                                                      0.056     5.567 r  design_1_i/vedic_mult_64x64_par_0/inst/u1/u0/u0/u0/u0/reg_k_bus[48]_i_6/O
                         net (fo=1, routed)           0.046     5.613    design_1_i/vedic_mult_64x64_par_0/inst/u1/u0/u0/u0/u0/carry_out1__38
    SLICE_X9Y51          LUT6 (Prop_G6LUT_SLICEL_I5_O)
                                                      0.057     5.670 r  design_1_i/vedic_mult_64x64_par_0/inst/u1/u0/u0/u0/u0/reg_k_bus[48]_i_4/O
                         net (fo=2, routed)           0.109     5.779    design_1_i/vedic_mult_64x64_par_0/inst/u1/u0/u0/u0/u0/rpa_first_stage_inst_u0/int_carry_out_res_42
    SLICE_X9Y49          LUT6 (Prop_E6LUT_SLICEL_I0_O)
                                                      0.057     5.836 r  design_1_i/vedic_mult_64x64_par_0/inst/u1/u0/u0/u0/u0/reg_k_bus[53]_i_6/O
                         net (fo=1, routed)           0.047     5.883    design_1_i/vedic_mult_64x64_par_0/inst/u1/u0/u0/u0/u0/carry_out1__43
    SLICE_X9Y49          LUT6 (Prop_D6LUT_SLICEL_I5_O)
                                                      0.057     5.940 r  design_1_i/vedic_mult_64x64_par_0/inst/u1/u0/u0/u0/u0/reg_k_bus[53]_i_4/O
                         net (fo=2, routed)           0.100     6.040    design_1_i/vedic_mult_64x64_par_0/inst/u1/u0/u0/u0/u0/rpa_first_stage_inst_u0/int_carry_out_res_47
    SLICE_X8Y49          LUT6 (Prop_F6LUT_SLICEM_I0_O)
                                                      0.056     6.096 r  design_1_i/vedic_mult_64x64_par_0/inst/u1/u0/u0/u0/u0/reg_k_bus[58]_i_6/O
                         net (fo=1, routed)           0.051     6.147    design_1_i/vedic_mult_64x64_par_0/inst/u1/u0/u0/u0/u0/carry_out1__48
    SLICE_X8Y49          LUT6 (Prop_H6LUT_SLICEM_I5_O)
                                                      0.060     6.207 r  design_1_i/vedic_mult_64x64_par_0/inst/u1/u0/u0/u0/u0/reg_k_bus[58]_i_4/O
                         net (fo=2, routed)           0.055     6.262    design_1_i/vedic_mult_64x64_par_0/inst/u1/u0/u0/u0/u0/rpa_first_stage_inst_u0/int_carry_out_res_52
    SLICE_X8Y49          LUT5 (Prop_G6LUT_SLICEM_I4_O)
                                                      0.057     6.319 r  design_1_i/vedic_mult_64x64_par_0/inst/u1/u0/u0/u0/u0/reg_k_bus[58]_i_3/O
                         net (fo=2, routed)           0.106     6.425    design_1_i/vedic_mult_64x64_par_0/inst/u1/u0/u0/u0/u0/rpa_first_stage_inst_u0/int_carry_out_res_54
    SLICE_X8Y47          LUT5 (Prop_F6LUT_SLICEM_I4_O)
                                                      0.056     6.481 r  design_1_i/vedic_mult_64x64_par_0/inst/u1/u0/u0/u0/u0/reg_k_bus[58]_i_2/O
                         net (fo=2, routed)           0.118     6.599    design_1_i/vedic_mult_64x64_par_0/inst/u1/u0/u0/u0/u0/rpa_first_stage_inst_u0/int_carry_out_res_56
    SLICE_X7Y47          LUT5 (Prop_F6LUT_SLICEM_I4_O)
                                                      0.056     6.655 r  design_1_i/vedic_mult_64x64_par_0/inst/u1/u0/u0/u0/u0/reg_k_bus[60]_i_2/O
                         net (fo=2, routed)           0.104     6.759    design_1_i/vedic_mult_64x64_par_0/inst/u1/u0/u0/u0/u0/rpa_first_stage_inst_u0/int_carry_out_res_58
    SLICE_X6Y47          LUT5 (Prop_H5LUT_SLICEL_I0_O)
                                                      0.088     6.847 r  design_1_i/vedic_mult_64x64_par_0/inst/u1/u0/u0/u0/u0/reg_k_bus[60]_i_1/O
                         net (fo=1, routed)           0.023     6.870    design_1_i/vedic_mult_64x64_par_0/inst/k_bus[60]
    SLICE_X6Y47          FDRE                                         r  design_1_i/vedic_mult_64x64_par_0/inst/reg_k_bus_reg[60]/D
  -------------------------------------------------------------------    -------------------

                         (clock clk_pl_0 rise edge)
                                                      3.333     3.333 r  
    PS8_X0Y0             PS8                          0.000     3.333 r  design_1_i/zynq_ultra_ps_e_0/inst/PS8_i/PLCLK[0]
                         net (fo=1, routed)           0.181     3.514    design_1_i/zynq_ultra_ps_e_0/inst/pl_clk_unbuffered[0]
    BUFG_PS_X0Y80        BUFG_PS (Prop_BUFG_PS_I_O)
                                                      0.035     3.549 r  design_1_i/zynq_ultra_ps_e_0/inst/buffer_pl_clk_0.PL_CLK_0_BUFG/O
    X0Y1 (CLOCK_ROOT)    net (fo=23506, routed)       2.209     5.758    design_1_i/vedic_mult_64x64_par_0/inst/clk
    SLICE_X6Y47          FDRE                                         r  design_1_i/vedic_mult_64x64_par_0/inst/reg_k_bus_reg[60]/C
                         clock pessimism              0.185     5.943    
                         clock uncertainty           -0.104     5.839    
    SLICE_X6Y47          FDRE (Setup_HFF2_SLICEL_C_D)
                                                      0.046     5.885    design_1_i/vedic_mult_64x64_par_0/inst/reg_k_bus_reg[60]
  -------------------------------------------------------------------
                         required time                          5.885    
                         arrival time                          -6.870    
  -------------------------------------------------------------------
                         slack                                 -0.985    

Slack (VIOLATED) :        -0.984ns  (required time - arrival time)
  Source:                 design_1_i/vedic_mult_64x64_par_0/inst/mult_res_reg[2]_srl14_srlopt/C
                            (rising edge-triggered cell FDRE clocked by clk_pl_0  {rise@0.000ns fall@1.666ns period=3.333ns})
  Destination:            design_1_i/vedic_mult_64x64_par_0/inst/reg_k_bus_reg[57]/D
                            (rising edge-triggered cell FDRE clocked by clk_pl_0  {rise@0.000ns fall@1.666ns period=3.333ns})
  Path Group:             clk_pl_0
  Path Type:              Setup (Max at Slow Process Corner)
  Requirement:            3.333ns  (clk_pl_0 rise@3.333ns - clk_pl_0 rise@0.000ns)
  Data Path Delay:        4.156ns  (logic 2.033ns (48.918%)  route 2.123ns (51.082%))
  Logic Levels:           24  (LUT5=5 LUT6=19)
  Clock Path Skew:        -0.103ns (DCD - SCD + CPR)
    Destination Clock Delay (DCD):    2.360ns = ( 5.693 - 3.333 ) 
    Source Clock Delay      (SCD):    2.649ns
    Clock Pessimism Removal (CPR):    0.185ns
  Clock Uncertainty:      0.104ns  ((TSJ^2 + DJ^2)^1/2) / 2 + PE
    Total System Jitter     (TSJ):    0.071ns
    Discrete Jitter          (DJ):    0.195ns
    Phase Error              (PE):    0.000ns
  Clock Net Delay (Source):      2.382ns (routing 1.045ns, distribution 1.337ns)
  Clock Net Delay (Destination): 2.144ns (routing 0.955ns, distribution 1.189ns)

    Location             Delay type                Incr(ns)  Path(ns)    Netlist Resource(s)
  -------------------------------------------------------------------    -------------------
                         (clock clk_pl_0 rise edge)
                                                      0.000     0.000 r  
    PS8_X0Y0             PS8                          0.000     0.000 r  design_1_i/zynq_ultra_ps_e_0/inst/PS8_i/PLCLK[0]
                         net (fo=1, routed)           0.229     0.229    design_1_i/zynq_ultra_ps_e_0/inst/pl_clk_unbuffered[0]
    BUFG_PS_X0Y80        BUFG_PS (Prop_BUFG_PS_I_O)
                                                      0.038     0.267 r  design_1_i/zynq_ultra_ps_e_0/inst/buffer_pl_clk_0.PL_CLK_0_BUFG/O
    X0Y1 (CLOCK_ROOT)    net (fo=23506, routed)       2.382     2.649    design_1_i/vedic_mult_64x64_par_0/inst/clk
    SLICE_X6Y56          FDRE                                         r  design_1_i/vedic_mult_64x64_par_0/inst/mult_res_reg[2]_srl14_srlopt/C
  -------------------------------------------------------------------    -------------------
    SLICE_X6Y56          FDRE (Prop_CFF_SLICEL_C_Q)
                                                      0.114     2.763 r  design_1_i/vedic_mult_64x64_par_0/inst/mult_res_reg[2]_srl14_srlopt/Q
                         net (fo=2, routed)           0.097     2.859    design_1_i/vedic_mult_64x64_par_0/inst/u1/u0/u0/u0/u0/reg_j_bus[65]
    SLICE_X6Y56          LUT6 (Prop_G6LUT_SLICEL_I0_O)
                                                      0.226     3.085 r  design_1_i/vedic_mult_64x64_par_0/inst/u1/u0/u0/u0/u0/reg_k_bus[4]_i_2__79/O
                         net (fo=4, routed)           0.058     3.143    design_1_i/vedic_mult_64x64_par_0/inst/u1/u0/u0/u0/u0/rpa_first_stage_inst_u0/int_carry_out_res_2
    SLICE_X6Y56          LUT6 (Prop_H6LUT_SLICEL_I0_O)
                                                      0.083     3.226 r  design_1_i/vedic_mult_64x64_par_0/inst/u1/u0/u0/u0/u0/reg_k_bus[13]_i_6/O
                         net (fo=1, routed)           0.177     3.403    design_1_i/vedic_mult_64x64_par_0/inst/u1/u0/u0/u0/u0/carry_out1__3
    SLICE_X9Y56          LUT6 (Prop_G6LUT_SLICEL_I5_O)
                                                      0.057     3.460 r  design_1_i/vedic_mult_64x64_par_0/inst/u1/u0/u0/u0/u0/reg_k_bus[13]_i_4/O
                         net (fo=2, routed)           0.054     3.514    design_1_i/vedic_mult_64x64_par_0/inst/u1/u0/u0/u0/u0/rpa_first_stage_inst_u0/int_carry_out_res_7
    SLICE_X9Y56          LUT6 (Prop_F6LUT_SLICEL_I0_O)
                                                      0.150     3.664 r  design_1_i/vedic_mult_64x64_par_0/inst/u1/u0/u0/u0/u0/reg_k_bus[18]_i_6/O
                         net (fo=1, routed)           0.101     3.765    design_1_i/vedic_mult_64x64_par_0/inst/u1/u0/u0/u0/u0/carry_out1__8
    SLICE_X9Y54          LUT6 (Prop_F6LUT_SLICEL_I5_O)
                                                      0.056     3.821 r  design_1_i/vedic_mult_64x64_par_0/inst/u1/u0/u0/u0/u0/reg_k_bus[18]_i_4/O
                         net (fo=2, routed)           0.056     3.878    design_1_i/vedic_mult_64x64_par_0/inst/u1/u0/u0/u0/u0/rpa_first_stage_inst_u0/int_carry_out_res_12
    SLICE_X9Y54          LUT6 (Prop_G6LUT_SLICEL_I0_O)
                                                      0.082     3.960 r  design_1_i/vedic_mult_64x64_par_0/inst/u1/u0/u0/u0/u0/reg_k_bus[23]_i_6/O
                         net (fo=1, routed)           0.065     4.025    design_1_i/vedic_mult_64x64_par_0/inst/u1/u0/u0/u0/u0/carry_out1__13
    SLICE_X9Y54          LUT6 (Prop_C6LUT_SLICEL_I5_O)
                                                      0.187     4.212 r  design_1_i/vedic_mult_64x64_par_0/inst/u1/u0/u0/u0/u0/reg_k_bus[23]_i_4/O
                         net (fo=2, routed)           0.153     4.365    design_1_i/vedic_mult_64x64_par_0/inst/u1/u0/u0/u0/u0/rpa_first_stage_inst_u0/int_carry_out_res_17
    SLICE_X9Y53          LUT6 (Prop_C6LUT_SLICEL_I0_O)
                                                      0.056     4.421 r  design_1_i/vedic_mult_64x64_par_0/inst/u1/u0/u0/u0/u0/reg_k_bus[28]_i_6/O
                         net (fo=1, routed)           0.050     4.471    design_1_i/vedic_mult_64x64_par_0/inst/u1/u0/u0/u0/u0/carry_out1__18
    SLICE_X9Y53          LUT6 (Prop_D6LUT_SLICEL_I5_O)
                                                      0.057     4.528 r  design_1_i/vedic_mult_64x64_par_0/inst/u1/u0/u0/u0/u0/reg_k_bus[28]_i_4/O
                         net (fo=2, routed)           0.049     4.577    design_1_i/vedic_mult_64x64_par_0/inst/u1/u0/u0/u0/u0/rpa_first_stage_inst_u0/int_carry_out_res_22
    SLICE_X9Y53          LUT6 (Prop_B6LUT_SLICEL_I0_O)
                                                      0.083     4.660 r  design_1_i/vedic_mult_64x64_par_0/inst/u1/u0/u0/u0/u0/reg_k_bus[33]_i_6/O
                         net (fo=1, routed)           0.094     4.754    design_1_i/vedic_mult_64x64_par_0/inst/u1/u0/u0/u0/u0/carry_out1__23
    SLICE_X8Y53          LUT6 (Prop_F6LUT_SLICEM_I5_O)
                                                      0.056     4.810 r  design_1_i/vedic_mult_64x64_par_0/inst/u1/u0/u0/u0/u0/reg_k_bus[33]_i_4/O
                         net (fo=2, routed)           0.053     4.863    design_1_i/vedic_mult_64x64_par_0/inst/u1/u0/u0/u0/u0/rpa_first_stage_inst_u0/int_carry_out_res_27
    SLICE_X8Y53          LUT6 (Prop_G6LUT_SLICEM_I0_O)
                                                      0.057     4.920 r  design_1_i/vedic_mult_64x64_par_0/inst/u1/u0/u0/u0/u0/reg_k_bus[38]_i_6/O
                         net (fo=1, routed)           0.148     5.068    design_1_i/vedic_mult_64x64_par_0/inst/u1/u0/u0/u0/u0/carry_out1__28
    SLICE_X9Y53          LUT6 (Prop_E6LUT_SLICEL_I5_O)
                                                      0.057     5.125 r  design_1_i/vedic_mult_64x64_par_0/inst/u1/u0/u0/u0/u0/reg_k_bus[38]_i_4/O
                         net (fo=2, routed)           0.100     5.225    design_1_i/vedic_mult_64x64_par_0/inst/u1/u0/u0/u0/u0/rpa_first_stage_inst_u0/int_carry_out_res_32
    SLICE_X9Y52          LUT6 (Prop_D6LUT_SLICEL_I0_O)
                                                      0.057     5.282 r  design_1_i/vedic_mult_64x64_par_0/inst/u1/u0/u0/u0/u0/reg_k_bus[43]_i_6/O
                         net (fo=1, routed)           0.045     5.327    design_1_i/vedic_mult_64x64_par_0/inst/u1/u0/u0/u0/u0/carry_out1__33
    SLICE_X9Y52          LUT6 (Prop_B6LUT_SLICEL_I5_O)
                                                      0.083     5.410 r  design_1_i/vedic_mult_64x64_par_0/inst/u1/u0/u0/u0/u0/reg_k_bus[43]_i_4/O
                         net (fo=2, routed)           0.101     5.511    design_1_i/vedic_mult_64x64_par_0/inst/u1/u0/u0/u0/u0/rpa_first_stage_inst_u0/int_carry_out_res_37
    SLICE_X9Y51          LUT6 (Prop_F6LUT_SLICEL_I0_O)
                                                      0.056     5.567 r  design_1_i/vedic_mult_64x64_par_0/inst/u1/u0/u0/u0/u0/reg_k_bus[48]_i_6/O
                         net (fo=1, routed)           0.046     5.613    design_1_i/vedic_mult_64x64_par_0/inst/u1/u0/u0/u0/u0/carry_out1__38
    SLICE_X9Y51          LUT6 (Prop_G6LUT_SLICEL_I5_O)
                                                      0.057     5.670 r  design_1_i/vedic_mult_64x64_par_0/inst/u1/u0/u0/u0/u0/reg_k_bus[48]_i_4/O
                         net (fo=2, routed)           0.109     5.779    design_1_i/vedic_mult_64x64_par_0/inst/u1/u0/u0/u0/u0/rpa_first_stage_inst_u0/int_carry_out_res_42
    SLICE_X9Y49          LUT6 (Prop_E6LUT_SLICEL_I0_O)
                                                      0.057     5.836 r  design_1_i/vedic_mult_64x64_par_0/inst/u1/u0/u0/u0/u0/reg_k_bus[53]_i_6/O
                         net (fo=1, routed)           0.047     5.883    design_1_i/vedic_mult_64x64_par_0/inst/u1/u0/u0/u0/u0/carry_out1__43
    SLICE_X9Y49          LUT6 (Prop_D6LUT_SLICEL_I5_O)
                                                      0.057     5.940 r  design_1_i/vedic_mult_64x64_par_0/inst/u1/u0/u0/u0/u0/reg_k_bus[53]_i_4/O
                         net (fo=2, routed)           0.049     5.989    design_1_i/vedic_mult_64x64_par_0/inst/u1/u0/u0/u0/u0/rpa_first_stage_inst_u0/int_carry_out_res_47
    SLICE_X9Y49          LUT5 (Prop_B6LUT_SLICEL_I4_O)
                                                      0.083     6.072 r  design_1_i/vedic_mult_64x64_par_0/inst/u1/u0/u0/u0/u0/reg_k_bus[53]_i_3/O
                         net (fo=1, routed)           0.147     6.219    design_1_i/vedic_mult_64x64_par_0/inst/u1/u0/u0/u0/u0/rpa_first_stage_inst_u0/int_carry_out_res_49
    SLICE_X8Y49          LUT5 (Prop_E6LUT_SLICEM_I4_O)
                                                      0.057     6.276 r  design_1_i/vedic_mult_64x64_par_0/inst/u1/u0/u0/u0/u0/reg_k_bus[53]_i_2/O
                         net (fo=2, routed)           0.101     6.377    design_1_i/vedic_mult_64x64_par_0/inst/u1/u0/u0/u0/u0/rpa_first_stage_inst_u0/int_carry_out_res_51
    SLICE_X8Y48          LUT5 (Prop_D6LUT_SLICEM_I4_O)
                                                      0.056     6.433 r  design_1_i/vedic_mult_64x64_par_0/inst/u1/u0/u0/u0/u0/reg_k_bus[55]_i_2/O
                         net (fo=3, routed)           0.096     6.529    design_1_i/vedic_mult_64x64_par_0/inst/u1/u0/u0/u0/u0/rpa_first_stage_inst_u0/int_carry_out_res_53
    SLICE_X9Y48          LUT5 (Prop_F6LUT_SLICEL_I4_O)
                                                      0.056     6.585 r  design_1_i/vedic_mult_64x64_par_0/inst/u1/u0/u0/u0/u0/reg_k_bus[57]_i_2/O
                         net (fo=2, routed)           0.092     6.677    design_1_i/vedic_mult_64x64_par_0/inst/u1/u0/u0/u0/u0/rpa_first_stage_inst_u0/int_carry_out_res_55
    SLICE_X8Y48          LUT5 (Prop_G5LUT_SLICEM_I0_O)
                                                      0.093     6.770 r  design_1_i/vedic_mult_64x64_par_0/inst/u1/u0/u0/u0/u0/reg_k_bus[57]_i_1/O
                         net (fo=1, routed)           0.034     6.804    design_1_i/vedic_mult_64x64_par_0/inst/k_bus[57]
    SLICE_X8Y48          FDRE                                         r  design_1_i/vedic_mult_64x64_par_0/inst/reg_k_bus_reg[57]/D
  -------------------------------------------------------------------    -------------------

                         (clock clk_pl_0 rise edge)
                                                      3.333     3.333 r  
    PS8_X0Y0             PS8                          0.000     3.333 r  design_1_i/zynq_ultra_ps_e_0/inst/PS8_i/PLCLK[0]
                         net (fo=1, routed)           0.181     3.514    design_1_i/zynq_ultra_ps_e_0/inst/pl_clk_unbuffered[0]
    BUFG_PS_X0Y80        BUFG_PS (Prop_BUFG_PS_I_O)
                                                      0.035     3.549 r  design_1_i/zynq_ultra_ps_e_0/inst/buffer_pl_clk_0.PL_CLK_0_BUFG/O
    X0Y1 (CLOCK_ROOT)    net (fo=23506, routed)       2.144     5.693    design_1_i/vedic_mult_64x64_par_0/inst/clk
    SLICE_X8Y48          FDRE                                         r  design_1_i/vedic_mult_64x64_par_0/inst/reg_k_bus_reg[57]/C
                         clock pessimism              0.185     5.878    
                         clock uncertainty           -0.104     5.775    
    SLICE_X8Y48          FDRE (Setup_GFF2_SLICEM_C_D)
                                                      0.046     5.821    design_1_i/vedic_mult_64x64_par_0/inst/reg_k_bus_reg[57]
  -------------------------------------------------------------------
                         required time                          5.821    
                         arrival time                          -6.804    
  -------------------------------------------------------------------
                         slack                                 -0.984    

Slack (VIOLATED) :        -0.966ns  (required time - arrival time)
  Source:                 design_1_i/vedic_mult_64x64_par_0/inst/mult_res_reg[2]_srl14_srlopt/C
                            (rising edge-triggered cell FDRE clocked by clk_pl_0  {rise@0.000ns fall@1.666ns period=3.333ns})
  Destination:            design_1_i/vedic_mult_64x64_par_0/inst/reg_k_bus_reg[61]/D
                            (rising edge-triggered cell FDRE clocked by clk_pl_0  {rise@0.000ns fall@1.666ns period=3.333ns})
  Path Group:             clk_pl_0
  Path Type:              Setup (Max at Slow Process Corner)
  Requirement:            3.333ns  (clk_pl_0 rise@3.333ns - clk_pl_0 rise@0.000ns)
  Data Path Delay:        4.200ns  (logic 2.000ns (47.615%)  route 2.200ns (52.385%))
  Logic Levels:           24  (LUT3=1 LUT5=1 LUT6=22)
  Clock Path Skew:        -0.039ns (DCD - SCD + CPR)
    Destination Clock Delay (DCD):    2.425ns = ( 5.758 - 3.333 ) 
    Source Clock Delay      (SCD):    2.649ns
    Clock Pessimism Removal (CPR):    0.185ns
  Clock Uncertainty:      0.104ns  ((TSJ^2 + DJ^2)^1/2) / 2 + PE
    Total System Jitter     (TSJ):    0.071ns
    Discrete Jitter          (DJ):    0.195ns
    Phase Error              (PE):    0.000ns
  Clock Net Delay (Source):      2.382ns (routing 1.045ns, distribution 1.337ns)
  Clock Net Delay (Destination): 2.209ns (routing 0.955ns, distribution 1.254ns)

    Location             Delay type                Incr(ns)  Path(ns)    Netlist Resource(s)
  -------------------------------------------------------------------    -------------------
                         (clock clk_pl_0 rise edge)
                                                      0.000     0.000 r  
    PS8_X0Y0             PS8                          0.000     0.000 r  design_1_i/zynq_ultra_ps_e_0/inst/PS8_i/PLCLK[0]
                         net (fo=1, routed)           0.229     0.229    design_1_i/zynq_ultra_ps_e_0/inst/pl_clk_unbuffered[0]
    BUFG_PS_X0Y80        BUFG_PS (Prop_BUFG_PS_I_O)
                                                      0.038     0.267 r  design_1_i/zynq_ultra_ps_e_0/inst/buffer_pl_clk_0.PL_CLK_0_BUFG/O
    X0Y1 (CLOCK_ROOT)    net (fo=23506, routed)       2.382     2.649    design_1_i/vedic_mult_64x64_par_0/inst/clk
    SLICE_X6Y56          FDRE                                         r  design_1_i/vedic_mult_64x64_par_0/inst/mult_res_reg[2]_srl14_srlopt/C
  -------------------------------------------------------------------    -------------------
    SLICE_X6Y56          FDRE (Prop_CFF_SLICEL_C_Q)
                                                      0.114     2.763 r  design_1_i/vedic_mult_64x64_par_0/inst/mult_res_reg[2]_srl14_srlopt/Q
                         net (fo=2, routed)           0.097     2.859    design_1_i/vedic_mult_64x64_par_0/inst/u1/u0/u0/u0/u0/reg_j_bus[65]
    SLICE_X6Y56          LUT6 (Prop_G6LUT_SLICEL_I0_O)
                                                      0.226     3.085 r  design_1_i/vedic_mult_64x64_par_0/inst/u1/u0/u0/u0/u0/reg_k_bus[4]_i_2__79/O
                         net (fo=4, routed)           0.058     3.143    design_1_i/vedic_mult_64x64_par_0/inst/u1/u0/u0/u0/u0/rpa_first_stage_inst_u0/int_carry_out_res_2
    SLICE_X6Y56          LUT6 (Prop_H6LUT_SLICEL_I0_O)
                                                      0.083     3.226 r  design_1_i/vedic_mult_64x64_par_0/inst/u1/u0/u0/u0/u0/reg_k_bus[13]_i_6/O
                         net (fo=1, routed)           0.177     3.403    design_1_i/vedic_mult_64x64_par_0/inst/u1/u0/u0/u0/u0/carry_out1__3
    SLICE_X9Y56          LUT6 (Prop_G6LUT_SLICEL_I5_O)
                                                      0.057     3.460 r  design_1_i/vedic_mult_64x64_par_0/inst/u1/u0/u0/u0/u0/reg_k_bus[13]_i_4/O
                         net (fo=2, routed)           0.054     3.514    design_1_i/vedic_mult_64x64_par_0/inst/u1/u0/u0/u0/u0/rpa_first_stage_inst_u0/int_carry_out_res_7
    SLICE_X9Y56          LUT6 (Prop_F6LUT_SLICEL_I0_O)
                                                      0.150     3.664 r  design_1_i/vedic_mult_64x64_par_0/inst/u1/u0/u0/u0/u0/reg_k_bus[18]_i_6/O
                         net (fo=1, routed)           0.101     3.765    design_1_i/vedic_mult_64x64_par_0/inst/u1/u0/u0/u0/u0/carry_out1__8
    SLICE_X9Y54          LUT6 (Prop_F6LUT_SLICEL_I5_O)
                                                      0.056     3.821 r  design_1_i/vedic_mult_64x64_par_0/inst/u1/u0/u0/u0/u0/reg_k_bus[18]_i_4/O
                         net (fo=2, routed)           0.056     3.878    design_1_i/vedic_mult_64x64_par_0/inst/u1/u0/u0/u0/u0/rpa_first_stage_inst_u0/int_carry_out_res_12
    SLICE_X9Y54          LUT6 (Prop_G6LUT_SLICEL_I0_O)
                                                      0.082     3.960 r  design_1_i/vedic_mult_64x64_par_0/inst/u1/u0/u0/u0/u0/reg_k_bus[23]_i_6/O
                         net (fo=1, routed)           0.065     4.025    design_1_i/vedic_mult_64x64_par_0/inst/u1/u0/u0/u0/u0/carry_out1__13
    SLICE_X9Y54          LUT6 (Prop_C6LUT_SLICEL_I5_O)
                                                      0.187     4.212 r  design_1_i/vedic_mult_64x64_par_0/inst/u1/u0/u0/u0/u0/reg_k_bus[23]_i_4/O
                         net (fo=2, routed)           0.153     4.365    design_1_i/vedic_mult_64x64_par_0/inst/u1/u0/u0/u0/u0/rpa_first_stage_inst_u0/int_carry_out_res_17
    SLICE_X9Y53          LUT6 (Prop_C6LUT_SLICEL_I0_O)
                                                      0.056     4.421 r  design_1_i/vedic_mult_64x64_par_0/inst/u1/u0/u0/u0/u0/reg_k_bus[28]_i_6/O
                         net (fo=1, routed)           0.050     4.471    design_1_i/vedic_mult_64x64_par_0/inst/u1/u0/u0/u0/u0/carry_out1__18
    SLICE_X9Y53          LUT6 (Prop_D6LUT_SLICEL_I5_O)
                                                      0.057     4.528 r  design_1_i/vedic_mult_64x64_par_0/inst/u1/u0/u0/u0/u0/reg_k_bus[28]_i_4/O
                         net (fo=2, routed)           0.049     4.577    design_1_i/vedic_mult_64x64_par_0/inst/u1/u0/u0/u0/u0/rpa_first_stage_inst_u0/int_carry_out_res_22
    SLICE_X9Y53          LUT6 (Prop_B6LUT_SLICEL_I0_O)
                                                      0.083     4.660 r  design_1_i/vedic_mult_64x64_par_0/inst/u1/u0/u0/u0/u0/reg_k_bus[33]_i_6/O
                         net (fo=1, routed)           0.094     4.754    design_1_i/vedic_mult_64x64_par_0/inst/u1/u0/u0/u0/u0/carry_out1__23
    SLICE_X8Y53          LUT6 (Prop_F6LUT_SLICEM_I5_O)
                                                      0.056     4.810 r  design_1_i/vedic_mult_64x64_par_0/inst/u1/u0/u0/u0/u0/reg_k_bus[33]_i_4/O
                         net (fo=2, routed)           0.053     4.863    design_1_i/vedic_mult_64x64_par_0/inst/u1/u0/u0/u0/u0/rpa_first_stage_inst_u0/int_carry_out_res_27
    SLICE_X8Y53          LUT6 (Prop_G6LUT_SLICEM_I0_O)
                                                      0.057     4.920 r  design_1_i/vedic_mult_64x64_par_0/inst/u1/u0/u0/u0/u0/reg_k_bus[38]_i_6/O
                         net (fo=1, routed)           0.148     5.068    design_1_i/vedic_mult_64x64_par_0/inst/u1/u0/u0/u0/u0/carry_out1__28
    SLICE_X9Y53          LUT6 (Prop_E6LUT_SLICEL_I5_O)
                                                      0.057     5.125 r  design_1_i/vedic_mult_64x64_par_0/inst/u1/u0/u0/u0/u0/reg_k_bus[38]_i_4/O
                         net (fo=2, routed)           0.100     5.225    design_1_i/vedic_mult_64x64_par_0/inst/u1/u0/u0/u0/u0/rpa_first_stage_inst_u0/int_carry_out_res_32
    SLICE_X9Y52          LUT6 (Prop_D6LUT_SLICEL_I0_O)
                                                      0.057     5.282 r  design_1_i/vedic_mult_64x64_par_0/inst/u1/u0/u0/u0/u0/reg_k_bus[43]_i_6/O
                         net (fo=1, routed)           0.045     5.327    design_1_i/vedic_mult_64x64_par_0/inst/u1/u0/u0/u0/u0/carry_out1__33
    SLICE_X9Y52          LUT6 (Prop_B6LUT_SLICEL_I5_O)
                                                      0.083     5.410 r  design_1_i/vedic_mult_64x64_par_0/inst/u1/u0/u0/u0/u0/reg_k_bus[43]_i_4/O
                         net (fo=2, routed)           0.101     5.511    design_1_i/vedic_mult_64x64_par_0/inst/u1/u0/u0/u0/u0/rpa_first_stage_inst_u0/int_carry_out_res_37
    SLICE_X9Y51          LUT6 (Prop_F6LUT_SLICEL_I0_O)
                                                      0.056     5.567 r  design_1_i/vedic_mult_64x64_par_0/inst/u1/u0/u0/u0/u0/reg_k_bus[48]_i_6/O
                         net (fo=1, routed)           0.046     5.613    design_1_i/vedic_mult_64x64_par_0/inst/u1/u0/u0/u0/u0/carry_out1__38
    SLICE_X9Y51          LUT6 (Prop_G6LUT_SLICEL_I5_O)
                                                      0.057     5.670 r  design_1_i/vedic_mult_64x64_par_0/inst/u1/u0/u0/u0/u0/reg_k_bus[48]_i_4/O
                         net (fo=2, routed)           0.109     5.779    design_1_i/vedic_mult_64x64_par_0/inst/u1/u0/u0/u0/u0/rpa_first_stage_inst_u0/int_carry_out_res_42
    SLICE_X9Y49          LUT6 (Prop_E6LUT_SLICEL_I0_O)
                                                      0.057     5.836 r  design_1_i/vedic_mult_64x64_par_0/inst/u1/u0/u0/u0/u0/reg_k_bus[53]_i_6/O
                         net (fo=1, routed)           0.047     5.883    design_1_i/vedic_mult_64x64_par_0/inst/u1/u0/u0/u0/u0/carry_out1__43
    SLICE_X9Y49          LUT6 (Prop_D6LUT_SLICEL_I5_O)
                                                      0.057     5.940 r  design_1_i/vedic_mult_64x64_par_0/inst/u1/u0/u0/u0/u0/reg_k_bus[53]_i_4/O
                         net (fo=2, routed)           0.100     6.040    design_1_i/vedic_mult_64x64_par_0/inst/u1/u0/u0/u0/u0/rpa_first_stage_inst_u0/int_carry_out_res_47
    SLICE_X8Y49          LUT6 (Prop_F6LUT_SLICEM_I0_O)
                                                      0.056     6.096 r  design_1_i/vedic_mult_64x64_par_0/inst/u1/u0/u0/u0/u0/reg_k_bus[58]_i_6/O
                         net (fo=1, routed)           0.051     6.147    design_1_i/vedic_mult_64x64_par_0/inst/u1/u0/u0/u0/u0/carry_out1__48
    SLICE_X8Y49          LUT6 (Prop_H6LUT_SLICEM_I5_O)
                                                      0.060     6.207 r  design_1_i/vedic_mult_64x64_par_0/inst/u1/u0/u0/u0/u0/reg_k_bus[58]_i_4/O
                         net (fo=2, routed)           0.055     6.262    design_1_i/vedic_mult_64x64_par_0/inst/u1/u0/u0/u0/u0/rpa_first_stage_inst_u0/int_carry_out_res_52
    SLICE_X8Y49          LUT5 (Prop_G6LUT_SLICEM_I4_O)
                                                      0.057     6.319 r  design_1_i/vedic_mult_64x64_par_0/inst/u1/u0/u0/u0/u0/reg_k_bus[58]_i_3/O
                         net (fo=2, routed)           0.233     6.552    design_1_i/vedic_mult_64x64_par_0/inst/u1/u0/u0/u0/u0/rpa_first_stage_inst_u0/int_carry_out_res_54
    SLICE_X6Y47          LUT6 (Prop_F6LUT_SLICEL_I3_O)
                                                      0.056     6.608 r  design_1_i/vedic_mult_64x64_par_0/inst/u1/u0/u0/u0/u0/reg_k_bus[62]_i_2_comp_1/O
                         net (fo=2, routed)           0.095     6.703    design_1_i/vedic_mult_64x64_par_0/inst/u1/u0/u0/u0/u0/rpa_first_stage_inst_u0/int_carry_out_res_60
    SLICE_X6Y48          LUT3 (Prop_E6LUT_SLICEL_I0_O)
                                                      0.083     6.786 r  design_1_i/vedic_mult_64x64_par_0/inst/u1/u0/u0/u0/u0/reg_k_bus[61]_i_1/O
                         net (fo=1, routed)           0.063     6.849    design_1_i/vedic_mult_64x64_par_0/inst/k_bus[61]
    SLICE_X6Y48          FDRE                                         r  design_1_i/vedic_mult_64x64_par_0/inst/reg_k_bus_reg[61]/D
  -------------------------------------------------------------------    -------------------

                         (clock clk_pl_0 rise edge)
                                                      3.333     3.333 r  
    PS8_X0Y0             PS8                          0.000     3.333 r  design_1_i/zynq_ultra_ps_e_0/inst/PS8_i/PLCLK[0]
                         net (fo=1, routed)           0.181     3.514    design_1_i/zynq_ultra_ps_e_0/inst/pl_clk_unbuffered[0]
    BUFG_PS_X0Y80        BUFG_PS (Prop_BUFG_PS_I_O)
                                                      0.035     3.549 r  design_1_i/zynq_ultra_ps_e_0/inst/buffer_pl_clk_0.PL_CLK_0_BUFG/O
    X0Y1 (CLOCK_ROOT)    net (fo=23506, routed)       2.209     5.758    design_1_i/vedic_mult_64x64_par_0/inst/clk
    SLICE_X6Y48          FDRE                                         r  design_1_i/vedic_mult_64x64_par_0/inst/reg_k_bus_reg[61]/C
                         clock pessimism              0.185     5.943    
                         clock uncertainty           -0.104     5.839    
    SLICE_X6Y48          FDRE (Setup_EFF_SLICEL_C_D)
                                                      0.044     5.883    design_1_i/vedic_mult_64x64_par_0/inst/reg_k_bus_reg[61]
  -------------------------------------------------------------------
                         required time                          5.883    
                         arrival time                          -6.849    
  -------------------------------------------------------------------
                         slack                                 -0.966    

Slack (VIOLATED) :        -0.963ns  (required time - arrival time)
  Source:                 design_1_i/vedic_mult_64x64_par_0/inst/reg_k_bus_reg[0]/C
                            (rising edge-triggered cell FDRE clocked by clk_pl_0  {rise@0.000ns fall@1.666ns period=3.333ns})
  Destination:            design_1_i/vedic_mult_64x64_par_0/inst/reg_l_bus_reg[61]/D
                            (rising edge-triggered cell FDRE clocked by clk_pl_0  {rise@0.000ns fall@1.666ns period=3.333ns})
  Path Group:             clk_pl_0
  Path Type:              Setup (Max at Slow Process Corner)
  Requirement:            3.333ns  (clk_pl_0 rise@3.333ns - clk_pl_0 rise@0.000ns)
  Data Path Delay:        4.172ns  (logic 1.820ns (43.629%)  route 2.352ns (56.371%))
  Logic Levels:           22  (LUT3=1 LUT5=14 LUT6=7)
  Clock Path Skew:        -0.065ns (DCD - SCD + CPR)
    Destination Clock Delay (DCD):    2.353ns = ( 5.686 - 3.333 ) 
    Source Clock Delay      (SCD):    2.655ns
    Clock Pessimism Removal (CPR):    0.236ns
  Clock Uncertainty:      0.104ns  ((TSJ^2 + DJ^2)^1/2) / 2 + PE
    Total System Jitter     (TSJ):    0.071ns
    Discrete Jitter          (DJ):    0.195ns
    Phase Error              (PE):    0.000ns
  Clock Net Delay (Source):      2.388ns (routing 1.045ns, distribution 1.343ns)
  Clock Net Delay (Destination): 2.137ns (routing 0.955ns, distribution 1.182ns)

    Location             Delay type                Incr(ns)  Path(ns)    Netlist Resource(s)
  -------------------------------------------------------------------    -------------------
                         (clock clk_pl_0 rise edge)
                                                      0.000     0.000 r  
    PS8_X0Y0             PS8                          0.000     0.000 r  design_1_i/zynq_ultra_ps_e_0/inst/PS8_i/PLCLK[0]
                         net (fo=1, routed)           0.229     0.229    design_1_i/zynq_ultra_ps_e_0/inst/pl_clk_unbuffered[0]
    BUFG_PS_X0Y80        BUFG_PS (Prop_BUFG_PS_I_O)
                                                      0.038     0.267 r  design_1_i/zynq_ultra_ps_e_0/inst/buffer_pl_clk_0.PL_CLK_0_BUFG/O
    X0Y1 (CLOCK_ROOT)    net (fo=23506, routed)       2.388     2.655    design_1_i/vedic_mult_64x64_par_0/inst/clk
    SLICE_X5Y56          FDRE                                         r  design_1_i/vedic_mult_64x64_par_0/inst/reg_k_bus_reg[0]/C
  -------------------------------------------------------------------    -------------------
    SLICE_X5Y56          FDRE (Prop_HFF_SLICEM_C_Q)
                                                      0.114     2.769 r  design_1_i/vedic_mult_64x64_par_0/inst/reg_k_bus_reg[0]/Q
                         net (fo=4, routed)           0.160     2.928    design_1_i/vedic_mult_64x64_par_0/inst/reg_k_bus[0]
    SLICE_X5Y56          LUT6 (Prop_C6LUT_SLICEM_I5_O)
                                                      0.149     3.077 r  design_1_i/vedic_mult_64x64_par_0/inst/reg_l_bus[4]_i_2/O
                         net (fo=3, routed)           0.112     3.190    design_1_i/vedic_mult_64x64_par_0/inst/rpa_second_stage_inst_u1/int_carry_out_res_2
    SLICE_X5Y58          LUT5 (Prop_B6LUT_SLICEM_I4_O)
                                                      0.057     3.247 r  design_1_i/vedic_mult_64x64_par_0/inst/reg_l_bus[6]_i_2/O
                         net (fo=3, routed)           0.128     3.374    design_1_i/vedic_mult_64x64_par_0/inst/rpa_second_stage_inst_u1/int_carry_out_res_4
    SLICE_X7Y58          LUT5 (Prop_E6LUT_SLICEM_I4_O)
                                                      0.057     3.431 r  design_1_i/vedic_mult_64x64_par_0/inst/reg_l_bus[8]_i_2/O
                         net (fo=3, routed)           0.106     3.538    design_1_i/vedic_mult_64x64_par_0/inst/rpa_second_stage_inst_u1/int_carry_out_res_6
    SLICE_X7Y57          LUT5 (Prop_C6LUT_SLICEM_I4_O)
                                                      0.080     3.618 r  design_1_i/vedic_mult_64x64_par_0/inst/reg_l_bus[10]_i_2__15/O
                         net (fo=3, routed)           0.055     3.673    design_1_i/vedic_mult_64x64_par_0/inst/rpa_second_stage_inst_u1/int_carry_out_res_8
    SLICE_X7Y57          LUT5 (Prop_D6LUT_SLICEM_I4_O)
                                                      0.056     3.729 r  design_1_i/vedic_mult_64x64_par_0/inst/reg_l_bus[12]_i_2/O
                         net (fo=3, routed)           0.055     3.784    design_1_i/vedic_mult_64x64_par_0/inst/rpa_second_stage_inst_u1/int_carry_out_res_10
    SLICE_X7Y57          LUT5 (Prop_G6LUT_SLICEM_I4_O)
                                                      0.152     3.936 r  design_1_i/vedic_mult_64x64_par_0/inst/reg_l_bus[14]_i_2/O
                         net (fo=3, routed)           0.060     3.996    design_1_i/vedic_mult_64x64_par_0/inst/rpa_second_stage_inst_u1/int_carry_out_res_12
    SLICE_X7Y57          LUT5 (Prop_F6LUT_SLICEM_I4_O)
                                                      0.149     4.145 r  design_1_i/vedic_mult_64x64_par_0/inst/reg_l_bus[16]_i_2/O
                         net (fo=3, routed)           0.062     4.206    design_1_i/vedic_mult_64x64_par_0/inst/rpa_second_stage_inst_u1/int_carry_out_res_14
    SLICE_X7Y57          LUT5 (Prop_E6LUT_SLICEM_I4_O)
                                                      0.138     4.344 r  design_1_i/vedic_mult_64x64_par_0/inst/reg_l_bus[18]_i_2/O
                         net (fo=3, routed)           0.210     4.554    design_1_i/vedic_mult_64x64_par_0/inst/rpa_second_stage_inst_u1/int_carry_out_res_16
    SLICE_X8Y56          LUT5 (Prop_E6LUT_SLICEM_I4_O)
                                                      0.057     4.611 r  design_1_i/vedic_mult_64x64_par_0/inst/reg_l_bus[20]_i_2/O
                         net (fo=3, routed)           0.112     4.723    design_1_i/vedic_mult_64x64_par_0/inst/rpa_second_stage_inst_u1/int_carry_out_res_18
    SLICE_X8Y56          LUT5 (Prop_F6LUT_SLICEM_I4_O)
                                                      0.056     4.779 r  design_1_i/vedic_mult_64x64_par_0/inst/reg_l_bus[22]_i_2/O
                         net (fo=3, routed)           0.054     4.833    design_1_i/vedic_mult_64x64_par_0/inst/rpa_second_stage_inst_u1/int_carry_out_res_20
    SLICE_X8Y56          LUT5 (Prop_G6LUT_SLICEM_I4_O)
                                                      0.082     4.915 r  design_1_i/vedic_mult_64x64_par_0/inst/reg_l_bus[24]_i_2/O
                         net (fo=3, routed)           0.180     5.095    design_1_i/vedic_mult_64x64_par_0/inst/rpa_second_stage_inst_u1/int_carry_out_res_22
    SLICE_X6Y56          LUT5 (Prop_E6LUT_SLICEL_I4_O)
                                                      0.057     5.152 r  design_1_i/vedic_mult_64x64_par_0/inst/reg_l_bus[26]_i_2/O
                         net (fo=3, routed)           0.049     5.201    design_1_i/vedic_mult_64x64_par_0/inst/rpa_second_stage_inst_u1/int_carry_out_res_24
    SLICE_X6Y56          LUT5 (Prop_C6LUT_SLICEL_I4_O)
                                                      0.056     5.257 r  design_1_i/vedic_mult_64x64_par_0/inst/reg_l_bus[28]_i_2/O
                         net (fo=3, routed)           0.108     5.365    design_1_i/vedic_mult_64x64_par_0/inst/rpa_second_stage_inst_u1/int_carry_out_res_26
    SLICE_X6Y54          LUT5 (Prop_B6LUT_SLICEL_I4_O)
                                                      0.058     5.423 r  design_1_i/vedic_mult_64x64_par_0/inst/reg_l_bus[30]_i_2/O
                         net (fo=3, routed)           0.106     5.529    design_1_i/vedic_mult_64x64_par_0/inst/rpa_second_stage_inst_u1/int_carry_out_res_28
    SLICE_X7Y54          LUT5 (Prop_F6LUT_SLICEM_I4_O)
                                                      0.056     5.585 r  design_1_i/vedic_mult_64x64_par_0/inst/reg_l_bus[34]_i_2/O
                         net (fo=5, routed)           0.109     5.694    design_1_i/vedic_mult_64x64_par_0/inst/rpa_second_stage_inst_u1/int_carry_out_res_30
    SLICE_X7Y53          LUT6 (Prop_G6LUT_SLICEM_I1_O)
                                                      0.057     5.751 r  design_1_i/vedic_mult_64x64_par_0/inst/reg_l_bus[39]_i_2/O
                         net (fo=6, routed)           0.105     5.856    design_1_i/vedic_mult_64x64_par_0/inst/rpa_second_stage_inst_u1/int_carry_out_res_34
    SLICE_X7Y53          LUT6 (Prop_C6LUT_SLICEM_I2_O)
                                                      0.080     5.936 r  design_1_i/vedic_mult_64x64_par_0/inst/reg_l_bus[44]_i_2/O
                         net (fo=6, routed)           0.072     6.008    design_1_i/vedic_mult_64x64_par_0/inst/rpa_second_stage_inst_u1/int_carry_out_res_39
    SLICE_X7Y52          LUT6 (Prop_G6LUT_SLICEM_I2_O)
                                                      0.057     6.065 r  design_1_i/vedic_mult_64x64_par_0/inst/reg_l_bus[49]_i_2/O
                         net (fo=6, routed)           0.114     6.179    design_1_i/vedic_mult_64x64_par_0/inst/rpa_second_stage_inst_u1/int_carry_out_res_44
    SLICE_X7Y52          LUT6 (Prop_E6LUT_SLICEM_I2_O)
                                                      0.057     6.236 r  design_1_i/vedic_mult_64x64_par_0/inst/reg_l_bus[54]_i_2/O
                         net (fo=6, routed)           0.109     6.345    design_1_i/vedic_mult_64x64_par_0/inst/rpa_second_stage_inst_u1/int_carry_out_res_49
    SLICE_X7Y52          LUT6 (Prop_F6LUT_SLICEM_I2_O)
                                                      0.056     6.401 r  design_1_i/vedic_mult_64x64_par_0/inst/reg_l_bus[59]_i_2/O
                         net (fo=6, routed)           0.108     6.509    design_1_i/vedic_mult_64x64_par_0/inst/rpa_second_stage_inst_u1/int_carry_out_res_54
    SLICE_X6Y52          LUT6 (Prop_E6LUT_SLICEL_I2_O)
                                                      0.057     6.566 r  design_1_i/vedic_mult_64x64_par_0/inst/reg_l_bus[63]_i_2/O
                         net (fo=5, routed)           0.111     6.677    design_1_i/vedic_mult_64x64_par_0/inst/rpa_second_stage_inst_u1/int_carry_out_res_59
    SLICE_X6Y50          LUT3 (Prop_A6LUT_SLICEL_I1_O)
                                                      0.082     6.759 r  design_1_i/vedic_mult_64x64_par_0/inst/reg_l_bus[61]_i_1/O
                         net (fo=1, routed)           0.067     6.826    design_1_i/vedic_mult_64x64_par_0/inst/l_bus[61]
    SLICE_X6Y50          FDRE                                         r  design_1_i/vedic_mult_64x64_par_0/inst/reg_l_bus_reg[61]/D
  -------------------------------------------------------------------    -------------------

                         (clock clk_pl_0 rise edge)
                                                      3.333     3.333 r  
    PS8_X0Y0             PS8                          0.000     3.333 r  design_1_i/zynq_ultra_ps_e_0/inst/PS8_i/PLCLK[0]
                         net (fo=1, routed)           0.181     3.514    design_1_i/zynq_ultra_ps_e_0/inst/pl_clk_unbuffered[0]
    BUFG_PS_X0Y80        BUFG_PS (Prop_BUFG_PS_I_O)
                                                      0.035     3.549 r  design_1_i/zynq_ultra_ps_e_0/inst/buffer_pl_clk_0.PL_CLK_0_BUFG/O
    X0Y1 (CLOCK_ROOT)    net (fo=23506, routed)       2.137     5.686    design_1_i/vedic_mult_64x64_par_0/inst/clk
    SLICE_X6Y50          FDRE                                         r  design_1_i/vedic_mult_64x64_par_0/inst/reg_l_bus_reg[61]/C
                         clock pessimism              0.236     5.922    
                         clock uncertainty           -0.104     5.819    
    SLICE_X6Y50          FDRE (Setup_AFF_SLICEL_C_D)
                                                      0.044     5.863    design_1_i/vedic_mult_64x64_par_0/inst/reg_l_bus_reg[61]
  -------------------------------------------------------------------
                         required time                          5.863    
                         arrival time                          -6.826    
  -------------------------------------------------------------------
                         slack                                 -0.963    

Slack (VIOLATED) :        -0.952ns  (required time - arrival time)
  Source:                 design_1_i/vedic_mult_64x64_par_0/inst/reg_k_bus_reg[0]/C
                            (rising edge-triggered cell FDRE clocked by clk_pl_0  {rise@0.000ns fall@1.666ns period=3.333ns})
  Destination:            design_1_i/vedic_mult_64x64_par_0/inst/reg_l_bus_reg[63]/D
                            (rising edge-triggered cell FDRE clocked by clk_pl_0  {rise@0.000ns fall@1.666ns period=3.333ns})
  Path Group:             clk_pl_0
  Path Type:              Setup (Max at Slow Process Corner)
  Requirement:            3.333ns  (clk_pl_0 rise@3.333ns - clk_pl_0 rise@0.000ns)
  Data Path Delay:        4.162ns  (logic 1.819ns (43.710%)  route 2.343ns (56.290%))
  Logic Levels:           22  (LUT5=15 LUT6=7)
  Clock Path Skew:        -0.064ns (DCD - SCD + CPR)
    Destination Clock Delay (DCD):    2.354ns = ( 5.687 - 3.333 ) 
    Source Clock Delay      (SCD):    2.655ns
    Clock Pessimism Removal (CPR):    0.236ns
  Clock Uncertainty:      0.104ns  ((TSJ^2 + DJ^2)^1/2) / 2 + PE
    Total System Jitter     (TSJ):    0.071ns
    Discrete Jitter          (DJ):    0.195ns
    Phase Error              (PE):    0.000ns
  Clock Net Delay (Source):      2.388ns (routing 1.045ns, distribution 1.343ns)
  Clock Net Delay (Destination): 2.138ns (routing 0.955ns, distribution 1.183ns)

    Location             Delay type                Incr(ns)  Path(ns)    Netlist Resource(s)
  -------------------------------------------------------------------    -------------------
                         (clock clk_pl_0 rise edge)
                                                      0.000     0.000 r  
    PS8_X0Y0             PS8                          0.000     0.000 r  design_1_i/zynq_ultra_ps_e_0/inst/PS8_i/PLCLK[0]
                         net (fo=1, routed)           0.229     0.229    design_1_i/zynq_ultra_ps_e_0/inst/pl_clk_unbuffered[0]
    BUFG_PS_X0Y80        BUFG_PS (Prop_BUFG_PS_I_O)
                                                      0.038     0.267 r  design_1_i/zynq_ultra_ps_e_0/inst/buffer_pl_clk_0.PL_CLK_0_BUFG/O
    X0Y1 (CLOCK_ROOT)    net (fo=23506, routed)       2.388     2.655    design_1_i/vedic_mult_64x64_par_0/inst/clk
    SLICE_X5Y56          FDRE                                         r  design_1_i/vedic_mult_64x64_par_0/inst/reg_k_bus_reg[0]/C
  -------------------------------------------------------------------    -------------------
    SLICE_X5Y56          FDRE (Prop_HFF_SLICEM_C_Q)
                                                      0.114     2.769 r  design_1_i/vedic_mult_64x64_par_0/inst/reg_k_bus_reg[0]/Q
                         net (fo=4, routed)           0.160     2.928    design_1_i/vedic_mult_64x64_par_0/inst/reg_k_bus[0]
    SLICE_X5Y56          LUT6 (Prop_C6LUT_SLICEM_I5_O)
                                                      0.149     3.077 r  design_1_i/vedic_mult_64x64_par_0/inst/reg_l_bus[4]_i_2/O
                         net (fo=3, routed)           0.112     3.190    design_1_i/vedic_mult_64x64_par_0/inst/rpa_second_stage_inst_u1/int_carry_out_res_2
    SLICE_X5Y58          LUT5 (Prop_B6LUT_SLICEM_I4_O)
                                                      0.057     3.247 r  design_1_i/vedic_mult_64x64_par_0/inst/reg_l_bus[6]_i_2/O
                         net (fo=3, routed)           0.128     3.374    design_1_i/vedic_mult_64x64_par_0/inst/rpa_second_stage_inst_u1/int_carry_out_res_4
    SLICE_X7Y58          LUT5 (Prop_E6LUT_SLICEM_I4_O)
                                                      0.057     3.431 r  design_1_i/vedic_mult_64x64_par_0/inst/reg_l_bus[8]_i_2/O
                         net (fo=3, routed)           0.106     3.538    design_1_i/vedic_mult_64x64_par_0/inst/rpa_second_stage_inst_u1/int_carry_out_res_6
    SLICE_X7Y57          LUT5 (Prop_C6LUT_SLICEM_I4_O)
                                                      0.080     3.618 r  design_1_i/vedic_mult_64x64_par_0/inst/reg_l_bus[10]_i_2__15/O
                         net (fo=3, routed)           0.055     3.673    design_1_i/vedic_mult_64x64_par_0/inst/rpa_second_stage_inst_u1/int_carry_out_res_8
    SLICE_X7Y57          LUT5 (Prop_D6LUT_SLICEM_I4_O)
                                                      0.056     3.729 r  design_1_i/vedic_mult_64x64_par_0/inst/reg_l_bus[12]_i_2/O
                         net (fo=3, routed)           0.055     3.784    design_1_i/vedic_mult_64x64_par_0/inst/rpa_second_stage_inst_u1/int_carry_out_res_10
    SLICE_X7Y57          LUT5 (Prop_G6LUT_SLICEM_I4_O)
                                                      0.152     3.936 r  design_1_i/vedic_mult_64x64_par_0/inst/reg_l_bus[14]_i_2/O
                         net (fo=3, routed)           0.060     3.996    design_1_i/vedic_mult_64x64_par_0/inst/rpa_second_stage_inst_u1/int_carry_out_res_12
    SLICE_X7Y57          LUT5 (Prop_F6LUT_SLICEM_I4_O)
                                                      0.149     4.145 r  design_1_i/vedic_mult_64x64_par_0/inst/reg_l_bus[16]_i_2/O
                         net (fo=3, routed)           0.062     4.206    design_1_i/vedic_mult_64x64_par_0/inst/rpa_second_stage_inst_u1/int_carry_out_res_14
    SLICE_X7Y57          LUT5 (Prop_E6LUT_SLICEM_I4_O)
                                                      0.138     4.344 r  design_1_i/vedic_mult_64x64_par_0/inst/reg_l_bus[18]_i_2/O
                         net (fo=3, routed)           0.210     4.554    design_1_i/vedic_mult_64x64_par_0/inst/rpa_second_stage_inst_u1/int_carry_out_res_16
    SLICE_X8Y56          LUT5 (Prop_E6LUT_SLICEM_I4_O)
                                                      0.057     4.611 r  design_1_i/vedic_mult_64x64_par_0/inst/reg_l_bus[20]_i_2/O
                         net (fo=3, routed)           0.112     4.723    design_1_i/vedic_mult_64x64_par_0/inst/rpa_second_stage_inst_u1/int_carry_out_res_18
    SLICE_X8Y56          LUT5 (Prop_F6LUT_SLICEM_I4_O)
                                                      0.056     4.779 r  design_1_i/vedic_mult_64x64_par_0/inst/reg_l_bus[22]_i_2/O
                         net (fo=3, routed)           0.054     4.833    design_1_i/vedic_mult_64x64_par_0/inst/rpa_second_stage_inst_u1/int_carry_out_res_20
    SLICE_X8Y56          LUT5 (Prop_G6LUT_SLICEM_I4_O)
                                                      0.082     4.915 r  design_1_i/vedic_mult_64x64_par_0/inst/reg_l_bus[24]_i_2/O
                         net (fo=3, routed)           0.180     5.095    design_1_i/vedic_mult_64x64_par_0/inst/rpa_second_stage_inst_u1/int_carry_out_res_22
    SLICE_X6Y56          LUT5 (Prop_E6LUT_SLICEL_I4_O)
                                                      0.057     5.152 r  design_1_i/vedic_mult_64x64_par_0/inst/reg_l_bus[26]_i_2/O
                         net (fo=3, routed)           0.049     5.201    design_1_i/vedic_mult_64x64_par_0/inst/rpa_second_stage_inst_u1/int_carry_out_res_24
    SLICE_X6Y56          LUT5 (Prop_C6LUT_SLICEL_I4_O)
                                                      0.056     5.257 r  design_1_i/vedic_mult_64x64_par_0/inst/reg_l_bus[28]_i_2/O
                         net (fo=3, routed)           0.108     5.365    design_1_i/vedic_mult_64x64_par_0/inst/rpa_second_stage_inst_u1/int_carry_out_res_26
    SLICE_X6Y54          LUT5 (Prop_B6LUT_SLICEL_I4_O)
                                                      0.058     5.423 r  design_1_i/vedic_mult_64x64_par_0/inst/reg_l_bus[30]_i_2/O
                         net (fo=3, routed)           0.106     5.529    design_1_i/vedic_mult_64x64_par_0/inst/rpa_second_stage_inst_u1/int_carry_out_res_28
    SLICE_X7Y54          LUT5 (Prop_F6LUT_SLICEM_I4_O)
                                                      0.056     5.585 r  design_1_i/vedic_mult_64x64_par_0/inst/reg_l_bus[34]_i_2/O
                         net (fo=5, routed)           0.109     5.694    design_1_i/vedic_mult_64x64_par_0/inst/rpa_second_stage_inst_u1/int_carry_out_res_30
    SLICE_X7Y53          LUT6 (Prop_G6LUT_SLICEM_I1_O)
                                                      0.057     5.751 r  design_1_i/vedic_mult_64x64_par_0/inst/reg_l_bus[39]_i_2/O
                         net (fo=6, routed)           0.105     5.856    design_1_i/vedic_mult_64x64_par_0/inst/rpa_second_stage_inst_u1/int_carry_out_res_34
    SLICE_X7Y53          LUT6 (Prop_C6LUT_SLICEM_I2_O)
                                                      0.080     5.936 r  design_1_i/vedic_mult_64x64_par_0/inst/reg_l_bus[44]_i_2/O
                         net (fo=6, routed)           0.072     6.008    design_1_i/vedic_mult_64x64_par_0/inst/rpa_second_stage_inst_u1/int_carry_out_res_39
    SLICE_X7Y52          LUT6 (Prop_G6LUT_SLICEM_I2_O)
                                                      0.057     6.065 r  design_1_i/vedic_mult_64x64_par_0/inst/reg_l_bus[49]_i_2/O
                         net (fo=6, routed)           0.114     6.179    design_1_i/vedic_mult_64x64_par_0/inst/rpa_second_stage_inst_u1/int_carry_out_res_44
    SLICE_X7Y52          LUT6 (Prop_E6LUT_SLICEM_I2_O)
                                                      0.057     6.236 r  design_1_i/vedic_mult_64x64_par_0/inst/reg_l_bus[54]_i_2/O
                         net (fo=6, routed)           0.109     6.345    design_1_i/vedic_mult_64x64_par_0/inst/rpa_second_stage_inst_u1/int_carry_out_res_49
    SLICE_X7Y52          LUT6 (Prop_F6LUT_SLICEM_I2_O)
                                                      0.056     6.401 r  design_1_i/vedic_mult_64x64_par_0/inst/reg_l_bus[59]_i_2/O
                         net (fo=6, routed)           0.108     6.509    design_1_i/vedic_mult_64x64_par_0/inst/rpa_second_stage_inst_u1/int_carry_out_res_54
    SLICE_X6Y52          LUT6 (Prop_E6LUT_SLICEL_I2_O)
                                                      0.057     6.566 r  design_1_i/vedic_mult_64x64_par_0/inst/reg_l_bus[63]_i_2/O
                         net (fo=5, routed)           0.102     6.668    design_1_i/vedic_mult_64x64_par_0/inst/rpa_second_stage_inst_u1/int_carry_out_res_59
    SLICE_X6Y51          LUT5 (Prop_D6LUT_SLICEL_I2_O)
                                                      0.081     6.749 r  design_1_i/vedic_mult_64x64_par_0/inst/reg_l_bus[63]_i_1/O
                         net (fo=1, routed)           0.067     6.816    design_1_i/vedic_mult_64x64_par_0/inst/l_bus[63]
    SLICE_X6Y51          FDRE                                         r  design_1_i/vedic_mult_64x64_par_0/inst/reg_l_bus_reg[63]/D
  -------------------------------------------------------------------    -------------------

                         (clock clk_pl_0 rise edge)
                                                      3.333     3.333 r  
    PS8_X0Y0             PS8                          0.000     3.333 r  design_1_i/zynq_ultra_ps_e_0/inst/PS8_i/PLCLK[0]
                         net (fo=1, routed)           0.181     3.514    design_1_i/zynq_ultra_ps_e_0/inst/pl_clk_unbuffered[0]
    BUFG_PS_X0Y80        BUFG_PS (Prop_BUFG_PS_I_O)
                                                      0.035     3.549 r  design_1_i/zynq_ultra_ps_e_0/inst/buffer_pl_clk_0.PL_CLK_0_BUFG/O
    X0Y1 (CLOCK_ROOT)    net (fo=23506, routed)       2.138     5.687    design_1_i/vedic_mult_64x64_par_0/inst/clk
    SLICE_X6Y51          FDRE                                         r  design_1_i/vedic_mult_64x64_par_0/inst/reg_l_bus_reg[63]/C
                         clock pessimism              0.236     5.923    
                         clock uncertainty           -0.104     5.820    
    SLICE_X6Y51          FDRE (Setup_DFF_SLICEL_C_D)
                                                      0.044     5.864    design_1_i/vedic_mult_64x64_par_0/inst/reg_l_bus_reg[63]
  -------------------------------------------------------------------
                         required time                          5.864    
                         arrival time                          -6.816    
  -------------------------------------------------------------------
                         slack                                 -0.952    

Slack (VIOLATED) :        -0.938ns  (required time - arrival time)
  Source:                 design_1_i/vedic_mult_64x64_par_0/inst/mult_res_reg[2]_srl14_srlopt/C
                            (rising edge-triggered cell FDRE clocked by clk_pl_0  {rise@0.000ns fall@1.666ns period=3.333ns})
  Destination:            design_1_i/vedic_mult_64x64_par_0/inst/reg_k_bus_reg[62]/D
                            (rising edge-triggered cell FDRE clocked by clk_pl_0  {rise@0.000ns fall@1.666ns period=3.333ns})
  Path Group:             clk_pl_0
  Path Type:              Setup (Max at Slow Process Corner)
  Requirement:            3.333ns  (clk_pl_0 rise@3.333ns - clk_pl_0 rise@0.000ns)
  Data Path Delay:        4.174ns  (logic 2.010ns (48.151%)  route 2.164ns (51.849%))
  Logic Levels:           24  (LUT5=2 LUT6=22)
  Clock Path Skew:        -0.039ns (DCD - SCD + CPR)
    Destination Clock Delay (DCD):    2.425ns = ( 5.758 - 3.333 ) 
    Source Clock Delay      (SCD):    2.649ns
    Clock Pessimism Removal (CPR):    0.185ns
  Clock Uncertainty:      0.104ns  ((TSJ^2 + DJ^2)^1/2) / 2 + PE
    Total System Jitter     (TSJ):    0.071ns
    Discrete Jitter          (DJ):    0.195ns
    Phase Error              (PE):    0.000ns
  Clock Net Delay (Source):      2.382ns (routing 1.045ns, distribution 1.337ns)
  Clock Net Delay (Destination): 2.209ns (routing 0.955ns, distribution 1.254ns)

    Location             Delay type                Incr(ns)  Path(ns)    Netlist Resource(s)
  -------------------------------------------------------------------    -------------------
                         (clock clk_pl_0 rise edge)
                                                      0.000     0.000 r  
    PS8_X0Y0             PS8                          0.000     0.000 r  design_1_i/zynq_ultra_ps_e_0/inst/PS8_i/PLCLK[0]
                         net (fo=1, routed)           0.229     0.229    design_1_i/zynq_ultra_ps_e_0/inst/pl_clk_unbuffered[0]
    BUFG_PS_X0Y80        BUFG_PS (Prop_BUFG_PS_I_O)
                                                      0.038     0.267 r  design_1_i/zynq_ultra_ps_e_0/inst/buffer_pl_clk_0.PL_CLK_0_BUFG/O
    X0Y1 (CLOCK_ROOT)    net (fo=23506, routed)       2.382     2.649    design_1_i/vedic_mult_64x64_par_0/inst/clk
    SLICE_X6Y56          FDRE                                         r  design_1_i/vedic_mult_64x64_par_0/inst/mult_res_reg[2]_srl14_srlopt/C
  -------------------------------------------------------------------    -------------------
    SLICE_X6Y56          FDRE (Prop_CFF_SLICEL_C_Q)
                                                      0.114     2.763 r  design_1_i/vedic_mult_64x64_par_0/inst/mult_res_reg[2]_srl14_srlopt/Q
                         net (fo=2, routed)           0.097     2.859    design_1_i/vedic_mult_64x64_par_0/inst/u1/u0/u0/u0/u0/reg_j_bus[65]
    SLICE_X6Y56          LUT6 (Prop_G6LUT_SLICEL_I0_O)
                                                      0.226     3.085 r  design_1_i/vedic_mult_64x64_par_0/inst/u1/u0/u0/u0/u0/reg_k_bus[4]_i_2__79/O
                         net (fo=4, routed)           0.058     3.143    design_1_i/vedic_mult_64x64_par_0/inst/u1/u0/u0/u0/u0/rpa_first_stage_inst_u0/int_carry_out_res_2
    SLICE_X6Y56          LUT6 (Prop_H6LUT_SLICEL_I0_O)
                                                      0.083     3.226 r  design_1_i/vedic_mult_64x64_par_0/inst/u1/u0/u0/u0/u0/reg_k_bus[13]_i_6/O
                         net (fo=1, routed)           0.177     3.403    design_1_i/vedic_mult_64x64_par_0/inst/u1/u0/u0/u0/u0/carry_out1__3
    SLICE_X9Y56          LUT6 (Prop_G6LUT_SLICEL_I5_O)
                                                      0.057     3.460 r  design_1_i/vedic_mult_64x64_par_0/inst/u1/u0/u0/u0/u0/reg_k_bus[13]_i_4/O
                         net (fo=2, routed)           0.054     3.514    design_1_i/vedic_mult_64x64_par_0/inst/u1/u0/u0/u0/u0/rpa_first_stage_inst_u0/int_carry_out_res_7
    SLICE_X9Y56          LUT6 (Prop_F6LUT_SLICEL_I0_O)
                                                      0.150     3.664 r  design_1_i/vedic_mult_64x64_par_0/inst/u1/u0/u0/u0/u0/reg_k_bus[18]_i_6/O
                         net (fo=1, routed)           0.101     3.765    design_1_i/vedic_mult_64x64_par_0/inst/u1/u0/u0/u0/u0/carry_out1__8
    SLICE_X9Y54          LUT6 (Prop_F6LUT_SLICEL_I5_O)
                                                      0.056     3.821 r  design_1_i/vedic_mult_64x64_par_0/inst/u1/u0/u0/u0/u0/reg_k_bus[18]_i_4/O
                         net (fo=2, routed)           0.056     3.878    design_1_i/vedic_mult_64x64_par_0/inst/u1/u0/u0/u0/u0/rpa_first_stage_inst_u0/int_carry_out_res_12
    SLICE_X9Y54          LUT6 (Prop_G6LUT_SLICEL_I0_O)
                                                      0.082     3.960 r  design_1_i/vedic_mult_64x64_par_0/inst/u1/u0/u0/u0/u0/reg_k_bus[23]_i_6/O
                         net (fo=1, routed)           0.065     4.025    design_1_i/vedic_mult_64x64_par_0/inst/u1/u0/u0/u0/u0/carry_out1__13
    SLICE_X9Y54          LUT6 (Prop_C6LUT_SLICEL_I5_O)
                                                      0.187     4.212 r  design_1_i/vedic_mult_64x64_par_0/inst/u1/u0/u0/u0/u0/reg_k_bus[23]_i_4/O
                         net (fo=2, routed)           0.153     4.365    design_1_i/vedic_mult_64x64_par_0/inst/u1/u0/u0/u0/u0/rpa_first_stage_inst_u0/int_carry_out_res_17
    SLICE_X9Y53          LUT6 (Prop_C6LUT_SLICEL_I0_O)
                                                      0.056     4.421 r  design_1_i/vedic_mult_64x64_par_0/inst/u1/u0/u0/u0/u0/reg_k_bus[28]_i_6/O
                         net (fo=1, routed)           0.050     4.471    design_1_i/vedic_mult_64x64_par_0/inst/u1/u0/u0/u0/u0/carry_out1__18
    SLICE_X9Y53          LUT6 (Prop_D6LUT_SLICEL_I5_O)
                                                      0.057     4.528 r  design_1_i/vedic_mult_64x64_par_0/inst/u1/u0/u0/u0/u0/reg_k_bus[28]_i_4/O
                         net (fo=2, routed)           0.049     4.577    design_1_i/vedic_mult_64x64_par_0/inst/u1/u0/u0/u0/u0/rpa_first_stage_inst_u0/int_carry_out_res_22
    SLICE_X9Y53          LUT6 (Prop_B6LUT_SLICEL_I0_O)
                                                      0.083     4.660 r  design_1_i/vedic_mult_64x64_par_0/inst/u1/u0/u0/u0/u0/reg_k_bus[33]_i_6/O
                         net (fo=1, routed)           0.094     4.754    design_1_i/vedic_mult_64x64_par_0/inst/u1/u0/u0/u0/u0/carry_out1__23
    SLICE_X8Y53          LUT6 (Prop_F6LUT_SLICEM_I5_O)
                                                      0.056     4.810 r  design_1_i/vedic_mult_64x64_par_0/inst/u1/u0/u0/u0/u0/reg_k_bus[33]_i_4/O
                         net (fo=2, routed)           0.053     4.863    design_1_i/vedic_mult_64x64_par_0/inst/u1/u0/u0/u0/u0/rpa_first_stage_inst_u0/int_carry_out_res_27
    SLICE_X8Y53          LUT6 (Prop_G6LUT_SLICEM_I0_O)
                                                      0.057     4.920 r  design_1_i/vedic_mult_64x64_par_0/inst/u1/u0/u0/u0/u0/reg_k_bus[38]_i_6/O
                         net (fo=1, routed)           0.148     5.068    design_1_i/vedic_mult_64x64_par_0/inst/u1/u0/u0/u0/u0/carry_out1__28
    SLICE_X9Y53          LUT6 (Prop_E6LUT_SLICEL_I5_O)
                                                      0.057     5.125 r  design_1_i/vedic_mult_64x64_par_0/inst/u1/u0/u0/u0/u0/reg_k_bus[38]_i_4/O
                         net (fo=2, routed)           0.100     5.225    design_1_i/vedic_mult_64x64_par_0/inst/u1/u0/u0/u0/u0/rpa_first_stage_inst_u0/int_carry_out_res_32
    SLICE_X9Y52          LUT6 (Prop_D6LUT_SLICEL_I0_O)
                                                      0.057     5.282 r  design_1_i/vedic_mult_64x64_par_0/inst/u1/u0/u0/u0/u0/reg_k_bus[43]_i_6/O
                         net (fo=1, routed)           0.045     5.327    design_1_i/vedic_mult_64x64_par_0/inst/u1/u0/u0/u0/u0/carry_out1__33
    SLICE_X9Y52          LUT6 (Prop_B6LUT_SLICEL_I5_O)
                                                      0.083     5.410 r  design_1_i/vedic_mult_64x64_par_0/inst/u1/u0/u0/u0/u0/reg_k_bus[43]_i_4/O
                         net (fo=2, routed)           0.101     5.511    design_1_i/vedic_mult_64x64_par_0/inst/u1/u0/u0/u0/u0/rpa_first_stage_inst_u0/int_carry_out_res_37
    SLICE_X9Y51          LUT6 (Prop_F6LUT_SLICEL_I0_O)
                                                      0.056     5.567 r  design_1_i/vedic_mult_64x64_par_0/inst/u1/u0/u0/u0/u0/reg_k_bus[48]_i_6/O
                         net (fo=1, routed)           0.046     5.613    design_1_i/vedic_mult_64x64_par_0/inst/u1/u0/u0/u0/u0/carry_out1__38
    SLICE_X9Y51          LUT6 (Prop_G6LUT_SLICEL_I5_O)
                                                      0.057     5.670 r  design_1_i/vedic_mult_64x64_par_0/inst/u1/u0/u0/u0/u0/reg_k_bus[48]_i_4/O
                         net (fo=2, routed)           0.109     5.779    design_1_i/vedic_mult_64x64_par_0/inst/u1/u0/u0/u0/u0/rpa_first_stage_inst_u0/int_carry_out_res_42
    SLICE_X9Y49          LUT6 (Prop_E6LUT_SLICEL_I0_O)
                                                      0.057     5.836 r  design_1_i/vedic_mult_64x64_par_0/inst/u1/u0/u0/u0/u0/reg_k_bus[53]_i_6/O
                         net (fo=1, routed)           0.047     5.883    design_1_i/vedic_mult_64x64_par_0/inst/u1/u0/u0/u0/u0/carry_out1__43
    SLICE_X9Y49          LUT6 (Prop_D6LUT_SLICEL_I5_O)
                                                      0.057     5.940 r  design_1_i/vedic_mult_64x64_par_0/inst/u1/u0/u0/u0/u0/reg_k_bus[53]_i_4/O
                         net (fo=2, routed)           0.100     6.040    design_1_i/vedic_mult_64x64_par_0/inst/u1/u0/u0/u0/u0/rpa_first_stage_inst_u0/int_carry_out_res_47
    SLICE_X8Y49          LUT6 (Prop_F6LUT_SLICEM_I0_O)
                                                      0.056     6.096 r  design_1_i/vedic_mult_64x64_par_0/inst/u1/u0/u0/u0/u0/reg_k_bus[58]_i_6/O
                         net (fo=1, routed)           0.051     6.147    design_1_i/vedic_mult_64x64_par_0/inst/u1/u0/u0/u0/u0/carry_out1__48
    SLICE_X8Y49          LUT6 (Prop_H6LUT_SLICEM_I5_O)
                                                      0.060     6.207 r  design_1_i/vedic_mult_64x64_par_0/inst/u1/u0/u0/u0/u0/reg_k_bus[58]_i_4/O
                         net (fo=2, routed)           0.055     6.262    design_1_i/vedic_mult_64x64_par_0/inst/u1/u0/u0/u0/u0/rpa_first_stage_inst_u0/int_carry_out_res_52
    SLICE_X8Y49          LUT5 (Prop_G6LUT_SLICEM_I4_O)
                                                      0.057     6.319 r  design_1_i/vedic_mult_64x64_par_0/inst/u1/u0/u0/u0/u0/reg_k_bus[58]_i_3/O
                         net (fo=2, routed)           0.233     6.552    design_1_i/vedic_mult_64x64_par_0/inst/u1/u0/u0/u0/u0/rpa_first_stage_inst_u0/int_carry_out_res_54
    SLICE_X6Y47          LUT6 (Prop_F6LUT_SLICEL_I3_O)
                                                      0.056     6.608 r  design_1_i/vedic_mult_64x64_par_0/inst/u1/u0/u0/u0/u0/reg_k_bus[62]_i_2_comp_1/O
                         net (fo=2, routed)           0.095     6.703    design_1_i/vedic_mult_64x64_par_0/inst/u1/u0/u0/u0/u0/rpa_first_stage_inst_u0/int_carry_out_res_60
    SLICE_X6Y48          LUT5 (Prop_E5LUT_SLICEL_I0_O)
                                                      0.093     6.796 r  design_1_i/vedic_mult_64x64_par_0/inst/u1/u0/u0/u0/u0/reg_k_bus[62]_i_1/O
                         net (fo=1, routed)           0.027     6.823    design_1_i/vedic_mult_64x64_par_0/inst/k_bus[62]
    SLICE_X6Y48          FDRE                                         r  design_1_i/vedic_mult_64x64_par_0/inst/reg_k_bus_reg[62]/D
  -------------------------------------------------------------------    -------------------

                         (clock clk_pl_0 rise edge)
                                                      3.333     3.333 r  
    PS8_X0Y0             PS8                          0.000     3.333 r  design_1_i/zynq_ultra_ps_e_0/inst/PS8_i/PLCLK[0]
                         net (fo=1, routed)           0.181     3.514    design_1_i/zynq_ultra_ps_e_0/inst/pl_clk_unbuffered[0]
    BUFG_PS_X0Y80        BUFG_PS (Prop_BUFG_PS_I_O)
                                                      0.035     3.549 r  design_1_i/zynq_ultra_ps_e_0/inst/buffer_pl_clk_0.PL_CLK_0_BUFG/O
    X0Y1 (CLOCK_ROOT)    net (fo=23506, routed)       2.209     5.758    design_1_i/vedic_mult_64x64_par_0/inst/clk
    SLICE_X6Y48          FDRE                                         r  design_1_i/vedic_mult_64x64_par_0/inst/reg_k_bus_reg[62]/C
                         clock pessimism              0.185     5.943    
                         clock uncertainty           -0.104     5.839    
    SLICE_X6Y48          FDRE (Setup_EFF2_SLICEL_C_D)
                                                      0.046     5.885    design_1_i/vedic_mult_64x64_par_0/inst/reg_k_bus_reg[62]
  -------------------------------------------------------------------
                         required time                          5.885    
                         arrival time                          -6.823    
  -------------------------------------------------------------------
                         slack                                 -0.938    





Min Delay Paths
--------------------------------------------------------------------------------------
Slack (MET) :             0.008ns  (arrival time - required time)
  Source:                 design_1_i/vedic_mult_64x64_par_0/inst/reg_j_bus_reg[188]/C
                            (rising edge-triggered cell FDRE clocked by clk_pl_0  {rise@0.000ns fall@1.666ns period=3.333ns})
  Destination:            design_1_i/vedic_mult_64x64_par_0/inst/reg_k_bus_reg[60]/D
                            (rising edge-triggered cell FDRE clocked by clk_pl_0  {rise@0.000ns fall@1.666ns period=3.333ns})
  Path Group:             clk_pl_0
  Path Type:              Hold (Min at Slow Process Corner)
  Requirement:            0.000ns  (clk_pl_0 rise@0.000ns - clk_pl_0 rise@0.000ns)
  Data Path Delay:        0.278ns  (logic 0.191ns (68.773%)  route 0.087ns (31.227%))
  Logic Levels:           1  (LUT5=1)
  Clock Path Skew:        0.167ns (DCD - SCD - CPR)
    Destination Clock Delay (DCD):    2.706ns
    Source Clock Delay      (SCD):    2.354ns
    Clock Pessimism Removal (CPR):    0.185ns
  Clock Net Delay (Source):      2.138ns (routing 0.955ns, distribution 1.183ns)
  Clock Net Delay (Destination): 2.439ns (routing 1.045ns, distribution 1.394ns)

    Location             Delay type                Incr(ns)  Path(ns)    Netlist Resource(s)
  -------------------------------------------------------------------    -------------------
                         (clock clk_pl_0 rise edge)
                                                      0.000     0.000 r  
    PS8_X0Y0             PS8                          0.000     0.000 r  design_1_i/zynq_ultra_ps_e_0/inst/PS8_i/PLCLK[0]
                         net (fo=1, routed)           0.181     0.181    design_1_i/zynq_ultra_ps_e_0/inst/pl_clk_unbuffered[0]
    BUFG_PS_X0Y80        BUFG_PS (Prop_BUFG_PS_I_O)
                                                      0.035     0.216 r  design_1_i/zynq_ultra_ps_e_0/inst/buffer_pl_clk_0.PL_CLK_0_BUFG/O
    X0Y1 (CLOCK_ROOT)    net (fo=23506, routed)       2.138     2.354    design_1_i/vedic_mult_64x64_par_0/inst/clk
    SLICE_X6Y46          FDRE                                         r  design_1_i/vedic_mult_64x64_par_0/inst/reg_j_bus_reg[188]/C
  -------------------------------------------------------------------    -------------------
    SLICE_X6Y46          FDRE (Prop_GFF_SLICEL_C_Q)
                                                      0.112     2.466 r  design_1_i/vedic_mult_64x64_par_0/inst/reg_j_bus_reg[188]/Q
                         net (fo=5, routed)           0.076     2.542    design_1_i/vedic_mult_64x64_par_0/inst/u1/u0/u0/u0/u0/reg_j_bus[123]
    SLICE_X6Y47          LUT5 (Prop_H5LUT_SLICEL_I4_O)
                                                      0.079     2.621 r  design_1_i/vedic_mult_64x64_par_0/inst/u1/u0/u0/u0/u0/reg_k_bus[60]_i_1/O
                         net (fo=1, routed)           0.011     2.632    design_1_i/vedic_mult_64x64_par_0/inst/k_bus[60]
    SLICE_X6Y47          FDRE                                         r  design_1_i/vedic_mult_64x64_par_0/inst/reg_k_bus_reg[60]/D
  -------------------------------------------------------------------    -------------------

                         (clock clk_pl_0 rise edge)
                                                      0.000     0.000 r  
    PS8_X0Y0             PS8                          0.000     0.000 r  design_1_i/zynq_ultra_ps_e_0/inst/PS8_i/PLCLK[0]
                         net (fo=1, routed)           0.229     0.229    design_1_i/zynq_ultra_ps_e_0/inst/pl_clk_unbuffered[0]
    BUFG_PS_X0Y80        BUFG_PS (Prop_BUFG_PS_I_O)
                                                      0.038     0.267 r  design_1_i/zynq_ultra_ps_e_0/inst/buffer_pl_clk_0.PL_CLK_0_BUFG/O
    X0Y1 (CLOCK_ROOT)    net (fo=23506, routed)       2.439     2.706    design_1_i/vedic_mult_64x64_par_0/inst/clk
    SLICE_X6Y47          FDRE                                         r  design_1_i/vedic_mult_64x64_par_0/inst/reg_k_bus_reg[60]/C
                         clock pessimism             -0.185     2.521    
    SLICE_X6Y47          FDRE (Hold_HFF2_SLICEL_C_D)
                                                      0.103     2.624    design_1_i/vedic_mult_64x64_par_0/inst/reg_k_bus_reg[60]
  -------------------------------------------------------------------
                         required time                         -2.624    
                         arrival time                           2.632    
  -------------------------------------------------------------------
                         slack                                  0.008    

Slack (MET) :             0.010ns  (arrival time - required time)
  Source:                 design_1_i/vedic_mult_64x64_par_0/inst/u2/u1/u0/u0/u1/mult_res_reg[2]/C
                            (rising edge-triggered cell FDRE clocked by clk_pl_0  {rise@0.000ns fall@1.666ns period=3.333ns})
  Destination:            design_1_i/vedic_mult_64x64_par_0/inst/u2/u1/u0/u0/reg_j_bus_reg[6]/D
                            (rising edge-triggered cell FDRE clocked by clk_pl_0  {rise@0.000ns fall@1.666ns period=3.333ns})
  Path Group:             clk_pl_0
  Path Type:              Hold (Min at Slow Process Corner)
  Requirement:            0.000ns  (clk_pl_0 rise@0.000ns - clk_pl_0 rise@0.000ns)
  Data Path Delay:        0.236ns  (logic 0.112ns (47.458%)  route 0.124ns (52.542%))
  Logic Levels:           0  
  Clock Path Skew:        0.125ns (DCD - SCD - CPR)
    Destination Clock Delay (DCD):    2.673ns
    Source Clock Delay      (SCD):    2.363ns
    Clock Pessimism Removal (CPR):    0.185ns
  Clock Net Delay (Source):      2.147ns (routing 0.955ns, distribution 1.192ns)
  Clock Net Delay (Destination): 2.406ns (routing 1.045ns, distribution 1.361ns)

    Location             Delay type                Incr(ns)  Path(ns)    Netlist Resource(s)
  -------------------------------------------------------------------    -------------------
                         (clock clk_pl_0 rise edge)
                                                      0.000     0.000 r  
    PS8_X0Y0             PS8                          0.000     0.000 r  design_1_i/zynq_ultra_ps_e_0/inst/PS8_i/PLCLK[0]
                         net (fo=1, routed)           0.181     0.181    design_1_i/zynq_ultra_ps_e_0/inst/pl_clk_unbuffered[0]
    BUFG_PS_X0Y80        BUFG_PS (Prop_BUFG_PS_I_O)
                                                      0.035     0.216 r  design_1_i/zynq_ultra_ps_e_0/inst/buffer_pl_clk_0.PL_CLK_0_BUFG/O
    X0Y1 (CLOCK_ROOT)    net (fo=23506, routed)       2.147     2.363    design_1_i/vedic_mult_64x64_par_0/inst/u2/u1/u0/u0/u1/clk
    SLICE_X11Y27         FDRE                                         r  design_1_i/vedic_mult_64x64_par_0/inst/u2/u1/u0/u0/u1/mult_res_reg[2]/C
  -------------------------------------------------------------------    -------------------
    SLICE_X11Y27         FDRE (Prop_DFF_SLICEL_C_Q)
                                                      0.112     2.475 r  design_1_i/vedic_mult_64x64_par_0/inst/u2/u1/u0/u0/u1/mult_res_reg[2]/Q
                         net (fo=1, routed)           0.124     2.599    design_1_i/vedic_mult_64x64_par_0/inst/u2/u1/u0/u0/j_bus[6]
    SLICE_X12Y27         FDRE                                         r  design_1_i/vedic_mult_64x64_par_0/inst/u2/u1/u0/u0/reg_j_bus_reg[6]/D
  -------------------------------------------------------------------    -------------------

                         (clock clk_pl_0 rise edge)
                                                      0.000     0.000 r  
    PS8_X0Y0             PS8                          0.000     0.000 r  design_1_i/zynq_ultra_ps_e_0/inst/PS8_i/PLCLK[0]
                         net (fo=1, routed)           0.229     0.229    design_1_i/zynq_ultra_ps_e_0/inst/pl_clk_unbuffered[0]
    BUFG_PS_X0Y80        BUFG_PS (Prop_BUFG_PS_I_O)
                                                      0.038     0.267 r  design_1_i/zynq_ultra_ps_e_0/inst/buffer_pl_clk_0.PL_CLK_0_BUFG/O
    X0Y1 (CLOCK_ROOT)    net (fo=23506, routed)       2.406     2.673    design_1_i/vedic_mult_64x64_par_0/inst/u2/u1/u0/u0/clk
    SLICE_X12Y27         FDRE                                         r  design_1_i/vedic_mult_64x64_par_0/inst/u2/u1/u0/u0/reg_j_bus_reg[6]/C
                         clock pessimism             -0.185     2.489    
    SLICE_X12Y27         FDRE (Hold_EFF_SLICEM_C_D)
                                                      0.101     2.590    design_1_i/vedic_mult_64x64_par_0/inst/u2/u1/u0/u0/reg_j_bus_reg[6]
  -------------------------------------------------------------------
                         required time                         -2.590    
                         arrival time                           2.599    
  -------------------------------------------------------------------
                         slack                                  0.010    

Slack (MET) :             0.011ns  (arrival time - required time)
  Source:                 design_1_i/vedic_mult_64x64_par_0/inst/u1/u2/u2/u1/u1/mult_res_reg[2]/C
                            (rising edge-triggered cell FDRE clocked by clk_pl_0  {rise@0.000ns fall@1.666ns period=3.333ns})
  Destination:            design_1_i/vedic_mult_64x64_par_0/inst/u1/u2/u2/u1/reg_j_bus_reg[6]/D
                            (rising edge-triggered cell FDRE clocked by clk_pl_0  {rise@0.000ns fall@1.666ns period=3.333ns})
  Path Group:             clk_pl_0
  Path Type:              Hold (Min at Slow Process Corner)
  Requirement:            0.000ns  (clk_pl_0 rise@0.000ns - clk_pl_0 rise@0.000ns)
  Data Path Delay:        0.222ns  (logic 0.112ns (50.450%)  route 0.110ns (49.550%))
  Logic Levels:           0  
  Clock Path Skew:        0.110ns (DCD - SCD - CPR)
    Destination Clock Delay (DCD):    2.682ns
    Source Clock Delay      (SCD):    2.380ns
    Clock Pessimism Removal (CPR):    0.192ns
  Clock Net Delay (Source):      2.164ns (routing 0.955ns, distribution 1.209ns)
  Clock Net Delay (Destination): 2.415ns (routing 1.045ns, distribution 1.370ns)

    Location             Delay type                Incr(ns)  Path(ns)    Netlist Resource(s)
  -------------------------------------------------------------------    -------------------
                         (clock clk_pl_0 rise edge)
                                                      0.000     0.000 r  
    PS8_X0Y0             PS8                          0.000     0.000 r  design_1_i/zynq_ultra_ps_e_0/inst/PS8_i/PLCLK[0]
                         net (fo=1, routed)           0.181     0.181    design_1_i/zynq_ultra_ps_e_0/inst/pl_clk_unbuffered[0]
    BUFG_PS_X0Y80        BUFG_PS (Prop_BUFG_PS_I_O)
                                                      0.035     0.216 r  design_1_i/zynq_ultra_ps_e_0/inst/buffer_pl_clk_0.PL_CLK_0_BUFG/O
    X0Y1 (CLOCK_ROOT)    net (fo=23506, routed)       2.164     2.380    design_1_i/vedic_mult_64x64_par_0/inst/u1/u2/u2/u1/u1/clk
    SLICE_X20Y98         FDRE                                         r  design_1_i/vedic_mult_64x64_par_0/inst/u1/u2/u2/u1/u1/mult_res_reg[2]/C
  -------------------------------------------------------------------    -------------------
    SLICE_X20Y98         FDRE (Prop_DFF_SLICEM_C_Q)
                                                      0.112     2.492 r  design_1_i/vedic_mult_64x64_par_0/inst/u1/u2/u2/u1/u1/mult_res_reg[2]/Q
                         net (fo=1, routed)           0.110     2.602    design_1_i/vedic_mult_64x64_par_0/inst/u1/u2/u2/u1/u1_n_1
    SLICE_X19Y98         FDRE                                         r  design_1_i/vedic_mult_64x64_par_0/inst/u1/u2/u2/u1/reg_j_bus_reg[6]/D
  -------------------------------------------------------------------    -------------------

                         (clock clk_pl_0 rise edge)
                                                      0.000     0.000 r  
    PS8_X0Y0             PS8                          0.000     0.000 r  design_1_i/zynq_ultra_ps_e_0/inst/PS8_i/PLCLK[0]
                         net (fo=1, routed)           0.229     0.229    design_1_i/zynq_ultra_ps_e_0/inst/pl_clk_unbuffered[0]
    BUFG_PS_X0Y80        BUFG_PS (Prop_BUFG_PS_I_O)
                                                      0.038     0.267 r  design_1_i/zynq_ultra_ps_e_0/inst/buffer_pl_clk_0.PL_CLK_0_BUFG/O
    X0Y1 (CLOCK_ROOT)    net (fo=23506, routed)       2.415     2.682    design_1_i/vedic_mult_64x64_par_0/inst/u1/u2/u2/u1/clk
    SLICE_X19Y98         FDRE                                         r  design_1_i/vedic_mult_64x64_par_0/inst/u1/u2/u2/u1/reg_j_bus_reg[6]/C
                         clock pessimism             -0.192     2.490    
    SLICE_X19Y98         FDRE (Hold_EFF_SLICEL_C_D)
                                                      0.101     2.591    design_1_i/vedic_mult_64x64_par_0/inst/u1/u2/u2/u1/reg_j_bus_reg[6]
  -------------------------------------------------------------------
                         required time                         -2.591    
                         arrival time                           2.602    
  -------------------------------------------------------------------
                         slack                                  0.011    

Slack (MET) :             0.011ns  (arrival time - required time)
  Source:                 design_1_i/vedic_mult_64x64_par_0/inst/u3/u2/u2/u2/u1/mult_res_reg[0]/C
                            (rising edge-triggered cell FDRE clocked by clk_pl_0  {rise@0.000ns fall@1.666ns period=3.333ns})
  Destination:            design_1_i/vedic_mult_64x64_par_0/inst/u3/u2/u2/u2/reg_j_bus_reg[4]/D
                            (rising edge-triggered cell FDRE clocked by clk_pl_0  {rise@0.000ns fall@1.666ns period=3.333ns})
  Path Group:             clk_pl_0
  Path Type:              Hold (Min at Slow Process Corner)
  Requirement:            0.000ns  (clk_pl_0 rise@0.000ns - clk_pl_0 rise@0.000ns)
  Data Path Delay:        0.226ns  (logic 0.112ns (49.558%)  route 0.114ns (50.443%))
  Logic Levels:           0  
  Clock Path Skew:        0.114ns (DCD - SCD - CPR)
    Destination Clock Delay (DCD):    2.665ns
    Source Clock Delay      (SCD):    2.366ns
    Clock Pessimism Removal (CPR):    0.185ns
  Clock Net Delay (Source):      2.150ns (routing 0.955ns, distribution 1.195ns)
  Clock Net Delay (Destination): 2.398ns (routing 1.045ns, distribution 1.353ns)

    Location             Delay type                Incr(ns)  Path(ns)    Netlist Resource(s)
  -------------------------------------------------------------------    -------------------
                         (clock clk_pl_0 rise edge)
                                                      0.000     0.000 r  
    PS8_X0Y0             PS8                          0.000     0.000 r  design_1_i/zynq_ultra_ps_e_0/inst/PS8_i/PLCLK[0]
                         net (fo=1, routed)           0.181     0.181    design_1_i/zynq_ultra_ps_e_0/inst/pl_clk_unbuffered[0]
    BUFG_PS_X0Y80        BUFG_PS (Prop_BUFG_PS_I_O)
                                                      0.035     0.216 r  design_1_i/zynq_ultra_ps_e_0/inst/buffer_pl_clk_0.PL_CLK_0_BUFG/O
    X0Y1 (CLOCK_ROOT)    net (fo=23506, routed)       2.150     2.366    design_1_i/vedic_mult_64x64_par_0/inst/u3/u2/u2/u2/u1/clk
    SLICE_X10Y3          FDRE                                         r  design_1_i/vedic_mult_64x64_par_0/inst/u3/u2/u2/u2/u1/mult_res_reg[0]/C
  -------------------------------------------------------------------    -------------------
    SLICE_X10Y3          FDRE (Prop_AFF_SLICEM_C_Q)
                                                      0.112     2.478 r  design_1_i/vedic_mult_64x64_par_0/inst/u3/u2/u2/u2/u1/mult_res_reg[0]/Q
                         net (fo=1, routed)           0.114     2.592    design_1_i/vedic_mult_64x64_par_0/inst/u3/u2/u2/u2/u1_n_3
    SLICE_X9Y3           FDRE                                         r  design_1_i/vedic_mult_64x64_par_0/inst/u3/u2/u2/u2/reg_j_bus_reg[4]/D
  -------------------------------------------------------------------    -------------------

                         (clock clk_pl_0 rise edge)
                                                      0.000     0.000 r  
    PS8_X0Y0             PS8                          0.000     0.000 r  design_1_i/zynq_ultra_ps_e_0/inst/PS8_i/PLCLK[0]
                         net (fo=1, routed)           0.229     0.229    design_1_i/zynq_ultra_ps_e_0/inst/pl_clk_unbuffered[0]
    BUFG_PS_X0Y80        BUFG_PS (Prop_BUFG_PS_I_O)
                                                      0.038     0.267 r  design_1_i/zynq_ultra_ps_e_0/inst/buffer_pl_clk_0.PL_CLK_0_BUFG/O
    X0Y1 (CLOCK_ROOT)    net (fo=23506, routed)       2.398     2.665    design_1_i/vedic_mult_64x64_par_0/inst/u3/u2/u2/u2/clk
    SLICE_X9Y3           FDRE                                         r  design_1_i/vedic_mult_64x64_par_0/inst/u3/u2/u2/u2/reg_j_bus_reg[4]/C
                         clock pessimism             -0.185     2.480    
    SLICE_X9Y3           FDRE (Hold_FFF_SLICEL_C_D)
                                                      0.101     2.581    design_1_i/vedic_mult_64x64_par_0/inst/u3/u2/u2/u2/reg_j_bus_reg[4]
  -------------------------------------------------------------------
                         required time                         -2.581    
                         arrival time                           2.592    
  -------------------------------------------------------------------
                         slack                                  0.011    

Slack (MET) :             0.012ns  (arrival time - required time)
  Source:                 design_1_i/vedic_mult_64x64_par_0/inst/u3/u2/u3/u1/u2/mult_res_reg[3]/C
                            (rising edge-triggered cell FDRE clocked by clk_pl_0  {rise@0.000ns fall@1.666ns period=3.333ns})
  Destination:            design_1_i/vedic_mult_64x64_par_0/inst/u3/u2/u3/u1/reg_j_bus_reg[11]/D
                            (rising edge-triggered cell FDRE clocked by clk_pl_0  {rise@0.000ns fall@1.666ns period=3.333ns})
  Path Group:             clk_pl_0
  Path Type:              Hold (Min at Slow Process Corner)
  Requirement:            0.000ns  (clk_pl_0 rise@0.000ns - clk_pl_0 rise@0.000ns)
  Data Path Delay:        0.263ns  (logic 0.113ns (42.966%)  route 0.150ns (57.034%))
  Logic Levels:           0  
  Clock Path Skew:        0.149ns (DCD - SCD - CPR)
    Destination Clock Delay (DCD):    2.683ns
    Source Clock Delay      (SCD):    2.349ns
    Clock Pessimism Removal (CPR):    0.185ns
  Clock Net Delay (Source):      2.133ns (routing 0.955ns, distribution 1.178ns)
  Clock Net Delay (Destination): 2.416ns (routing 1.045ns, distribution 1.371ns)

    Location             Delay type                Incr(ns)  Path(ns)    Netlist Resource(s)
  -------------------------------------------------------------------    -------------------
                         (clock clk_pl_0 rise edge)
                                                      0.000     0.000 r  
    PS8_X0Y0             PS8                          0.000     0.000 r  design_1_i/zynq_ultra_ps_e_0/inst/PS8_i/PLCLK[0]
                         net (fo=1, routed)           0.181     0.181    design_1_i/zynq_ultra_ps_e_0/inst/pl_clk_unbuffered[0]
    BUFG_PS_X0Y80        BUFG_PS (Prop_BUFG_PS_I_O)
                                                      0.035     0.216 r  design_1_i/zynq_ultra_ps_e_0/inst/buffer_pl_clk_0.PL_CLK_0_BUFG/O
    X0Y1 (CLOCK_ROOT)    net (fo=23506, routed)       2.133     2.349    design_1_i/vedic_mult_64x64_par_0/inst/u3/u2/u3/u1/u2/clk
    SLICE_X0Y6           FDRE                                         r  design_1_i/vedic_mult_64x64_par_0/inst/u3/u2/u3/u1/u2/mult_res_reg[3]/C
  -------------------------------------------------------------------    -------------------
    SLICE_X0Y6           FDRE (Prop_BFF2_SLICEL_C_Q)
                                                      0.113     2.462 r  design_1_i/vedic_mult_64x64_par_0/inst/u3/u2/u3/u1/u2/mult_res_reg[3]/Q
                         net (fo=1, routed)           0.150     2.612    design_1_i/vedic_mult_64x64_par_0/inst/u3/u2/u3/u1/u2_n_0
    SLICE_X2Y6           FDRE                                         r  design_1_i/vedic_mult_64x64_par_0/inst/u3/u2/u3/u1/reg_j_bus_reg[11]/D
  -------------------------------------------------------------------    -------------------

                         (clock clk_pl_0 rise edge)
                                                      0.000     0.000 r  
    PS8_X0Y0             PS8                          0.000     0.000 r  design_1_i/zynq_ultra_ps_e_0/inst/PS8_i/PLCLK[0]
                         net (fo=1, routed)           0.229     0.229    design_1_i/zynq_ultra_ps_e_0/inst/pl_clk_unbuffered[0]
    BUFG_PS_X0Y80        BUFG_PS (Prop_BUFG_PS_I_O)
                                                      0.038     0.267 r  design_1_i/zynq_ultra_ps_e_0/inst/buffer_pl_clk_0.PL_CLK_0_BUFG/O
    X0Y1 (CLOCK_ROOT)    net (fo=23506, routed)       2.416     2.683    design_1_i/vedic_mult_64x64_par_0/inst/u3/u2/u3/u1/clk
    SLICE_X2Y6           FDRE                                         r  design_1_i/vedic_mult_64x64_par_0/inst/u3/u2/u3/u1/reg_j_bus_reg[11]/C
                         clock pessimism             -0.185     2.498    
    SLICE_X2Y6           FDRE (Hold_EFF2_SLICEM_C_D)
                                                      0.102     2.600    design_1_i/vedic_mult_64x64_par_0/inst/u3/u2/u3/u1/reg_j_bus_reg[11]
  -------------------------------------------------------------------
                         required time                         -2.600    
                         arrival time                           2.612    
  -------------------------------------------------------------------
                         slack                                  0.012    

Slack (MET) :             0.013ns  (arrival time - required time)
  Source:                 design_1_i/axi_gpio_2/U0/ip2bus_data_i_D1_reg[14]/C
                            (rising edge-triggered cell FDRE clocked by clk_pl_0  {rise@0.000ns fall@1.666ns period=3.333ns})
  Destination:            design_1_i/axi_gpio_2/U0/AXI_LITE_IPIF_I/I_SLAVE_ATTACHMENT/s_axi_rdata_i_reg[17]/D
                            (rising edge-triggered cell FDRE clocked by clk_pl_0  {rise@0.000ns fall@1.666ns period=3.333ns})
  Path Group:             clk_pl_0
  Path Type:              Hold (Min at Slow Process Corner)
  Requirement:            0.000ns  (clk_pl_0 rise@0.000ns - clk_pl_0 rise@0.000ns)
  Data Path Delay:        0.240ns  (logic 0.112ns (46.667%)  route 0.128ns (53.333%))
  Logic Levels:           0  
  Clock Path Skew:        0.127ns (DCD - SCD - CPR)
    Destination Clock Delay (DCD):    2.665ns
    Source Clock Delay      (SCD):    2.345ns
    Clock Pessimism Removal (CPR):    0.192ns
  Clock Net Delay (Source):      2.129ns (routing 0.955ns, distribution 1.174ns)
  Clock Net Delay (Destination): 2.398ns (routing 1.045ns, distribution 1.353ns)

    Location             Delay type                Incr(ns)  Path(ns)    Netlist Resource(s)
  -------------------------------------------------------------------    -------------------
                         (clock clk_pl_0 rise edge)
                                                      0.000     0.000 r  
    PS8_X0Y0             PS8                          0.000     0.000 r  design_1_i/zynq_ultra_ps_e_0/inst/PS8_i/PLCLK[0]
                         net (fo=1, routed)           0.181     0.181    design_1_i/zynq_ultra_ps_e_0/inst/pl_clk_unbuffered[0]
    BUFG_PS_X0Y80        BUFG_PS (Prop_BUFG_PS_I_O)
                                                      0.035     0.216 r  design_1_i/zynq_ultra_ps_e_0/inst/buffer_pl_clk_0.PL_CLK_0_BUFG/O
    X0Y1 (CLOCK_ROOT)    net (fo=23506, routed)       2.129     2.345    design_1_i/axi_gpio_2/U0/s_axi_aclk
    SLICE_X7Y68          FDRE                                         r  design_1_i/axi_gpio_2/U0/ip2bus_data_i_D1_reg[14]/C
  -------------------------------------------------------------------    -------------------
    SLICE_X7Y68          FDRE (Prop_HFF_SLICEM_C_Q)
                                                      0.112     2.457 r  design_1_i/axi_gpio_2/U0/ip2bus_data_i_D1_reg[14]/Q
                         net (fo=1, routed)           0.128     2.585    design_1_i/axi_gpio_2/U0/AXI_LITE_IPIF_I/I_SLAVE_ATTACHMENT/Q[17]
    SLICE_X5Y68          FDRE                                         r  design_1_i/axi_gpio_2/U0/AXI_LITE_IPIF_I/I_SLAVE_ATTACHMENT/s_axi_rdata_i_reg[17]/D
  -------------------------------------------------------------------    -------------------

                         (clock clk_pl_0 rise edge)
                                                      0.000     0.000 r  
    PS8_X0Y0             PS8                          0.000     0.000 r  design_1_i/zynq_ultra_ps_e_0/inst/PS8_i/PLCLK[0]
                         net (fo=1, routed)           0.229     0.229    design_1_i/zynq_ultra_ps_e_0/inst/pl_clk_unbuffered[0]
    BUFG_PS_X0Y80        BUFG_PS (Prop_BUFG_PS_I_O)
                                                      0.038     0.267 r  design_1_i/zynq_ultra_ps_e_0/inst/buffer_pl_clk_0.PL_CLK_0_BUFG/O
    X0Y1 (CLOCK_ROOT)    net (fo=23506, routed)       2.398     2.665    design_1_i/axi_gpio_2/U0/AXI_LITE_IPIF_I/I_SLAVE_ATTACHMENT/s_axi_aclk
    SLICE_X5Y68          FDRE                                         r  design_1_i/axi_gpio_2/U0/AXI_LITE_IPIF_I/I_SLAVE_ATTACHMENT/s_axi_rdata_i_reg[17]/C
                         clock pessimism             -0.192     2.473    
    SLICE_X5Y68          FDRE (Hold_GFF_SLICEM_C_D)
                                                      0.100     2.573    design_1_i/axi_gpio_2/U0/AXI_LITE_IPIF_I/I_SLAVE_ATTACHMENT/s_axi_rdata_i_reg[17]
  -------------------------------------------------------------------
                         required time                         -2.573    
                         arrival time                           2.585    
  -------------------------------------------------------------------
                         slack                                  0.013    

Slack (MET) :             0.013ns  (arrival time - required time)
  Source:                 design_1_i/vedic_mult_64x64_par_0/inst/u0/u2/u2/u1/mult_res_reg[4]/C
                            (rising edge-triggered cell FDRE clocked by clk_pl_0  {rise@0.000ns fall@1.666ns period=3.333ns})
  Destination:            design_1_i/vedic_mult_64x64_par_0/inst/u0/u2/u2/reg_j_bus_reg[12]/D
                            (rising edge-triggered cell FDRE clocked by clk_pl_0  {rise@0.000ns fall@1.666ns period=3.333ns})
  Path Group:             clk_pl_0
  Path Type:              Hold (Min at Slow Process Corner)
  Requirement:            0.000ns  (clk_pl_0 rise@0.000ns - clk_pl_0 rise@0.000ns)
  Data Path Delay:        0.251ns  (logic 0.112ns (44.622%)  route 0.139ns (55.379%))
  Logic Levels:           0  
  Clock Path Skew:        0.137ns (DCD - SCD - CPR)
    Destination Clock Delay (DCD):    2.716ns
    Source Clock Delay      (SCD):    2.387ns
    Clock Pessimism Removal (CPR):    0.191ns
  Clock Net Delay (Source):      2.171ns (routing 0.955ns, distribution 1.216ns)
  Clock Net Delay (Destination): 2.449ns (routing 1.045ns, distribution 1.404ns)

    Location             Delay type                Incr(ns)  Path(ns)    Netlist Resource(s)
  -------------------------------------------------------------------    -------------------
                         (clock clk_pl_0 rise edge)
                                                      0.000     0.000 r  
    PS8_X0Y0             PS8                          0.000     0.000 r  design_1_i/zynq_ultra_ps_e_0/inst/PS8_i/PLCLK[0]
                         net (fo=1, routed)           0.181     0.181    design_1_i/zynq_ultra_ps_e_0/inst/pl_clk_unbuffered[0]
    BUFG_PS_X0Y80        BUFG_PS (Prop_BUFG_PS_I_O)
                                                      0.035     0.216 r  design_1_i/zynq_ultra_ps_e_0/inst/buffer_pl_clk_0.PL_CLK_0_BUFG/O
    X0Y1 (CLOCK_ROOT)    net (fo=23506, routed)       2.171     2.387    design_1_i/vedic_mult_64x64_par_0/inst/u0/u2/u2/u1/clk
    SLICE_X20Y84         FDRE                                         r  design_1_i/vedic_mult_64x64_par_0/inst/u0/u2/u2/u1/mult_res_reg[4]/C
  -------------------------------------------------------------------    -------------------
    SLICE_X20Y84         FDRE (Prop_DFF_SLICEM_C_Q)
                                                      0.112     2.499 r  design_1_i/vedic_mult_64x64_par_0/inst/u0/u2/u2/u1/mult_res_reg[4]/Q
                         net (fo=1, routed)           0.139     2.638    design_1_i/vedic_mult_64x64_par_0/inst/u0/u2/u2/u1_n_13
    SLICE_X19Y83         FDRE                                         r  design_1_i/vedic_mult_64x64_par_0/inst/u0/u2/u2/reg_j_bus_reg[12]/D
  -------------------------------------------------------------------    -------------------

                         (clock clk_pl_0 rise edge)
                                                      0.000     0.000 r  
    PS8_X0Y0             PS8                          0.000     0.000 r  design_1_i/zynq_ultra_ps_e_0/inst/PS8_i/PLCLK[0]
                         net (fo=1, routed)           0.229     0.229    design_1_i/zynq_ultra_ps_e_0/inst/pl_clk_unbuffered[0]
    BUFG_PS_X0Y80        BUFG_PS (Prop_BUFG_PS_I_O)
                                                      0.038     0.267 r  design_1_i/zynq_ultra_ps_e_0/inst/buffer_pl_clk_0.PL_CLK_0_BUFG/O
    X0Y1 (CLOCK_ROOT)    net (fo=23506, routed)       2.449     2.716    design_1_i/vedic_mult_64x64_par_0/inst/u0/u2/u2/clk
    SLICE_X19Y83         FDRE                                         r  design_1_i/vedic_mult_64x64_par_0/inst/u0/u2/u2/reg_j_bus_reg[12]/C
                         clock pessimism             -0.191     2.524    
    SLICE_X19Y83         FDRE (Hold_EFF_SLICEL_C_D)
                                                      0.101     2.625    design_1_i/vedic_mult_64x64_par_0/inst/u0/u2/u2/reg_j_bus_reg[12]
  -------------------------------------------------------------------
                         required time                         -2.625    
                         arrival time                           2.638    
  -------------------------------------------------------------------
                         slack                                  0.013    

Slack (MET) :             0.013ns  (arrival time - required time)
  Source:                 design_1_i/vedic_mult_64x64_par_0/inst/u2/u1/u1/u1/u2/mult_res_reg[1]/C
                            (rising edge-triggered cell FDRE clocked by clk_pl_0  {rise@0.000ns fall@1.666ns period=3.333ns})
  Destination:            design_1_i/vedic_mult_64x64_par_0/inst/u2/u1/u1/u1/reg_j_bus_reg[9]/D
                            (rising edge-triggered cell FDRE clocked by clk_pl_0  {rise@0.000ns fall@1.666ns period=3.333ns})
  Path Group:             clk_pl_0
  Path Type:              Hold (Min at Slow Process Corner)
  Requirement:            0.000ns  (clk_pl_0 rise@0.000ns - clk_pl_0 rise@0.000ns)
  Data Path Delay:        0.241ns  (logic 0.112ns (46.473%)  route 0.129ns (53.527%))
  Logic Levels:           0  
  Clock Path Skew:        0.126ns (DCD - SCD - CPR)
    Destination Clock Delay (DCD):    2.704ns
    Source Clock Delay      (SCD):    2.394ns
    Clock Pessimism Removal (CPR):    0.185ns
  Clock Net Delay (Source):      2.178ns (routing 0.955ns, distribution 1.223ns)
  Clock Net Delay (Destination): 2.437ns (routing 1.045ns, distribution 1.392ns)

    Location             Delay type                Incr(ns)  Path(ns)    Netlist Resource(s)
  -------------------------------------------------------------------    -------------------
                         (clock clk_pl_0 rise edge)
                                                      0.000     0.000 r  
    PS8_X0Y0             PS8                          0.000     0.000 r  design_1_i/zynq_ultra_ps_e_0/inst/PS8_i/PLCLK[0]
                         net (fo=1, routed)           0.181     0.181    design_1_i/zynq_ultra_ps_e_0/inst/pl_clk_unbuffered[0]
    BUFG_PS_X0Y80        BUFG_PS (Prop_BUFG_PS_I_O)
                                                      0.035     0.216 r  design_1_i/zynq_ultra_ps_e_0/inst/buffer_pl_clk_0.PL_CLK_0_BUFG/O
    X0Y1 (CLOCK_ROOT)    net (fo=23506, routed)       2.178     2.394    design_1_i/vedic_mult_64x64_par_0/inst/u2/u1/u1/u1/u2/clk
    SLICE_X15Y21         FDRE                                         r  design_1_i/vedic_mult_64x64_par_0/inst/u2/u1/u1/u1/u2/mult_res_reg[1]/C
  -------------------------------------------------------------------    -------------------
    SLICE_X15Y21         FDRE (Prop_DFF_SLICEL_C_Q)
                                                      0.112     2.506 r  design_1_i/vedic_mult_64x64_par_0/inst/u2/u1/u1/u1/u2/mult_res_reg[1]/Q
                         net (fo=1, routed)           0.129     2.635    design_1_i/vedic_mult_64x64_par_0/inst/u2/u1/u1/u1/u2_n_2
    SLICE_X14Y21         FDRE                                         r  design_1_i/vedic_mult_64x64_par_0/inst/u2/u1/u1/u1/reg_j_bus_reg[9]/D
  -------------------------------------------------------------------    -------------------

                         (clock clk_pl_0 rise edge)
                                                      0.000     0.000 r  
    PS8_X0Y0             PS8                          0.000     0.000 r  design_1_i/zynq_ultra_ps_e_0/inst/PS8_i/PLCLK[0]
                         net (fo=1, routed)           0.229     0.229    design_1_i/zynq_ultra_ps_e_0/inst/pl_clk_unbuffered[0]
    BUFG_PS_X0Y80        BUFG_PS (Prop_BUFG_PS_I_O)
                                                      0.038     0.267 r  design_1_i/zynq_ultra_ps_e_0/inst/buffer_pl_clk_0.PL_CLK_0_BUFG/O
    X0Y1 (CLOCK_ROOT)    net (fo=23506, routed)       2.437     2.704    design_1_i/vedic_mult_64x64_par_0/inst/u2/u1/u1/u1/clk
    SLICE_X14Y21         FDRE                                         r  design_1_i/vedic_mult_64x64_par_0/inst/u2/u1/u1/u1/reg_j_bus_reg[9]/C
                         clock pessimism             -0.185     2.519    
    SLICE_X14Y21         FDRE (Hold_BFF2_SLICEL_C_D)
                                                      0.102     2.621    design_1_i/vedic_mult_64x64_par_0/inst/u2/u1/u1/u1/reg_j_bus_reg[9]
  -------------------------------------------------------------------
                         required time                         -2.621    
                         arrival time                           2.635    
  -------------------------------------------------------------------
                         slack                                  0.013    

Slack (MET) :             0.014ns  (arrival time - required time)
  Source:                 design_1_i/vedic_mult_64x64_par_0/inst/u3/u0/u2/u2/reg_first_stage_rpa_carry_out_reg/C
                            (rising edge-triggered cell FDRE clocked by clk_pl_0  {rise@0.000ns fall@1.666ns period=3.333ns})
  Destination:            design_1_i/vedic_mult_64x64_par_0/inst/u3/u0/u2/u2/reg_reg_first_stage_rpa_carry_out_reg/D
                            (rising edge-triggered cell FDRE clocked by clk_pl_0  {rise@0.000ns fall@1.666ns period=3.333ns})
  Path Group:             clk_pl_0
  Path Type:              Hold (Min at Slow Process Corner)
  Requirement:            0.000ns  (clk_pl_0 rise@0.000ns - clk_pl_0 rise@0.000ns)
  Data Path Delay:        0.250ns  (logic 0.112ns (44.800%)  route 0.138ns (55.200%))
  Logic Levels:           0  
  Clock Path Skew:        0.134ns (DCD - SCD - CPR)
    Destination Clock Delay (DCD):    2.650ns
    Source Clock Delay      (SCD):    2.330ns
    Clock Pessimism Removal (CPR):    0.185ns
  Clock Net Delay (Source):      2.114ns (routing 0.955ns, distribution 1.159ns)
  Clock Net Delay (Destination): 2.383ns (routing 1.045ns, distribution 1.338ns)

    Location             Delay type                Incr(ns)  Path(ns)    Netlist Resource(s)
  -------------------------------------------------------------------    -------------------
                         (clock clk_pl_0 rise edge)
                                                      0.000     0.000 r  
    PS8_X0Y0             PS8                          0.000     0.000 r  design_1_i/zynq_ultra_ps_e_0/inst/PS8_i/PLCLK[0]
                         net (fo=1, routed)           0.181     0.181    design_1_i/zynq_ultra_ps_e_0/inst/pl_clk_unbuffered[0]
    BUFG_PS_X0Y80        BUFG_PS (Prop_BUFG_PS_I_O)
                                                      0.035     0.216 r  design_1_i/zynq_ultra_ps_e_0/inst/buffer_pl_clk_0.PL_CLK_0_BUFG/O
    X0Y1 (CLOCK_ROOT)    net (fo=23506, routed)       2.114     2.330    design_1_i/vedic_mult_64x64_par_0/inst/u3/u0/u2/u2/clk
    SLICE_X0Y29          FDRE                                         r  design_1_i/vedic_mult_64x64_par_0/inst/u3/u0/u2/u2/reg_first_stage_rpa_carry_out_reg/C
  -------------------------------------------------------------------    -------------------
    SLICE_X0Y29          FDRE (Prop_DFF_SLICEL_C_Q)
                                                      0.112     2.442 r  design_1_i/vedic_mult_64x64_par_0/inst/u3/u0/u2/u2/reg_first_stage_rpa_carry_out_reg/Q
                         net (fo=1, routed)           0.138     2.580    design_1_i/vedic_mult_64x64_par_0/inst/u3/u0/u2/u2/reg_first_stage_rpa_carry_out_reg_n_0
    SLICE_X3Y29          FDRE                                         r  design_1_i/vedic_mult_64x64_par_0/inst/u3/u0/u2/u2/reg_reg_first_stage_rpa_carry_out_reg/D
  -------------------------------------------------------------------    -------------------

                         (clock clk_pl_0 rise edge)
                                                      0.000     0.000 r  
    PS8_X0Y0             PS8                          0.000     0.000 r  design_1_i/zynq_ultra_ps_e_0/inst/PS8_i/PLCLK[0]
                         net (fo=1, routed)           0.229     0.229    design_1_i/zynq_ultra_ps_e_0/inst/pl_clk_unbuffered[0]
    BUFG_PS_X0Y80        BUFG_PS (Prop_BUFG_PS_I_O)
                                                      0.038     0.267 r  design_1_i/zynq_ultra_ps_e_0/inst/buffer_pl_clk_0.PL_CLK_0_BUFG/O
    X0Y1 (CLOCK_ROOT)    net (fo=23506, routed)       2.383     2.650    design_1_i/vedic_mult_64x64_par_0/inst/u3/u0/u2/u2/clk
    SLICE_X3Y29          FDRE                                         r  design_1_i/vedic_mult_64x64_par_0/inst/u3/u0/u2/u2/reg_reg_first_stage_rpa_carry_out_reg/C
                         clock pessimism             -0.185     2.465    
    SLICE_X3Y29          FDRE (Hold_DFF2_SLICEL_C_D)
                                                      0.102     2.567    design_1_i/vedic_mult_64x64_par_0/inst/u3/u0/u2/u2/reg_reg_first_stage_rpa_carry_out_reg
  -------------------------------------------------------------------
                         required time                         -2.567    
                         arrival time                           2.580    
  -------------------------------------------------------------------
                         slack                                  0.014    

Slack (MET) :             0.015ns  (arrival time - required time)
  Source:                 design_1_i/ps8_0_axi_periph/s00_couplers/auto_ds/inst/gen_downsizer.gen_simple_downsizer.axi_downsizer_inst/USE_READ.read_addr_inst/S_AXI_AID_Q_reg[15]/C
                            (rising edge-triggered cell FDRE clocked by clk_pl_0  {rise@0.000ns fall@1.666ns period=3.333ns})
  Destination:            design_1_i/ps8_0_axi_periph/s00_couplers/auto_ds/inst/gen_downsizer.gen_simple_downsizer.axi_downsizer_inst/USE_READ.read_addr_inst/queue_id_reg[15]/D
                            (rising edge-triggered cell FDRE clocked by clk_pl_0  {rise@0.000ns fall@1.666ns period=3.333ns})
  Path Group:             clk_pl_0
  Path Type:              Hold (Min at Slow Process Corner)
  Requirement:            0.000ns  (clk_pl_0 rise@0.000ns - clk_pl_0 rise@0.000ns)
  Data Path Delay:        0.210ns  (logic 0.115ns (54.762%)  route 0.095ns (45.238%))
  Logic Levels:           0  
  Clock Path Skew:        0.092ns (DCD - SCD - CPR)
    Destination Clock Delay (DCD):    2.608ns
    Source Clock Delay      (SCD):    2.323ns
    Clock Pessimism Removal (CPR):    0.192ns
  Clock Net Delay (Source):      2.107ns (routing 0.955ns, distribution 1.152ns)
  Clock Net Delay (Destination): 2.341ns (routing 1.045ns, distribution 1.296ns)

    Location             Delay type                Incr(ns)  Path(ns)    Netlist Resource(s)
  -------------------------------------------------------------------    -------------------
                         (clock clk_pl_0 rise edge)
                                                      0.000     0.000 r  
    PS8_X0Y0             PS8                          0.000     0.000 r  design_1_i/zynq_ultra_ps_e_0/inst/PS8_i/PLCLK[0]
                         net (fo=1, routed)           0.181     0.181    design_1_i/zynq_ultra_ps_e_0/inst/pl_clk_unbuffered[0]
    BUFG_PS_X0Y80        BUFG_PS (Prop_BUFG_PS_I_O)
                                                      0.035     0.216 r  design_1_i/zynq_ultra_ps_e_0/inst/buffer_pl_clk_0.PL_CLK_0_BUFG/O
    X0Y1 (CLOCK_ROOT)    net (fo=23506, routed)       2.107     2.323    design_1_i/ps8_0_axi_periph/s00_couplers/auto_ds/inst/gen_downsizer.gen_simple_downsizer.axi_downsizer_inst/USE_READ.read_addr_inst/CLK
    SLICE_X1Y93          FDRE                                         r  design_1_i/ps8_0_axi_periph/s00_couplers/auto_ds/inst/gen_downsizer.gen_simple_downsizer.axi_downsizer_inst/USE_READ.read_addr_inst/S_AXI_AID_Q_reg[15]/C
  -------------------------------------------------------------------    -------------------
    SLICE_X1Y93          FDRE (Prop_DFF2_SLICEM_C_Q)
                                                      0.115     2.438 r  design_1_i/ps8_0_axi_periph/s00_couplers/auto_ds/inst/gen_downsizer.gen_simple_downsizer.axi_downsizer_inst/USE_READ.read_addr_inst/S_AXI_AID_Q_reg[15]/Q
                         net (fo=2, routed)           0.095     2.533    design_1_i/ps8_0_axi_periph/s00_couplers/auto_ds/inst/gen_downsizer.gen_simple_downsizer.axi_downsizer_inst/USE_READ.read_addr_inst/S_AXI_AID_Q[15]
    SLICE_X0Y93          FDRE                                         r  design_1_i/ps8_0_axi_periph/s00_couplers/auto_ds/inst/gen_downsizer.gen_simple_downsizer.axi_downsizer_inst/USE_READ.read_addr_inst/queue_id_reg[15]/D
  -------------------------------------------------------------------    -------------------

                         (clock clk_pl_0 rise edge)
                                                      0.000     0.000 r  
    PS8_X0Y0             PS8                          0.000     0.000 r  design_1_i/zynq_ultra_ps_e_0/inst/PS8_i/PLCLK[0]
                         net (fo=1, routed)           0.229     0.229    design_1_i/zynq_ultra_ps_e_0/inst/pl_clk_unbuffered[0]
    BUFG_PS_X0Y80        BUFG_PS (Prop_BUFG_PS_I_O)
                                                      0.038     0.267 r  design_1_i/zynq_ultra_ps_e_0/inst/buffer_pl_clk_0.PL_CLK_0_BUFG/O
    X0Y1 (CLOCK_ROOT)    net (fo=23506, routed)       2.341     2.608    design_1_i/ps8_0_axi_periph/s00_couplers/auto_ds/inst/gen_downsizer.gen_simple_downsizer.axi_downsizer_inst/USE_READ.read_addr_inst/CLK
    SLICE_X0Y93          FDRE                                         r  design_1_i/ps8_0_axi_periph/s00_couplers/auto_ds/inst/gen_downsizer.gen_simple_downsizer.axi_downsizer_inst/USE_READ.read_addr_inst/queue_id_reg[15]/C
                         clock pessimism             -0.192     2.416    
    SLICE_X0Y93          FDRE (Hold_FFF2_SLICEL_C_D)
                                                      0.103     2.519    design_1_i/ps8_0_axi_periph/s00_couplers/auto_ds/inst/gen_downsizer.gen_simple_downsizer.axi_downsizer_inst/USE_READ.read_addr_inst/queue_id_reg[15]
  -------------------------------------------------------------------
                         required time                         -2.519    
                         arrival time                           2.533    
  -------------------------------------------------------------------
                         slack                                  0.015    





Pulse Width Checks
--------------------------------------------------------------------------------------
Clock Name:         clk_pl_0
Waveform(ns):       { 0.000 1.666 }
Period(ns):         3.333
Sources:            { design_1_i/zynq_ultra_ps_e_0/inst/PS8_i/PLCLK[0] }

Check Type        Corner  Lib Pin          Reference Pin  Required(ns)  Actual(ns)  Slack(ns)  Location      Pin
Min Period        n/a     PS8/MAXIGP0ACLK  n/a            3.000         3.333       0.333      PS8_X0Y0      design_1_i/zynq_ultra_ps_e_0/inst/PS8_i/MAXIGP0ACLK
Min Period        n/a     PS8/MAXIGP1ACLK  n/a            3.000         3.333       0.333      PS8_X0Y0      design_1_i/zynq_ultra_ps_e_0/inst/PS8_i/MAXIGP1ACLK
Min Period        n/a     RAMD32/CLK       n/a            1.524         3.333       1.809      SLICE_X5Y115  design_1_i/ps8_0_axi_periph/s00_couplers/auto_ds/inst/gen_downsizer.gen_simple_downsizer.axi_downsizer_inst/USE_READ.read_addr_inst/cmd_queue/inst/fifo_gen_inst/inst_fifo_gen/gconvfifo.rf/grf.rf/gntv_or_sync_fifo.mem/gdm.dm_gen.dm/RAM_reg_0_31_0_13/RAMA/CLK
Min Period        n/a     RAMD32/CLK       n/a            1.524         3.333       1.809      SLICE_X5Y115  design_1_i/ps8_0_axi_periph/s00_couplers/auto_ds/inst/gen_downsizer.gen_simple_downsizer.axi_downsizer_inst/USE_READ.read_addr_inst/cmd_queue/inst/fifo_gen_inst/inst_fifo_gen/gconvfifo.rf/grf.rf/gntv_or_sync_fifo.mem/gdm.dm_gen.dm/RAM_reg_0_31_0_13/RAMA_D1/CLK
Min Period        n/a     RAMD32/CLK       n/a            1.524         3.333       1.809      SLICE_X5Y115  design_1_i/ps8_0_axi_periph/s00_couplers/auto_ds/inst/gen_downsizer.gen_simple_downsizer.axi_downsizer_inst/USE_READ.read_addr_inst/cmd_queue/inst/fifo_gen_inst/inst_fifo_gen/gconvfifo.rf/grf.rf/gntv_or_sync_fifo.mem/gdm.dm_gen.dm/RAM_reg_0_31_0_13/RAMB/CLK
Min Period        n/a     RAMD32/CLK       n/a            1.524         3.333       1.809      SLICE_X5Y115  design_1_i/ps8_0_axi_periph/s00_couplers/auto_ds/inst/gen_downsizer.gen_simple_downsizer.axi_downsizer_inst/USE_READ.read_addr_inst/cmd_queue/inst/fifo_gen_inst/inst_fifo_gen/gconvfifo.rf/grf.rf/gntv_or_sync_fifo.mem/gdm.dm_gen.dm/RAM_reg_0_31_0_13/RAMB_D1/CLK
Min Period        n/a     RAMD32/CLK       n/a            1.524         3.333       1.809      SLICE_X5Y115  design_1_i/ps8_0_axi_periph/s00_couplers/auto_ds/inst/gen_downsizer.gen_simple_downsizer.axi_downsizer_inst/USE_READ.read_addr_inst/cmd_queue/inst/fifo_gen_inst/inst_fifo_gen/gconvfifo.rf/grf.rf/gntv_or_sync_fifo.mem/gdm.dm_gen.dm/RAM_reg_0_31_0_13/RAMC/CLK
Min Period        n/a     RAMD32/CLK       n/a            1.524         3.333       1.809      SLICE_X5Y115  design_1_i/ps8_0_axi_periph/s00_couplers/auto_ds/inst/gen_downsizer.gen_simple_downsizer.axi_downsizer_inst/USE_READ.read_addr_inst/cmd_queue/inst/fifo_gen_inst/inst_fifo_gen/gconvfifo.rf/grf.rf/gntv_or_sync_fifo.mem/gdm.dm_gen.dm/RAM_reg_0_31_0_13/RAMC_D1/CLK
Min Period        n/a     RAMD32/CLK       n/a            1.524         3.333       1.809      SLICE_X5Y115  design_1_i/ps8_0_axi_periph/s00_couplers/auto_ds/inst/gen_downsizer.gen_simple_downsizer.axi_downsizer_inst/USE_READ.read_addr_inst/cmd_queue/inst/fifo_gen_inst/inst_fifo_gen/gconvfifo.rf/grf.rf/gntv_or_sync_fifo.mem/gdm.dm_gen.dm/RAM_reg_0_31_0_13/RAMD/CLK
Min Period        n/a     RAMD32/CLK       n/a            1.524         3.333       1.809      SLICE_X5Y115  design_1_i/ps8_0_axi_periph/s00_couplers/auto_ds/inst/gen_downsizer.gen_simple_downsizer.axi_downsizer_inst/USE_READ.read_addr_inst/cmd_queue/inst/fifo_gen_inst/inst_fifo_gen/gconvfifo.rf/grf.rf/gntv_or_sync_fifo.mem/gdm.dm_gen.dm/RAM_reg_0_31_0_13/RAMD_D1/CLK
Low Pulse Width   Slow    PS8/MAXIGP0ACLK  n/a            1.500         1.667       0.167      PS8_X0Y0      design_1_i/zynq_ultra_ps_e_0/inst/PS8_i/MAXIGP0ACLK
Low Pulse Width   Fast    PS8/MAXIGP0ACLK  n/a            1.500         1.666       0.166      PS8_X0Y0      design_1_i/zynq_ultra_ps_e_0/inst/PS8_i/MAXIGP0ACLK
Low Pulse Width   Slow    PS8/MAXIGP1ACLK  n/a            1.500         1.666       0.166      PS8_X0Y0      design_1_i/zynq_ultra_ps_e_0/inst/PS8_i/MAXIGP1ACLK
Low Pulse Width   Fast    PS8/MAXIGP1ACLK  n/a            1.500         1.667       0.167      PS8_X0Y0      design_1_i/zynq_ultra_ps_e_0/inst/PS8_i/MAXIGP1ACLK
Low Pulse Width   Slow    RAMD32/CLK       n/a            0.762         1.667       0.905      SLICE_X5Y115  design_1_i/ps8_0_axi_periph/s00_couplers/auto_ds/inst/gen_downsizer.gen_simple_downsizer.axi_downsizer_inst/USE_READ.read_addr_inst/cmd_queue/inst/fifo_gen_inst/inst_fifo_gen/gconvfifo.rf/grf.rf/gntv_or_sync_fifo.mem/gdm.dm_gen.dm/RAM_reg_0_31_0_13/RAMA/CLK
Low Pulse Width   Fast    RAMD32/CLK       n/a            0.762         1.666       0.904      SLICE_X5Y115  design_1_i/ps8_0_axi_periph/s00_couplers/auto_ds/inst/gen_downsizer.gen_simple_downsizer.axi_downsizer_inst/USE_READ.read_addr_inst/cmd_queue/inst/fifo_gen_inst/inst_fifo_gen/gconvfifo.rf/grf.rf/gntv_or_sync_fifo.mem/gdm.dm_gen.dm/RAM_reg_0_31_0_13/RAMA/CLK
Low Pulse Width   Slow    RAMD32/CLK       n/a            0.762         1.667       0.905      SLICE_X5Y115  design_1_i/ps8_0_axi_periph/s00_couplers/auto_ds/inst/gen_downsizer.gen_simple_downsizer.axi_downsizer_inst/USE_READ.read_addr_inst/cmd_queue/inst/fifo_gen_inst/inst_fifo_gen/gconvfifo.rf/grf.rf/gntv_or_sync_fifo.mem/gdm.dm_gen.dm/RAM_reg_0_31_0_13/RAMA_D1/CLK
Low Pulse Width   Fast    RAMD32/CLK       n/a            0.762         1.666       0.904      SLICE_X5Y115  design_1_i/ps8_0_axi_periph/s00_couplers/auto_ds/inst/gen_downsizer.gen_simple_downsizer.axi_downsizer_inst/USE_READ.read_addr_inst/cmd_queue/inst/fifo_gen_inst/inst_fifo_gen/gconvfifo.rf/grf.rf/gntv_or_sync_fifo.mem/gdm.dm_gen.dm/RAM_reg_0_31_0_13/RAMA_D1/CLK
Low Pulse Width   Slow    RAMD32/CLK       n/a            0.762         1.667       0.905      SLICE_X5Y115  design_1_i/ps8_0_axi_periph/s00_couplers/auto_ds/inst/gen_downsizer.gen_simple_downsizer.axi_downsizer_inst/USE_READ.read_addr_inst/cmd_queue/inst/fifo_gen_inst/inst_fifo_gen/gconvfifo.rf/grf.rf/gntv_or_sync_fifo.mem/gdm.dm_gen.dm/RAM_reg_0_31_0_13/RAMB/CLK
Low Pulse Width   Fast    RAMD32/CLK       n/a            0.762         1.666       0.904      SLICE_X5Y115  design_1_i/ps8_0_axi_periph/s00_couplers/auto_ds/inst/gen_downsizer.gen_simple_downsizer.axi_downsizer_inst/USE_READ.read_addr_inst/cmd_queue/inst/fifo_gen_inst/inst_fifo_gen/gconvfifo.rf/grf.rf/gntv_or_sync_fifo.mem/gdm.dm_gen.dm/RAM_reg_0_31_0_13/RAMB/CLK
High Pulse Width  Slow    PS8/MAXIGP0ACLK  n/a            1.500         1.667       0.167      PS8_X0Y0      design_1_i/zynq_ultra_ps_e_0/inst/PS8_i/MAXIGP0ACLK
High Pulse Width  Fast    PS8/MAXIGP0ACLK  n/a            1.500         1.667       0.167      PS8_X0Y0      design_1_i/zynq_ultra_ps_e_0/inst/PS8_i/MAXIGP0ACLK
High Pulse Width  Slow    PS8/MAXIGP1ACLK  n/a            1.500         1.667       0.167      PS8_X0Y0      design_1_i/zynq_ultra_ps_e_0/inst/PS8_i/MAXIGP1ACLK
High Pulse Width  Fast    PS8/MAXIGP1ACLK  n/a            1.500         1.667       0.167      PS8_X0Y0      design_1_i/zynq_ultra_ps_e_0/inst/PS8_i/MAXIGP1ACLK
High Pulse Width  Slow    RAMD32/CLK       n/a            0.762         1.667       0.905      SLICE_X5Y115  design_1_i/ps8_0_axi_periph/s00_couplers/auto_ds/inst/gen_downsizer.gen_simple_downsizer.axi_downsizer_inst/USE_READ.read_addr_inst/cmd_queue/inst/fifo_gen_inst/inst_fifo_gen/gconvfifo.rf/grf.rf/gntv_or_sync_fifo.mem/gdm.dm_gen.dm/RAM_reg_0_31_0_13/RAMA/CLK
High Pulse Width  Fast    RAMD32/CLK       n/a            0.762         1.667       0.905      SLICE_X5Y115  design_1_i/ps8_0_axi_periph/s00_couplers/auto_ds/inst/gen_downsizer.gen_simple_downsizer.axi_downsizer_inst/USE_READ.read_addr_inst/cmd_queue/inst/fifo_gen_inst/inst_fifo_gen/gconvfifo.rf/grf.rf/gntv_or_sync_fifo.mem/gdm.dm_gen.dm/RAM_reg_0_31_0_13/RAMA/CLK
High Pulse Width  Slow    RAMD32/CLK       n/a            0.762         1.667       0.905      SLICE_X5Y115  design_1_i/ps8_0_axi_periph/s00_couplers/auto_ds/inst/gen_downsizer.gen_simple_downsizer.axi_downsizer_inst/USE_READ.read_addr_inst/cmd_queue/inst/fifo_gen_inst/inst_fifo_gen/gconvfifo.rf/grf.rf/gntv_or_sync_fifo.mem/gdm.dm_gen.dm/RAM_reg_0_31_0_13/RAMA_D1/CLK
High Pulse Width  Fast    RAMD32/CLK       n/a            0.762         1.667       0.905      SLICE_X5Y115  design_1_i/ps8_0_axi_periph/s00_couplers/auto_ds/inst/gen_downsizer.gen_simple_downsizer.axi_downsizer_inst/USE_READ.read_addr_inst/cmd_queue/inst/fifo_gen_inst/inst_fifo_gen/gconvfifo.rf/grf.rf/gntv_or_sync_fifo.mem/gdm.dm_gen.dm/RAM_reg_0_31_0_13/RAMA_D1/CLK
High Pulse Width  Slow    RAMD32/CLK       n/a            0.762         1.667       0.905      SLICE_X5Y115  design_1_i/ps8_0_axi_periph/s00_couplers/auto_ds/inst/gen_downsizer.gen_simple_downsizer.axi_downsizer_inst/USE_READ.read_addr_inst/cmd_queue/inst/fifo_gen_inst/inst_fifo_gen/gconvfifo.rf/grf.rf/gntv_or_sync_fifo.mem/gdm.dm_gen.dm/RAM_reg_0_31_0_13/RAMB/CLK
High Pulse Width  Fast    RAMD32/CLK       n/a            0.762         1.667       0.905      SLICE_X5Y115  design_1_i/ps8_0_axi_periph/s00_couplers/auto_ds/inst/gen_downsizer.gen_simple_downsizer.axi_downsizer_inst/USE_READ.read_addr_inst/cmd_queue/inst/fifo_gen_inst/inst_fifo_gen/gconvfifo.rf/grf.rf/gntv_or_sync_fifo.mem/gdm.dm_gen.dm/RAM_reg_0_31_0_13/RAMB/CLK



---------------------------------------------------------------------------------------------------
Path Group:  **async_default**
From Clock:  clk_pl_0
  To Clock:  clk_pl_0

Setup :            0  Failing Endpoints,  Worst Slack        1.493ns,  Total Violation        0.000ns
Hold  :            0  Failing Endpoints,  Worst Slack        0.240ns,  Total Violation        0.000ns
---------------------------------------------------------------------------------------------------


Max Delay Paths
--------------------------------------------------------------------------------------
Slack (MET) :             1.493ns  (required time - arrival time)
  Source:                 design_1_i/ps8_0_axi_periph/s00_couplers/auto_ds/inst/gen_downsizer.gen_simple_downsizer.axi_downsizer_inst/USE_WRITE.write_addr_inst/cmd_queue/inst/fifo_gen_inst/inst_fifo_gen/gconvfifo.rf/grf.rf/rstblk/ngwrdrst.grst.g7serrst.gnsckt_wrst.gcc_rst.sckt_wr_rst_cc_reg[0]/C
                            (rising edge-triggered cell FDRE clocked by clk_pl_0  {rise@0.000ns fall@1.666ns period=3.333ns})
  Destination:            design_1_i/ps8_0_axi_periph/s00_couplers/auto_ds/inst/gen_downsizer.gen_simple_downsizer.axi_downsizer_inst/USE_WRITE.write_addr_inst/cmd_queue/inst/fifo_gen_inst/inst_fifo_gen/gconvfifo.rf/grf.rf/gntv_or_sync_fifo.gl0.rd/rpntr/gc0.count_reg[1]/CLR
                            (recovery check against rising-edge clock clk_pl_0  {rise@0.000ns fall@1.666ns period=3.333ns})
  Path Group:             **async_default**
  Path Type:              Recovery (Max at Slow Process Corner)
  Requirement:            3.333ns  (clk_pl_0 rise@3.333ns - clk_pl_0 rise@0.000ns)
  Data Path Delay:        1.527ns  (logic 0.305ns (19.967%)  route 1.222ns (80.033%))
  Logic Levels:           1  (LUT3=1)
  Clock Path Skew:        -0.117ns (DCD - SCD + CPR)
    Destination Clock Delay (DCD):    2.344ns = ( 5.677 - 3.333 ) 
    Source Clock Delay      (SCD):    2.653ns
    Clock Pessimism Removal (CPR):    0.192ns
  Clock Uncertainty:      0.104ns  ((TSJ^2 + DJ^2)^1/2) / 2 + PE
    Total System Jitter     (TSJ):    0.071ns
    Discrete Jitter          (DJ):    0.195ns
    Phase Error              (PE):    0.000ns
  Clock Net Delay (Source):      2.386ns (routing 1.045ns, distribution 1.341ns)
  Clock Net Delay (Destination): 2.128ns (routing 0.955ns, distribution 1.173ns)

    Location             Delay type                Incr(ns)  Path(ns)    Netlist Resource(s)
  -------------------------------------------------------------------    -------------------
                         (clock clk_pl_0 rise edge)
                                                      0.000     0.000 r  
    PS8_X0Y0             PS8                          0.000     0.000 r  design_1_i/zynq_ultra_ps_e_0/inst/PS8_i/PLCLK[0]
                         net (fo=1, routed)           0.229     0.229    design_1_i/zynq_ultra_ps_e_0/inst/pl_clk_unbuffered[0]
    BUFG_PS_X0Y80        BUFG_PS (Prop_BUFG_PS_I_O)
                                                      0.038     0.267 r  design_1_i/zynq_ultra_ps_e_0/inst/buffer_pl_clk_0.PL_CLK_0_BUFG/O
    X0Y1 (CLOCK_ROOT)    net (fo=23506, routed)       2.386     2.653    design_1_i/ps8_0_axi_periph/s00_couplers/auto_ds/inst/gen_downsizer.gen_simple_downsizer.axi_downsizer_inst/USE_WRITE.write_addr_inst/cmd_queue/inst/fifo_gen_inst/inst_fifo_gen/gconvfifo.rf/grf.rf/rstblk/clk
    SLICE_X8Y105         FDRE                                         r  design_1_i/ps8_0_axi_periph/s00_couplers/auto_ds/inst/gen_downsizer.gen_simple_downsizer.axi_downsizer_inst/USE_WRITE.write_addr_inst/cmd_queue/inst/fifo_gen_inst/inst_fifo_gen/gconvfifo.rf/grf.rf/rstblk/ngwrdrst.grst.g7serrst.gnsckt_wrst.gcc_rst.sckt_wr_rst_cc_reg[0]/C
  -------------------------------------------------------------------    -------------------
    SLICE_X8Y105         FDRE (Prop_GFF2_SLICEM_C_Q)
                                                      0.118     2.771 f  design_1_i/ps8_0_axi_periph/s00_couplers/auto_ds/inst/gen_downsizer.gen_simple_downsizer.axi_downsizer_inst/USE_WRITE.write_addr_inst/cmd_queue/inst/fifo_gen_inst/inst_fifo_gen/gconvfifo.rf/grf.rf/rstblk/ngwrdrst.grst.g7serrst.gnsckt_wrst.gcc_rst.sckt_wr_rst_cc_reg[0]/Q
                         net (fo=3, routed)           0.427     3.198    design_1_i/ps8_0_axi_periph/s00_couplers/auto_ds/inst/gen_downsizer.gen_simple_downsizer.axi_downsizer_inst/USE_WRITE.write_addr_inst/cmd_queue/inst/fifo_gen_inst/inst_fifo_gen/gconvfifo.rf/grf.rf/rstblk/ngwrdrst.grst.g7serrst.gnsckt_wrst.gcc_rst.sckt_wr_rst_cc[0]
    SLICE_X8Y105         LUT3 (Prop_E6LUT_SLICEM_I1_O)
                                                      0.187     3.385 f  design_1_i/ps8_0_axi_periph/s00_couplers/auto_ds/inst/gen_downsizer.gen_simple_downsizer.axi_downsizer_inst/USE_WRITE.write_addr_inst/cmd_queue/inst/fifo_gen_inst/inst_fifo_gen/gconvfifo.rf/grf.rf/rstblk/gpregsm1.curr_fwft_state[1]_i_2/O
                         net (fo=32, routed)          0.795     4.180    design_1_i/ps8_0_axi_periph/s00_couplers/auto_ds/inst/gen_downsizer.gen_simple_downsizer.axi_downsizer_inst/USE_WRITE.write_addr_inst/cmd_queue/inst/fifo_gen_inst/inst_fifo_gen/gconvfifo.rf/grf.rf/gntv_or_sync_fifo.gl0.rd/rpntr/gc0.count_d1_reg[4]_1
    SLICE_X10Y106        FDCE                                         f  design_1_i/ps8_0_axi_periph/s00_couplers/auto_ds/inst/gen_downsizer.gen_simple_downsizer.axi_downsizer_inst/USE_WRITE.write_addr_inst/cmd_queue/inst/fifo_gen_inst/inst_fifo_gen/gconvfifo.rf/grf.rf/gntv_or_sync_fifo.gl0.rd/rpntr/gc0.count_reg[1]/CLR
  -------------------------------------------------------------------    -------------------

                         (clock clk_pl_0 rise edge)
                                                      3.333     3.333 r  
    PS8_X0Y0             PS8                          0.000     3.333 r  design_1_i/zynq_ultra_ps_e_0/inst/PS8_i/PLCLK[0]
                         net (fo=1, routed)           0.181     3.514    design_1_i/zynq_ultra_ps_e_0/inst/pl_clk_unbuffered[0]
    BUFG_PS_X0Y80        BUFG_PS (Prop_BUFG_PS_I_O)
                                                      0.035     3.549 r  design_1_i/zynq_ultra_ps_e_0/inst/buffer_pl_clk_0.PL_CLK_0_BUFG/O
    X0Y1 (CLOCK_ROOT)    net (fo=23506, routed)       2.128     5.677    design_1_i/ps8_0_axi_periph/s00_couplers/auto_ds/inst/gen_downsizer.gen_simple_downsizer.axi_downsizer_inst/USE_WRITE.write_addr_inst/cmd_queue/inst/fifo_gen_inst/inst_fifo_gen/gconvfifo.rf/grf.rf/gntv_or_sync_fifo.gl0.rd/rpntr/clk
    SLICE_X10Y106        FDCE                                         r  design_1_i/ps8_0_axi_periph/s00_couplers/auto_ds/inst/gen_downsizer.gen_simple_downsizer.axi_downsizer_inst/USE_WRITE.write_addr_inst/cmd_queue/inst/fifo_gen_inst/inst_fifo_gen/gconvfifo.rf/grf.rf/gntv_or_sync_fifo.gl0.rd/rpntr/gc0.count_reg[1]/C
                         clock pessimism              0.192     5.869    
                         clock uncertainty           -0.104     5.766    
    SLICE_X10Y106        FDCE (Recov_DFF_SLICEM_C_CLR)
                                                     -0.093     5.673    design_1_i/ps8_0_axi_periph/s00_couplers/auto_ds/inst/gen_downsizer.gen_simple_downsizer.axi_downsizer_inst/USE_WRITE.write_addr_inst/cmd_queue/inst/fifo_gen_inst/inst_fifo_gen/gconvfifo.rf/grf.rf/gntv_or_sync_fifo.gl0.rd/rpntr/gc0.count_reg[1]
  -------------------------------------------------------------------
                         required time                          5.673    
                         arrival time                          -4.180    
  -------------------------------------------------------------------
                         slack                                  1.493    

Slack (MET) :             1.493ns  (required time - arrival time)
  Source:                 design_1_i/ps8_0_axi_periph/s00_couplers/auto_ds/inst/gen_downsizer.gen_simple_downsizer.axi_downsizer_inst/USE_WRITE.write_addr_inst/cmd_queue/inst/fifo_gen_inst/inst_fifo_gen/gconvfifo.rf/grf.rf/rstblk/ngwrdrst.grst.g7serrst.gnsckt_wrst.gcc_rst.sckt_wr_rst_cc_reg[0]/C
                            (rising edge-triggered cell FDRE clocked by clk_pl_0  {rise@0.000ns fall@1.666ns period=3.333ns})
  Destination:            design_1_i/ps8_0_axi_periph/s00_couplers/auto_ds/inst/gen_downsizer.gen_simple_downsizer.axi_downsizer_inst/USE_WRITE.write_addr_inst/cmd_queue/inst/fifo_gen_inst/inst_fifo_gen/gconvfifo.rf/grf.rf/gntv_or_sync_fifo.gl0.rd/rpntr/gc0.count_reg[2]/CLR
                            (recovery check against rising-edge clock clk_pl_0  {rise@0.000ns fall@1.666ns period=3.333ns})
  Path Group:             **async_default**
  Path Type:              Recovery (Max at Slow Process Corner)
  Requirement:            3.333ns  (clk_pl_0 rise@3.333ns - clk_pl_0 rise@0.000ns)
  Data Path Delay:        1.527ns  (logic 0.305ns (19.967%)  route 1.222ns (80.033%))
  Logic Levels:           1  (LUT3=1)
  Clock Path Skew:        -0.117ns (DCD - SCD + CPR)
    Destination Clock Delay (DCD):    2.344ns = ( 5.677 - 3.333 ) 
    Source Clock Delay      (SCD):    2.653ns
    Clock Pessimism Removal (CPR):    0.192ns
  Clock Uncertainty:      0.104ns  ((TSJ^2 + DJ^2)^1/2) / 2 + PE
    Total System Jitter     (TSJ):    0.071ns
    Discrete Jitter          (DJ):    0.195ns
    Phase Error              (PE):    0.000ns
  Clock Net Delay (Source):      2.386ns (routing 1.045ns, distribution 1.341ns)
  Clock Net Delay (Destination): 2.128ns (routing 0.955ns, distribution 1.173ns)

    Location             Delay type                Incr(ns)  Path(ns)    Netlist Resource(s)
  -------------------------------------------------------------------    -------------------
                         (clock clk_pl_0 rise edge)
                                                      0.000     0.000 r  
    PS8_X0Y0             PS8                          0.000     0.000 r  design_1_i/zynq_ultra_ps_e_0/inst/PS8_i/PLCLK[0]
                         net (fo=1, routed)           0.229     0.229    design_1_i/zynq_ultra_ps_e_0/inst/pl_clk_unbuffered[0]
    BUFG_PS_X0Y80        BUFG_PS (Prop_BUFG_PS_I_O)
                                                      0.038     0.267 r  design_1_i/zynq_ultra_ps_e_0/inst/buffer_pl_clk_0.PL_CLK_0_BUFG/O
    X0Y1 (CLOCK_ROOT)    net (fo=23506, routed)       2.386     2.653    design_1_i/ps8_0_axi_periph/s00_couplers/auto_ds/inst/gen_downsizer.gen_simple_downsizer.axi_downsizer_inst/USE_WRITE.write_addr_inst/cmd_queue/inst/fifo_gen_inst/inst_fifo_gen/gconvfifo.rf/grf.rf/rstblk/clk
    SLICE_X8Y105         FDRE                                         r  design_1_i/ps8_0_axi_periph/s00_couplers/auto_ds/inst/gen_downsizer.gen_simple_downsizer.axi_downsizer_inst/USE_WRITE.write_addr_inst/cmd_queue/inst/fifo_gen_inst/inst_fifo_gen/gconvfifo.rf/grf.rf/rstblk/ngwrdrst.grst.g7serrst.gnsckt_wrst.gcc_rst.sckt_wr_rst_cc_reg[0]/C
  -------------------------------------------------------------------    -------------------
    SLICE_X8Y105         FDRE (Prop_GFF2_SLICEM_C_Q)
                                                      0.118     2.771 f  design_1_i/ps8_0_axi_periph/s00_couplers/auto_ds/inst/gen_downsizer.gen_simple_downsizer.axi_downsizer_inst/USE_WRITE.write_addr_inst/cmd_queue/inst/fifo_gen_inst/inst_fifo_gen/gconvfifo.rf/grf.rf/rstblk/ngwrdrst.grst.g7serrst.gnsckt_wrst.gcc_rst.sckt_wr_rst_cc_reg[0]/Q
                         net (fo=3, routed)           0.427     3.198    design_1_i/ps8_0_axi_periph/s00_couplers/auto_ds/inst/gen_downsizer.gen_simple_downsizer.axi_downsizer_inst/USE_WRITE.write_addr_inst/cmd_queue/inst/fifo_gen_inst/inst_fifo_gen/gconvfifo.rf/grf.rf/rstblk/ngwrdrst.grst.g7serrst.gnsckt_wrst.gcc_rst.sckt_wr_rst_cc[0]
    SLICE_X8Y105         LUT3 (Prop_E6LUT_SLICEM_I1_O)
                                                      0.187     3.385 f  design_1_i/ps8_0_axi_periph/s00_couplers/auto_ds/inst/gen_downsizer.gen_simple_downsizer.axi_downsizer_inst/USE_WRITE.write_addr_inst/cmd_queue/inst/fifo_gen_inst/inst_fifo_gen/gconvfifo.rf/grf.rf/rstblk/gpregsm1.curr_fwft_state[1]_i_2/O
                         net (fo=32, routed)          0.795     4.180    design_1_i/ps8_0_axi_periph/s00_couplers/auto_ds/inst/gen_downsizer.gen_simple_downsizer.axi_downsizer_inst/USE_WRITE.write_addr_inst/cmd_queue/inst/fifo_gen_inst/inst_fifo_gen/gconvfifo.rf/grf.rf/gntv_or_sync_fifo.gl0.rd/rpntr/gc0.count_d1_reg[4]_1
    SLICE_X10Y106        FDCE                                         f  design_1_i/ps8_0_axi_periph/s00_couplers/auto_ds/inst/gen_downsizer.gen_simple_downsizer.axi_downsizer_inst/USE_WRITE.write_addr_inst/cmd_queue/inst/fifo_gen_inst/inst_fifo_gen/gconvfifo.rf/grf.rf/gntv_or_sync_fifo.gl0.rd/rpntr/gc0.count_reg[2]/CLR
  -------------------------------------------------------------------    -------------------

                         (clock clk_pl_0 rise edge)
                                                      3.333     3.333 r  
    PS8_X0Y0             PS8                          0.000     3.333 r  design_1_i/zynq_ultra_ps_e_0/inst/PS8_i/PLCLK[0]
                         net (fo=1, routed)           0.181     3.514    design_1_i/zynq_ultra_ps_e_0/inst/pl_clk_unbuffered[0]
    BUFG_PS_X0Y80        BUFG_PS (Prop_BUFG_PS_I_O)
                                                      0.035     3.549 r  design_1_i/zynq_ultra_ps_e_0/inst/buffer_pl_clk_0.PL_CLK_0_BUFG/O
    X0Y1 (CLOCK_ROOT)    net (fo=23506, routed)       2.128     5.677    design_1_i/ps8_0_axi_periph/s00_couplers/auto_ds/inst/gen_downsizer.gen_simple_downsizer.axi_downsizer_inst/USE_WRITE.write_addr_inst/cmd_queue/inst/fifo_gen_inst/inst_fifo_gen/gconvfifo.rf/grf.rf/gntv_or_sync_fifo.gl0.rd/rpntr/clk
    SLICE_X10Y106        FDCE                                         r  design_1_i/ps8_0_axi_periph/s00_couplers/auto_ds/inst/gen_downsizer.gen_simple_downsizer.axi_downsizer_inst/USE_WRITE.write_addr_inst/cmd_queue/inst/fifo_gen_inst/inst_fifo_gen/gconvfifo.rf/grf.rf/gntv_or_sync_fifo.gl0.rd/rpntr/gc0.count_reg[2]/C
                         clock pessimism              0.192     5.869    
                         clock uncertainty           -0.104     5.766    
    SLICE_X10Y106        FDCE (Recov_DFF2_SLICEM_C_CLR)
                                                     -0.093     5.673    design_1_i/ps8_0_axi_periph/s00_couplers/auto_ds/inst/gen_downsizer.gen_simple_downsizer.axi_downsizer_inst/USE_WRITE.write_addr_inst/cmd_queue/inst/fifo_gen_inst/inst_fifo_gen/gconvfifo.rf/grf.rf/gntv_or_sync_fifo.gl0.rd/rpntr/gc0.count_reg[2]
  -------------------------------------------------------------------
                         required time                          5.673    
                         arrival time                          -4.180    
  -------------------------------------------------------------------
                         slack                                  1.493    

Slack (MET) :             1.493ns  (required time - arrival time)
  Source:                 design_1_i/ps8_0_axi_periph/s00_couplers/auto_ds/inst/gen_downsizer.gen_simple_downsizer.axi_downsizer_inst/USE_WRITE.write_addr_inst/cmd_queue/inst/fifo_gen_inst/inst_fifo_gen/gconvfifo.rf/grf.rf/rstblk/ngwrdrst.grst.g7serrst.gnsckt_wrst.gcc_rst.sckt_wr_rst_cc_reg[0]/C
                            (rising edge-triggered cell FDRE clocked by clk_pl_0  {rise@0.000ns fall@1.666ns period=3.333ns})
  Destination:            design_1_i/ps8_0_axi_periph/s00_couplers/auto_ds/inst/gen_downsizer.gen_simple_downsizer.axi_downsizer_inst/USE_WRITE.write_addr_inst/cmd_queue/inst/fifo_gen_inst/inst_fifo_gen/gconvfifo.rf/grf.rf/gntv_or_sync_fifo.gl0.rd/rpntr/gc0.count_reg[3]/CLR
                            (recovery check against rising-edge clock clk_pl_0  {rise@0.000ns fall@1.666ns period=3.333ns})
  Path Group:             **async_default**
  Path Type:              Recovery (Max at Slow Process Corner)
  Requirement:            3.333ns  (clk_pl_0 rise@3.333ns - clk_pl_0 rise@0.000ns)
  Data Path Delay:        1.527ns  (logic 0.305ns (19.967%)  route 1.222ns (80.033%))
  Logic Levels:           1  (LUT3=1)
  Clock Path Skew:        -0.117ns (DCD - SCD + CPR)
    Destination Clock Delay (DCD):    2.344ns = ( 5.677 - 3.333 ) 
    Source Clock Delay      (SCD):    2.653ns
    Clock Pessimism Removal (CPR):    0.192ns
  Clock Uncertainty:      0.104ns  ((TSJ^2 + DJ^2)^1/2) / 2 + PE
    Total System Jitter     (TSJ):    0.071ns
    Discrete Jitter          (DJ):    0.195ns
    Phase Error              (PE):    0.000ns
  Clock Net Delay (Source):      2.386ns (routing 1.045ns, distribution 1.341ns)
  Clock Net Delay (Destination): 2.128ns (routing 0.955ns, distribution 1.173ns)

    Location             Delay type                Incr(ns)  Path(ns)    Netlist Resource(s)
  -------------------------------------------------------------------    -------------------
                         (clock clk_pl_0 rise edge)
                                                      0.000     0.000 r  
    PS8_X0Y0             PS8                          0.000     0.000 r  design_1_i/zynq_ultra_ps_e_0/inst/PS8_i/PLCLK[0]
                         net (fo=1, routed)           0.229     0.229    design_1_i/zynq_ultra_ps_e_0/inst/pl_clk_unbuffered[0]
    BUFG_PS_X0Y80        BUFG_PS (Prop_BUFG_PS_I_O)
                                                      0.038     0.267 r  design_1_i/zynq_ultra_ps_e_0/inst/buffer_pl_clk_0.PL_CLK_0_BUFG/O
    X0Y1 (CLOCK_ROOT)    net (fo=23506, routed)       2.386     2.653    design_1_i/ps8_0_axi_periph/s00_couplers/auto_ds/inst/gen_downsizer.gen_simple_downsizer.axi_downsizer_inst/USE_WRITE.write_addr_inst/cmd_queue/inst/fifo_gen_inst/inst_fifo_gen/gconvfifo.rf/grf.rf/rstblk/clk
    SLICE_X8Y105         FDRE                                         r  design_1_i/ps8_0_axi_periph/s00_couplers/auto_ds/inst/gen_downsizer.gen_simple_downsizer.axi_downsizer_inst/USE_WRITE.write_addr_inst/cmd_queue/inst/fifo_gen_inst/inst_fifo_gen/gconvfifo.rf/grf.rf/rstblk/ngwrdrst.grst.g7serrst.gnsckt_wrst.gcc_rst.sckt_wr_rst_cc_reg[0]/C
  -------------------------------------------------------------------    -------------------
    SLICE_X8Y105         FDRE (Prop_GFF2_SLICEM_C_Q)
                                                      0.118     2.771 f  design_1_i/ps8_0_axi_periph/s00_couplers/auto_ds/inst/gen_downsizer.gen_simple_downsizer.axi_downsizer_inst/USE_WRITE.write_addr_inst/cmd_queue/inst/fifo_gen_inst/inst_fifo_gen/gconvfifo.rf/grf.rf/rstblk/ngwrdrst.grst.g7serrst.gnsckt_wrst.gcc_rst.sckt_wr_rst_cc_reg[0]/Q
                         net (fo=3, routed)           0.427     3.198    design_1_i/ps8_0_axi_periph/s00_couplers/auto_ds/inst/gen_downsizer.gen_simple_downsizer.axi_downsizer_inst/USE_WRITE.write_addr_inst/cmd_queue/inst/fifo_gen_inst/inst_fifo_gen/gconvfifo.rf/grf.rf/rstblk/ngwrdrst.grst.g7serrst.gnsckt_wrst.gcc_rst.sckt_wr_rst_cc[0]
    SLICE_X8Y105         LUT3 (Prop_E6LUT_SLICEM_I1_O)
                                                      0.187     3.385 f  design_1_i/ps8_0_axi_periph/s00_couplers/auto_ds/inst/gen_downsizer.gen_simple_downsizer.axi_downsizer_inst/USE_WRITE.write_addr_inst/cmd_queue/inst/fifo_gen_inst/inst_fifo_gen/gconvfifo.rf/grf.rf/rstblk/gpregsm1.curr_fwft_state[1]_i_2/O
                         net (fo=32, routed)          0.795     4.180    design_1_i/ps8_0_axi_periph/s00_couplers/auto_ds/inst/gen_downsizer.gen_simple_downsizer.axi_downsizer_inst/USE_WRITE.write_addr_inst/cmd_queue/inst/fifo_gen_inst/inst_fifo_gen/gconvfifo.rf/grf.rf/gntv_or_sync_fifo.gl0.rd/rpntr/gc0.count_d1_reg[4]_1
    SLICE_X10Y106        FDCE                                         f  design_1_i/ps8_0_axi_periph/s00_couplers/auto_ds/inst/gen_downsizer.gen_simple_downsizer.axi_downsizer_inst/USE_WRITE.write_addr_inst/cmd_queue/inst/fifo_gen_inst/inst_fifo_gen/gconvfifo.rf/grf.rf/gntv_or_sync_fifo.gl0.rd/rpntr/gc0.count_reg[3]/CLR
  -------------------------------------------------------------------    -------------------

                         (clock clk_pl_0 rise edge)
                                                      3.333     3.333 r  
    PS8_X0Y0             PS8                          0.000     3.333 r  design_1_i/zynq_ultra_ps_e_0/inst/PS8_i/PLCLK[0]
                         net (fo=1, routed)           0.181     3.514    design_1_i/zynq_ultra_ps_e_0/inst/pl_clk_unbuffered[0]
    BUFG_PS_X0Y80        BUFG_PS (Prop_BUFG_PS_I_O)
                                                      0.035     3.549 r  design_1_i/zynq_ultra_ps_e_0/inst/buffer_pl_clk_0.PL_CLK_0_BUFG/O
    X0Y1 (CLOCK_ROOT)    net (fo=23506, routed)       2.128     5.677    design_1_i/ps8_0_axi_periph/s00_couplers/auto_ds/inst/gen_downsizer.gen_simple_downsizer.axi_downsizer_inst/USE_WRITE.write_addr_inst/cmd_queue/inst/fifo_gen_inst/inst_fifo_gen/gconvfifo.rf/grf.rf/gntv_or_sync_fifo.gl0.rd/rpntr/clk
    SLICE_X10Y106        FDCE                                         r  design_1_i/ps8_0_axi_periph/s00_couplers/auto_ds/inst/gen_downsizer.gen_simple_downsizer.axi_downsizer_inst/USE_WRITE.write_addr_inst/cmd_queue/inst/fifo_gen_inst/inst_fifo_gen/gconvfifo.rf/grf.rf/gntv_or_sync_fifo.gl0.rd/rpntr/gc0.count_reg[3]/C
                         clock pessimism              0.192     5.869    
                         clock uncertainty           -0.104     5.766    
    SLICE_X10Y106        FDCE (Recov_CFF_SLICEM_C_CLR)
                                                     -0.093     5.673    design_1_i/ps8_0_axi_periph/s00_couplers/auto_ds/inst/gen_downsizer.gen_simple_downsizer.axi_downsizer_inst/USE_WRITE.write_addr_inst/cmd_queue/inst/fifo_gen_inst/inst_fifo_gen/gconvfifo.rf/grf.rf/gntv_or_sync_fifo.gl0.rd/rpntr/gc0.count_reg[3]
  -------------------------------------------------------------------
                         required time                          5.673    
                         arrival time                          -4.180    
  -------------------------------------------------------------------
                         slack                                  1.493    

Slack (MET) :             1.493ns  (required time - arrival time)
  Source:                 design_1_i/ps8_0_axi_periph/s00_couplers/auto_ds/inst/gen_downsizer.gen_simple_downsizer.axi_downsizer_inst/USE_WRITE.write_addr_inst/cmd_queue/inst/fifo_gen_inst/inst_fifo_gen/gconvfifo.rf/grf.rf/rstblk/ngwrdrst.grst.g7serrst.gnsckt_wrst.gcc_rst.sckt_wr_rst_cc_reg[0]/C
                            (rising edge-triggered cell FDRE clocked by clk_pl_0  {rise@0.000ns fall@1.666ns period=3.333ns})
  Destination:            design_1_i/ps8_0_axi_periph/s00_couplers/auto_ds/inst/gen_downsizer.gen_simple_downsizer.axi_downsizer_inst/USE_WRITE.write_addr_inst/cmd_queue/inst/fifo_gen_inst/inst_fifo_gen/gconvfifo.rf/grf.rf/gntv_or_sync_fifo.gl0.rd/rpntr/gc0.count_reg[4]/CLR
                            (recovery check against rising-edge clock clk_pl_0  {rise@0.000ns fall@1.666ns period=3.333ns})
  Path Group:             **async_default**
  Path Type:              Recovery (Max at Slow Process Corner)
  Requirement:            3.333ns  (clk_pl_0 rise@3.333ns - clk_pl_0 rise@0.000ns)
  Data Path Delay:        1.527ns  (logic 0.305ns (19.967%)  route 1.222ns (80.033%))
  Logic Levels:           1  (LUT3=1)
  Clock Path Skew:        -0.117ns (DCD - SCD + CPR)
    Destination Clock Delay (DCD):    2.344ns = ( 5.677 - 3.333 ) 
    Source Clock Delay      (SCD):    2.653ns
    Clock Pessimism Removal (CPR):    0.192ns
  Clock Uncertainty:      0.104ns  ((TSJ^2 + DJ^2)^1/2) / 2 + PE
    Total System Jitter     (TSJ):    0.071ns
    Discrete Jitter          (DJ):    0.195ns
    Phase Error              (PE):    0.000ns
  Clock Net Delay (Source):      2.386ns (routing 1.045ns, distribution 1.341ns)
  Clock Net Delay (Destination): 2.128ns (routing 0.955ns, distribution 1.173ns)

    Location             Delay type                Incr(ns)  Path(ns)    Netlist Resource(s)
  -------------------------------------------------------------------    -------------------
                         (clock clk_pl_0 rise edge)
                                                      0.000     0.000 r  
    PS8_X0Y0             PS8                          0.000     0.000 r  design_1_i/zynq_ultra_ps_e_0/inst/PS8_i/PLCLK[0]
                         net (fo=1, routed)           0.229     0.229    design_1_i/zynq_ultra_ps_e_0/inst/pl_clk_unbuffered[0]
    BUFG_PS_X0Y80        BUFG_PS (Prop_BUFG_PS_I_O)
                                                      0.038     0.267 r  design_1_i/zynq_ultra_ps_e_0/inst/buffer_pl_clk_0.PL_CLK_0_BUFG/O
    X0Y1 (CLOCK_ROOT)    net (fo=23506, routed)       2.386     2.653    design_1_i/ps8_0_axi_periph/s00_couplers/auto_ds/inst/gen_downsizer.gen_simple_downsizer.axi_downsizer_inst/USE_WRITE.write_addr_inst/cmd_queue/inst/fifo_gen_inst/inst_fifo_gen/gconvfifo.rf/grf.rf/rstblk/clk
    SLICE_X8Y105         FDRE                                         r  design_1_i/ps8_0_axi_periph/s00_couplers/auto_ds/inst/gen_downsizer.gen_simple_downsizer.axi_downsizer_inst/USE_WRITE.write_addr_inst/cmd_queue/inst/fifo_gen_inst/inst_fifo_gen/gconvfifo.rf/grf.rf/rstblk/ngwrdrst.grst.g7serrst.gnsckt_wrst.gcc_rst.sckt_wr_rst_cc_reg[0]/C
  -------------------------------------------------------------------    -------------------
    SLICE_X8Y105         FDRE (Prop_GFF2_SLICEM_C_Q)
                                                      0.118     2.771 f  design_1_i/ps8_0_axi_periph/s00_couplers/auto_ds/inst/gen_downsizer.gen_simple_downsizer.axi_downsizer_inst/USE_WRITE.write_addr_inst/cmd_queue/inst/fifo_gen_inst/inst_fifo_gen/gconvfifo.rf/grf.rf/rstblk/ngwrdrst.grst.g7serrst.gnsckt_wrst.gcc_rst.sckt_wr_rst_cc_reg[0]/Q
                         net (fo=3, routed)           0.427     3.198    design_1_i/ps8_0_axi_periph/s00_couplers/auto_ds/inst/gen_downsizer.gen_simple_downsizer.axi_downsizer_inst/USE_WRITE.write_addr_inst/cmd_queue/inst/fifo_gen_inst/inst_fifo_gen/gconvfifo.rf/grf.rf/rstblk/ngwrdrst.grst.g7serrst.gnsckt_wrst.gcc_rst.sckt_wr_rst_cc[0]
    SLICE_X8Y105         LUT3 (Prop_E6LUT_SLICEM_I1_O)
                                                      0.187     3.385 f  design_1_i/ps8_0_axi_periph/s00_couplers/auto_ds/inst/gen_downsizer.gen_simple_downsizer.axi_downsizer_inst/USE_WRITE.write_addr_inst/cmd_queue/inst/fifo_gen_inst/inst_fifo_gen/gconvfifo.rf/grf.rf/rstblk/gpregsm1.curr_fwft_state[1]_i_2/O
                         net (fo=32, routed)          0.795     4.180    design_1_i/ps8_0_axi_periph/s00_couplers/auto_ds/inst/gen_downsizer.gen_simple_downsizer.axi_downsizer_inst/USE_WRITE.write_addr_inst/cmd_queue/inst/fifo_gen_inst/inst_fifo_gen/gconvfifo.rf/grf.rf/gntv_or_sync_fifo.gl0.rd/rpntr/gc0.count_d1_reg[4]_1
    SLICE_X10Y106        FDCE                                         f  design_1_i/ps8_0_axi_periph/s00_couplers/auto_ds/inst/gen_downsizer.gen_simple_downsizer.axi_downsizer_inst/USE_WRITE.write_addr_inst/cmd_queue/inst/fifo_gen_inst/inst_fifo_gen/gconvfifo.rf/grf.rf/gntv_or_sync_fifo.gl0.rd/rpntr/gc0.count_reg[4]/CLR
  -------------------------------------------------------------------    -------------------

                         (clock clk_pl_0 rise edge)
                                                      3.333     3.333 r  
    PS8_X0Y0             PS8                          0.000     3.333 r  design_1_i/zynq_ultra_ps_e_0/inst/PS8_i/PLCLK[0]
                         net (fo=1, routed)           0.181     3.514    design_1_i/zynq_ultra_ps_e_0/inst/pl_clk_unbuffered[0]
    BUFG_PS_X0Y80        BUFG_PS (Prop_BUFG_PS_I_O)
                                                      0.035     3.549 r  design_1_i/zynq_ultra_ps_e_0/inst/buffer_pl_clk_0.PL_CLK_0_BUFG/O
    X0Y1 (CLOCK_ROOT)    net (fo=23506, routed)       2.128     5.677    design_1_i/ps8_0_axi_periph/s00_couplers/auto_ds/inst/gen_downsizer.gen_simple_downsizer.axi_downsizer_inst/USE_WRITE.write_addr_inst/cmd_queue/inst/fifo_gen_inst/inst_fifo_gen/gconvfifo.rf/grf.rf/gntv_or_sync_fifo.gl0.rd/rpntr/clk
    SLICE_X10Y106        FDCE                                         r  design_1_i/ps8_0_axi_periph/s00_couplers/auto_ds/inst/gen_downsizer.gen_simple_downsizer.axi_downsizer_inst/USE_WRITE.write_addr_inst/cmd_queue/inst/fifo_gen_inst/inst_fifo_gen/gconvfifo.rf/grf.rf/gntv_or_sync_fifo.gl0.rd/rpntr/gc0.count_reg[4]/C
                         clock pessimism              0.192     5.869    
                         clock uncertainty           -0.104     5.766    
    SLICE_X10Y106        FDCE (Recov_CFF2_SLICEM_C_CLR)
                                                     -0.093     5.673    design_1_i/ps8_0_axi_periph/s00_couplers/auto_ds/inst/gen_downsizer.gen_simple_downsizer.axi_downsizer_inst/USE_WRITE.write_addr_inst/cmd_queue/inst/fifo_gen_inst/inst_fifo_gen/gconvfifo.rf/grf.rf/gntv_or_sync_fifo.gl0.rd/rpntr/gc0.count_reg[4]
  -------------------------------------------------------------------
                         required time                          5.673    
                         arrival time                          -4.180    
  -------------------------------------------------------------------
                         slack                                  1.493    

Slack (MET) :             1.494ns  (required time - arrival time)
  Source:                 design_1_i/ps8_0_axi_periph/s00_couplers/auto_ds/inst/gen_downsizer.gen_simple_downsizer.axi_downsizer_inst/USE_WRITE.write_addr_inst/cmd_queue/inst/fifo_gen_inst/inst_fifo_gen/gconvfifo.rf/grf.rf/rstblk/ngwrdrst.grst.g7serrst.gnsckt_wrst.gcc_rst.sckt_wr_rst_cc_reg[0]/C
                            (rising edge-triggered cell FDRE clocked by clk_pl_0  {rise@0.000ns fall@1.666ns period=3.333ns})
  Destination:            design_1_i/ps8_0_axi_periph/s00_couplers/auto_ds/inst/gen_downsizer.gen_simple_downsizer.axi_downsizer_inst/USE_WRITE.write_addr_inst/cmd_queue/inst/fifo_gen_inst/inst_fifo_gen/gconvfifo.rf/grf.rf/gntv_or_sync_fifo.gl0.rd/rpntr/gc0.count_d1_reg[0]/CLR
                            (recovery check against rising-edge clock clk_pl_0  {rise@0.000ns fall@1.666ns period=3.333ns})
  Path Group:             **async_default**
  Path Type:              Recovery (Max at Slow Process Corner)
  Requirement:            3.333ns  (clk_pl_0 rise@3.333ns - clk_pl_0 rise@0.000ns)
  Data Path Delay:        1.527ns  (logic 0.305ns (19.967%)  route 1.222ns (80.033%))
  Logic Levels:           1  (LUT3=1)
  Clock Path Skew:        -0.116ns (DCD - SCD + CPR)
    Destination Clock Delay (DCD):    2.345ns = ( 5.678 - 3.333 ) 
    Source Clock Delay      (SCD):    2.653ns
    Clock Pessimism Removal (CPR):    0.192ns
  Clock Uncertainty:      0.104ns  ((TSJ^2 + DJ^2)^1/2) / 2 + PE
    Total System Jitter     (TSJ):    0.071ns
    Discrete Jitter          (DJ):    0.195ns
    Phase Error              (PE):    0.000ns
  Clock Net Delay (Source):      2.386ns (routing 1.045ns, distribution 1.341ns)
  Clock Net Delay (Destination): 2.129ns (routing 0.955ns, distribution 1.174ns)

    Location             Delay type                Incr(ns)  Path(ns)    Netlist Resource(s)
  -------------------------------------------------------------------    -------------------
                         (clock clk_pl_0 rise edge)
                                                      0.000     0.000 r  
    PS8_X0Y0             PS8                          0.000     0.000 r  design_1_i/zynq_ultra_ps_e_0/inst/PS8_i/PLCLK[0]
                         net (fo=1, routed)           0.229     0.229    design_1_i/zynq_ultra_ps_e_0/inst/pl_clk_unbuffered[0]
    BUFG_PS_X0Y80        BUFG_PS (Prop_BUFG_PS_I_O)
                                                      0.038     0.267 r  design_1_i/zynq_ultra_ps_e_0/inst/buffer_pl_clk_0.PL_CLK_0_BUFG/O
    X0Y1 (CLOCK_ROOT)    net (fo=23506, routed)       2.386     2.653    design_1_i/ps8_0_axi_periph/s00_couplers/auto_ds/inst/gen_downsizer.gen_simple_downsizer.axi_downsizer_inst/USE_WRITE.write_addr_inst/cmd_queue/inst/fifo_gen_inst/inst_fifo_gen/gconvfifo.rf/grf.rf/rstblk/clk
    SLICE_X8Y105         FDRE                                         r  design_1_i/ps8_0_axi_periph/s00_couplers/auto_ds/inst/gen_downsizer.gen_simple_downsizer.axi_downsizer_inst/USE_WRITE.write_addr_inst/cmd_queue/inst/fifo_gen_inst/inst_fifo_gen/gconvfifo.rf/grf.rf/rstblk/ngwrdrst.grst.g7serrst.gnsckt_wrst.gcc_rst.sckt_wr_rst_cc_reg[0]/C
  -------------------------------------------------------------------    -------------------
    SLICE_X8Y105         FDRE (Prop_GFF2_SLICEM_C_Q)
                                                      0.118     2.771 f  design_1_i/ps8_0_axi_periph/s00_couplers/auto_ds/inst/gen_downsizer.gen_simple_downsizer.axi_downsizer_inst/USE_WRITE.write_addr_inst/cmd_queue/inst/fifo_gen_inst/inst_fifo_gen/gconvfifo.rf/grf.rf/rstblk/ngwrdrst.grst.g7serrst.gnsckt_wrst.gcc_rst.sckt_wr_rst_cc_reg[0]/Q
                         net (fo=3, routed)           0.427     3.198    design_1_i/ps8_0_axi_periph/s00_couplers/auto_ds/inst/gen_downsizer.gen_simple_downsizer.axi_downsizer_inst/USE_WRITE.write_addr_inst/cmd_queue/inst/fifo_gen_inst/inst_fifo_gen/gconvfifo.rf/grf.rf/rstblk/ngwrdrst.grst.g7serrst.gnsckt_wrst.gcc_rst.sckt_wr_rst_cc[0]
    SLICE_X8Y105         LUT3 (Prop_E6LUT_SLICEM_I1_O)
                                                      0.187     3.385 f  design_1_i/ps8_0_axi_periph/s00_couplers/auto_ds/inst/gen_downsizer.gen_simple_downsizer.axi_downsizer_inst/USE_WRITE.write_addr_inst/cmd_queue/inst/fifo_gen_inst/inst_fifo_gen/gconvfifo.rf/grf.rf/rstblk/gpregsm1.curr_fwft_state[1]_i_2/O
                         net (fo=32, routed)          0.795     4.180    design_1_i/ps8_0_axi_periph/s00_couplers/auto_ds/inst/gen_downsizer.gen_simple_downsizer.axi_downsizer_inst/USE_WRITE.write_addr_inst/cmd_queue/inst/fifo_gen_inst/inst_fifo_gen/gconvfifo.rf/grf.rf/gntv_or_sync_fifo.gl0.rd/rpntr/gc0.count_d1_reg[4]_1
    SLICE_X10Y107        FDCE                                         f  design_1_i/ps8_0_axi_periph/s00_couplers/auto_ds/inst/gen_downsizer.gen_simple_downsizer.axi_downsizer_inst/USE_WRITE.write_addr_inst/cmd_queue/inst/fifo_gen_inst/inst_fifo_gen/gconvfifo.rf/grf.rf/gntv_or_sync_fifo.gl0.rd/rpntr/gc0.count_d1_reg[0]/CLR
  -------------------------------------------------------------------    -------------------

                         (clock clk_pl_0 rise edge)
                                                      3.333     3.333 r  
    PS8_X0Y0             PS8                          0.000     3.333 r  design_1_i/zynq_ultra_ps_e_0/inst/PS8_i/PLCLK[0]
                         net (fo=1, routed)           0.181     3.514    design_1_i/zynq_ultra_ps_e_0/inst/pl_clk_unbuffered[0]
    BUFG_PS_X0Y80        BUFG_PS (Prop_BUFG_PS_I_O)
                                                      0.035     3.549 r  design_1_i/zynq_ultra_ps_e_0/inst/buffer_pl_clk_0.PL_CLK_0_BUFG/O
    X0Y1 (CLOCK_ROOT)    net (fo=23506, routed)       2.129     5.678    design_1_i/ps8_0_axi_periph/s00_couplers/auto_ds/inst/gen_downsizer.gen_simple_downsizer.axi_downsizer_inst/USE_WRITE.write_addr_inst/cmd_queue/inst/fifo_gen_inst/inst_fifo_gen/gconvfifo.rf/grf.rf/gntv_or_sync_fifo.gl0.rd/rpntr/clk
    SLICE_X10Y107        FDCE                                         r  design_1_i/ps8_0_axi_periph/s00_couplers/auto_ds/inst/gen_downsizer.gen_simple_downsizer.axi_downsizer_inst/USE_WRITE.write_addr_inst/cmd_queue/inst/fifo_gen_inst/inst_fifo_gen/gconvfifo.rf/grf.rf/gntv_or_sync_fifo.gl0.rd/rpntr/gc0.count_d1_reg[0]/C
                         clock pessimism              0.192     5.870    
                         clock uncertainty           -0.104     5.767    
    SLICE_X10Y107        FDCE (Recov_CFF_SLICEM_C_CLR)
                                                     -0.093     5.674    design_1_i/ps8_0_axi_periph/s00_couplers/auto_ds/inst/gen_downsizer.gen_simple_downsizer.axi_downsizer_inst/USE_WRITE.write_addr_inst/cmd_queue/inst/fifo_gen_inst/inst_fifo_gen/gconvfifo.rf/grf.rf/gntv_or_sync_fifo.gl0.rd/rpntr/gc0.count_d1_reg[0]
  -------------------------------------------------------------------
                         required time                          5.674    
                         arrival time                          -4.180    
  -------------------------------------------------------------------
                         slack                                  1.494    

Slack (MET) :             1.494ns  (required time - arrival time)
  Source:                 design_1_i/ps8_0_axi_periph/s00_couplers/auto_ds/inst/gen_downsizer.gen_simple_downsizer.axi_downsizer_inst/USE_WRITE.write_addr_inst/cmd_queue/inst/fifo_gen_inst/inst_fifo_gen/gconvfifo.rf/grf.rf/rstblk/ngwrdrst.grst.g7serrst.gnsckt_wrst.gcc_rst.sckt_wr_rst_cc_reg[0]/C
                            (rising edge-triggered cell FDRE clocked by clk_pl_0  {rise@0.000ns fall@1.666ns period=3.333ns})
  Destination:            design_1_i/ps8_0_axi_periph/s00_couplers/auto_ds/inst/gen_downsizer.gen_simple_downsizer.axi_downsizer_inst/USE_WRITE.write_addr_inst/cmd_queue/inst/fifo_gen_inst/inst_fifo_gen/gconvfifo.rf/grf.rf/gntv_or_sync_fifo.gl0.rd/rpntr/gc0.count_reg[0]/PRE
                            (recovery check against rising-edge clock clk_pl_0  {rise@0.000ns fall@1.666ns period=3.333ns})
  Path Group:             **async_default**
  Path Type:              Recovery (Max at Slow Process Corner)
  Requirement:            3.333ns  (clk_pl_0 rise@3.333ns - clk_pl_0 rise@0.000ns)
  Data Path Delay:        1.527ns  (logic 0.305ns (19.967%)  route 1.222ns (80.033%))
  Logic Levels:           1  (LUT3=1)
  Clock Path Skew:        -0.116ns (DCD - SCD + CPR)
    Destination Clock Delay (DCD):    2.345ns = ( 5.678 - 3.333 ) 
    Source Clock Delay      (SCD):    2.653ns
    Clock Pessimism Removal (CPR):    0.192ns
  Clock Uncertainty:      0.104ns  ((TSJ^2 + DJ^2)^1/2) / 2 + PE
    Total System Jitter     (TSJ):    0.071ns
    Discrete Jitter          (DJ):    0.195ns
    Phase Error              (PE):    0.000ns
  Clock Net Delay (Source):      2.386ns (routing 1.045ns, distribution 1.341ns)
  Clock Net Delay (Destination): 2.129ns (routing 0.955ns, distribution 1.174ns)

    Location             Delay type                Incr(ns)  Path(ns)    Netlist Resource(s)
  -------------------------------------------------------------------    -------------------
                         (clock clk_pl_0 rise edge)
                                                      0.000     0.000 r  
    PS8_X0Y0             PS8                          0.000     0.000 r  design_1_i/zynq_ultra_ps_e_0/inst/PS8_i/PLCLK[0]
                         net (fo=1, routed)           0.229     0.229    design_1_i/zynq_ultra_ps_e_0/inst/pl_clk_unbuffered[0]
    BUFG_PS_X0Y80        BUFG_PS (Prop_BUFG_PS_I_O)
                                                      0.038     0.267 r  design_1_i/zynq_ultra_ps_e_0/inst/buffer_pl_clk_0.PL_CLK_0_BUFG/O
    X0Y1 (CLOCK_ROOT)    net (fo=23506, routed)       2.386     2.653    design_1_i/ps8_0_axi_periph/s00_couplers/auto_ds/inst/gen_downsizer.gen_simple_downsizer.axi_downsizer_inst/USE_WRITE.write_addr_inst/cmd_queue/inst/fifo_gen_inst/inst_fifo_gen/gconvfifo.rf/grf.rf/rstblk/clk
    SLICE_X8Y105         FDRE                                         r  design_1_i/ps8_0_axi_periph/s00_couplers/auto_ds/inst/gen_downsizer.gen_simple_downsizer.axi_downsizer_inst/USE_WRITE.write_addr_inst/cmd_queue/inst/fifo_gen_inst/inst_fifo_gen/gconvfifo.rf/grf.rf/rstblk/ngwrdrst.grst.g7serrst.gnsckt_wrst.gcc_rst.sckt_wr_rst_cc_reg[0]/C
  -------------------------------------------------------------------    -------------------
    SLICE_X8Y105         FDRE (Prop_GFF2_SLICEM_C_Q)
                                                      0.118     2.771 f  design_1_i/ps8_0_axi_periph/s00_couplers/auto_ds/inst/gen_downsizer.gen_simple_downsizer.axi_downsizer_inst/USE_WRITE.write_addr_inst/cmd_queue/inst/fifo_gen_inst/inst_fifo_gen/gconvfifo.rf/grf.rf/rstblk/ngwrdrst.grst.g7serrst.gnsckt_wrst.gcc_rst.sckt_wr_rst_cc_reg[0]/Q
                         net (fo=3, routed)           0.427     3.198    design_1_i/ps8_0_axi_periph/s00_couplers/auto_ds/inst/gen_downsizer.gen_simple_downsizer.axi_downsizer_inst/USE_WRITE.write_addr_inst/cmd_queue/inst/fifo_gen_inst/inst_fifo_gen/gconvfifo.rf/grf.rf/rstblk/ngwrdrst.grst.g7serrst.gnsckt_wrst.gcc_rst.sckt_wr_rst_cc[0]
    SLICE_X8Y105         LUT3 (Prop_E6LUT_SLICEM_I1_O)
                                                      0.187     3.385 f  design_1_i/ps8_0_axi_periph/s00_couplers/auto_ds/inst/gen_downsizer.gen_simple_downsizer.axi_downsizer_inst/USE_WRITE.write_addr_inst/cmd_queue/inst/fifo_gen_inst/inst_fifo_gen/gconvfifo.rf/grf.rf/rstblk/gpregsm1.curr_fwft_state[1]_i_2/O
                         net (fo=32, routed)          0.795     4.180    design_1_i/ps8_0_axi_periph/s00_couplers/auto_ds/inst/gen_downsizer.gen_simple_downsizer.axi_downsizer_inst/USE_WRITE.write_addr_inst/cmd_queue/inst/fifo_gen_inst/inst_fifo_gen/gconvfifo.rf/grf.rf/gntv_or_sync_fifo.gl0.rd/rpntr/gc0.count_d1_reg[4]_1
    SLICE_X10Y107        FDPE                                         f  design_1_i/ps8_0_axi_periph/s00_couplers/auto_ds/inst/gen_downsizer.gen_simple_downsizer.axi_downsizer_inst/USE_WRITE.write_addr_inst/cmd_queue/inst/fifo_gen_inst/inst_fifo_gen/gconvfifo.rf/grf.rf/gntv_or_sync_fifo.gl0.rd/rpntr/gc0.count_reg[0]/PRE
  -------------------------------------------------------------------    -------------------

                         (clock clk_pl_0 rise edge)
                                                      3.333     3.333 r  
    PS8_X0Y0             PS8                          0.000     3.333 r  design_1_i/zynq_ultra_ps_e_0/inst/PS8_i/PLCLK[0]
                         net (fo=1, routed)           0.181     3.514    design_1_i/zynq_ultra_ps_e_0/inst/pl_clk_unbuffered[0]
    BUFG_PS_X0Y80        BUFG_PS (Prop_BUFG_PS_I_O)
                                                      0.035     3.549 r  design_1_i/zynq_ultra_ps_e_0/inst/buffer_pl_clk_0.PL_CLK_0_BUFG/O
    X0Y1 (CLOCK_ROOT)    net (fo=23506, routed)       2.129     5.678    design_1_i/ps8_0_axi_periph/s00_couplers/auto_ds/inst/gen_downsizer.gen_simple_downsizer.axi_downsizer_inst/USE_WRITE.write_addr_inst/cmd_queue/inst/fifo_gen_inst/inst_fifo_gen/gconvfifo.rf/grf.rf/gntv_or_sync_fifo.gl0.rd/rpntr/clk
    SLICE_X10Y107        FDPE                                         r  design_1_i/ps8_0_axi_periph/s00_couplers/auto_ds/inst/gen_downsizer.gen_simple_downsizer.axi_downsizer_inst/USE_WRITE.write_addr_inst/cmd_queue/inst/fifo_gen_inst/inst_fifo_gen/gconvfifo.rf/grf.rf/gntv_or_sync_fifo.gl0.rd/rpntr/gc0.count_reg[0]/C
                         clock pessimism              0.192     5.870    
                         clock uncertainty           -0.104     5.767    
    SLICE_X10Y107        FDPE (Recov_DFF_SLICEM_C_PRE)
                                                     -0.093     5.674    design_1_i/ps8_0_axi_periph/s00_couplers/auto_ds/inst/gen_downsizer.gen_simple_downsizer.axi_downsizer_inst/USE_WRITE.write_addr_inst/cmd_queue/inst/fifo_gen_inst/inst_fifo_gen/gconvfifo.rf/grf.rf/gntv_or_sync_fifo.gl0.rd/rpntr/gc0.count_reg[0]
  -------------------------------------------------------------------
                         required time                          5.674    
                         arrival time                          -4.180    
  -------------------------------------------------------------------
                         slack                                  1.494    

Slack (MET) :             1.494ns  (required time - arrival time)
  Source:                 design_1_i/ps8_0_axi_periph/s00_couplers/auto_ds/inst/gen_downsizer.gen_simple_downsizer.axi_downsizer_inst/USE_WRITE.write_addr_inst/cmd_queue/inst/fifo_gen_inst/inst_fifo_gen/gconvfifo.rf/grf.rf/rstblk/ngwrdrst.grst.g7serrst.gnsckt_wrst.gcc_rst.sckt_wr_rst_cc_reg[0]/C
                            (rising edge-triggered cell FDRE clocked by clk_pl_0  {rise@0.000ns fall@1.666ns period=3.333ns})
  Destination:            design_1_i/ps8_0_axi_periph/s00_couplers/auto_ds/inst/gen_downsizer.gen_simple_downsizer.axi_downsizer_inst/USE_WRITE.write_addr_inst/cmd_queue/inst/fifo_gen_inst/inst_fifo_gen/gconvfifo.rf/grf.rf/gntv_or_sync_fifo.gl0.wr/wpntr/gcc0.gc0.count_d1_reg[0]/CLR
                            (recovery check against rising-edge clock clk_pl_0  {rise@0.000ns fall@1.666ns period=3.333ns})
  Path Group:             **async_default**
  Path Type:              Recovery (Max at Slow Process Corner)
  Requirement:            3.333ns  (clk_pl_0 rise@3.333ns - clk_pl_0 rise@0.000ns)
  Data Path Delay:        1.527ns  (logic 0.305ns (19.967%)  route 1.222ns (80.033%))
  Logic Levels:           1  (LUT3=1)
  Clock Path Skew:        -0.116ns (DCD - SCD + CPR)
    Destination Clock Delay (DCD):    2.345ns = ( 5.678 - 3.333 ) 
    Source Clock Delay      (SCD):    2.653ns
    Clock Pessimism Removal (CPR):    0.192ns
  Clock Uncertainty:      0.104ns  ((TSJ^2 + DJ^2)^1/2) / 2 + PE
    Total System Jitter     (TSJ):    0.071ns
    Discrete Jitter          (DJ):    0.195ns
    Phase Error              (PE):    0.000ns
  Clock Net Delay (Source):      2.386ns (routing 1.045ns, distribution 1.341ns)
  Clock Net Delay (Destination): 2.129ns (routing 0.955ns, distribution 1.174ns)

    Location             Delay type                Incr(ns)  Path(ns)    Netlist Resource(s)
  -------------------------------------------------------------------    -------------------
                         (clock clk_pl_0 rise edge)
                                                      0.000     0.000 r  
    PS8_X0Y0             PS8                          0.000     0.000 r  design_1_i/zynq_ultra_ps_e_0/inst/PS8_i/PLCLK[0]
                         net (fo=1, routed)           0.229     0.229    design_1_i/zynq_ultra_ps_e_0/inst/pl_clk_unbuffered[0]
    BUFG_PS_X0Y80        BUFG_PS (Prop_BUFG_PS_I_O)
                                                      0.038     0.267 r  design_1_i/zynq_ultra_ps_e_0/inst/buffer_pl_clk_0.PL_CLK_0_BUFG/O
    X0Y1 (CLOCK_ROOT)    net (fo=23506, routed)       2.386     2.653    design_1_i/ps8_0_axi_periph/s00_couplers/auto_ds/inst/gen_downsizer.gen_simple_downsizer.axi_downsizer_inst/USE_WRITE.write_addr_inst/cmd_queue/inst/fifo_gen_inst/inst_fifo_gen/gconvfifo.rf/grf.rf/rstblk/clk
    SLICE_X8Y105         FDRE                                         r  design_1_i/ps8_0_axi_periph/s00_couplers/auto_ds/inst/gen_downsizer.gen_simple_downsizer.axi_downsizer_inst/USE_WRITE.write_addr_inst/cmd_queue/inst/fifo_gen_inst/inst_fifo_gen/gconvfifo.rf/grf.rf/rstblk/ngwrdrst.grst.g7serrst.gnsckt_wrst.gcc_rst.sckt_wr_rst_cc_reg[0]/C
  -------------------------------------------------------------------    -------------------
    SLICE_X8Y105         FDRE (Prop_GFF2_SLICEM_C_Q)
                                                      0.118     2.771 f  design_1_i/ps8_0_axi_periph/s00_couplers/auto_ds/inst/gen_downsizer.gen_simple_downsizer.axi_downsizer_inst/USE_WRITE.write_addr_inst/cmd_queue/inst/fifo_gen_inst/inst_fifo_gen/gconvfifo.rf/grf.rf/rstblk/ngwrdrst.grst.g7serrst.gnsckt_wrst.gcc_rst.sckt_wr_rst_cc_reg[0]/Q
                         net (fo=3, routed)           0.427     3.198    design_1_i/ps8_0_axi_periph/s00_couplers/auto_ds/inst/gen_downsizer.gen_simple_downsizer.axi_downsizer_inst/USE_WRITE.write_addr_inst/cmd_queue/inst/fifo_gen_inst/inst_fifo_gen/gconvfifo.rf/grf.rf/rstblk/ngwrdrst.grst.g7serrst.gnsckt_wrst.gcc_rst.sckt_wr_rst_cc[0]
    SLICE_X8Y105         LUT3 (Prop_E6LUT_SLICEM_I1_O)
                                                      0.187     3.385 f  design_1_i/ps8_0_axi_periph/s00_couplers/auto_ds/inst/gen_downsizer.gen_simple_downsizer.axi_downsizer_inst/USE_WRITE.write_addr_inst/cmd_queue/inst/fifo_gen_inst/inst_fifo_gen/gconvfifo.rf/grf.rf/rstblk/gpregsm1.curr_fwft_state[1]_i_2/O
                         net (fo=32, routed)          0.795     4.180    design_1_i/ps8_0_axi_periph/s00_couplers/auto_ds/inst/gen_downsizer.gen_simple_downsizer.axi_downsizer_inst/USE_WRITE.write_addr_inst/cmd_queue/inst/fifo_gen_inst/inst_fifo_gen/gconvfifo.rf/grf.rf/gntv_or_sync_fifo.gl0.wr/wpntr/AR[0]
    SLICE_X10Y107        FDCE                                         f  design_1_i/ps8_0_axi_periph/s00_couplers/auto_ds/inst/gen_downsizer.gen_simple_downsizer.axi_downsizer_inst/USE_WRITE.write_addr_inst/cmd_queue/inst/fifo_gen_inst/inst_fifo_gen/gconvfifo.rf/grf.rf/gntv_or_sync_fifo.gl0.wr/wpntr/gcc0.gc0.count_d1_reg[0]/CLR
  -------------------------------------------------------------------    -------------------

                         (clock clk_pl_0 rise edge)
                                                      3.333     3.333 r  
    PS8_X0Y0             PS8                          0.000     3.333 r  design_1_i/zynq_ultra_ps_e_0/inst/PS8_i/PLCLK[0]
                         net (fo=1, routed)           0.181     3.514    design_1_i/zynq_ultra_ps_e_0/inst/pl_clk_unbuffered[0]
    BUFG_PS_X0Y80        BUFG_PS (Prop_BUFG_PS_I_O)
                                                      0.035     3.549 r  design_1_i/zynq_ultra_ps_e_0/inst/buffer_pl_clk_0.PL_CLK_0_BUFG/O
    X0Y1 (CLOCK_ROOT)    net (fo=23506, routed)       2.129     5.678    design_1_i/ps8_0_axi_periph/s00_couplers/auto_ds/inst/gen_downsizer.gen_simple_downsizer.axi_downsizer_inst/USE_WRITE.write_addr_inst/cmd_queue/inst/fifo_gen_inst/inst_fifo_gen/gconvfifo.rf/grf.rf/gntv_or_sync_fifo.gl0.wr/wpntr/clk
    SLICE_X10Y107        FDCE                                         r  design_1_i/ps8_0_axi_periph/s00_couplers/auto_ds/inst/gen_downsizer.gen_simple_downsizer.axi_downsizer_inst/USE_WRITE.write_addr_inst/cmd_queue/inst/fifo_gen_inst/inst_fifo_gen/gconvfifo.rf/grf.rf/gntv_or_sync_fifo.gl0.wr/wpntr/gcc0.gc0.count_d1_reg[0]/C
                         clock pessimism              0.192     5.870    
                         clock uncertainty           -0.104     5.767    
    SLICE_X10Y107        FDCE (Recov_DFF2_SLICEM_C_CLR)
                                                     -0.093     5.674    design_1_i/ps8_0_axi_periph/s00_couplers/auto_ds/inst/gen_downsizer.gen_simple_downsizer.axi_downsizer_inst/USE_WRITE.write_addr_inst/cmd_queue/inst/fifo_gen_inst/inst_fifo_gen/gconvfifo.rf/grf.rf/gntv_or_sync_fifo.gl0.wr/wpntr/gcc0.gc0.count_d1_reg[0]
  -------------------------------------------------------------------
                         required time                          5.674    
                         arrival time                          -4.180    
  -------------------------------------------------------------------
                         slack                                  1.494    

Slack (MET) :             1.496ns  (required time - arrival time)
  Source:                 design_1_i/ps8_0_axi_periph/s00_couplers/auto_ds/inst/gen_downsizer.gen_simple_downsizer.axi_downsizer_inst/USE_WRITE.write_addr_inst/cmd_queue/inst/fifo_gen_inst/inst_fifo_gen/gconvfifo.rf/grf.rf/rstblk/ngwrdrst.grst.g7serrst.gnsckt_wrst.gcc_rst.sckt_wr_rst_cc_reg[0]/C
                            (rising edge-triggered cell FDRE clocked by clk_pl_0  {rise@0.000ns fall@1.666ns period=3.333ns})
  Destination:            design_1_i/ps8_0_axi_periph/s00_couplers/auto_ds/inst/gen_downsizer.gen_simple_downsizer.axi_downsizer_inst/USE_WRITE.write_addr_inst/cmd_queue/inst/fifo_gen_inst/inst_fifo_gen/gconvfifo.rf/grf.rf/gntv_or_sync_fifo.gl0.rd/rpntr/gc0.count_d1_reg[1]/CLR
                            (recovery check against rising-edge clock clk_pl_0  {rise@0.000ns fall@1.666ns period=3.333ns})
  Path Group:             **async_default**
  Path Type:              Recovery (Max at Slow Process Corner)
  Requirement:            3.333ns  (clk_pl_0 rise@3.333ns - clk_pl_0 rise@0.000ns)
  Data Path Delay:        1.524ns  (logic 0.305ns (20.007%)  route 1.219ns (79.993%))
  Logic Levels:           1  (LUT3=1)
  Clock Path Skew:        -0.116ns (DCD - SCD + CPR)
    Destination Clock Delay (DCD):    2.344ns = ( 5.677 - 3.333 ) 
    Source Clock Delay      (SCD):    2.653ns
    Clock Pessimism Removal (CPR):    0.192ns
  Clock Uncertainty:      0.104ns  ((TSJ^2 + DJ^2)^1/2) / 2 + PE
    Total System Jitter     (TSJ):    0.071ns
    Discrete Jitter          (DJ):    0.195ns
    Phase Error              (PE):    0.000ns
  Clock Net Delay (Source):      2.386ns (routing 1.045ns, distribution 1.341ns)
  Clock Net Delay (Destination): 2.128ns (routing 0.955ns, distribution 1.173ns)

    Location             Delay type                Incr(ns)  Path(ns)    Netlist Resource(s)
  -------------------------------------------------------------------    -------------------
                         (clock clk_pl_0 rise edge)
                                                      0.000     0.000 r  
    PS8_X0Y0             PS8                          0.000     0.000 r  design_1_i/zynq_ultra_ps_e_0/inst/PS8_i/PLCLK[0]
                         net (fo=1, routed)           0.229     0.229    design_1_i/zynq_ultra_ps_e_0/inst/pl_clk_unbuffered[0]
    BUFG_PS_X0Y80        BUFG_PS (Prop_BUFG_PS_I_O)
                                                      0.038     0.267 r  design_1_i/zynq_ultra_ps_e_0/inst/buffer_pl_clk_0.PL_CLK_0_BUFG/O
    X0Y1 (CLOCK_ROOT)    net (fo=23506, routed)       2.386     2.653    design_1_i/ps8_0_axi_periph/s00_couplers/auto_ds/inst/gen_downsizer.gen_simple_downsizer.axi_downsizer_inst/USE_WRITE.write_addr_inst/cmd_queue/inst/fifo_gen_inst/inst_fifo_gen/gconvfifo.rf/grf.rf/rstblk/clk
    SLICE_X8Y105         FDRE                                         r  design_1_i/ps8_0_axi_periph/s00_couplers/auto_ds/inst/gen_downsizer.gen_simple_downsizer.axi_downsizer_inst/USE_WRITE.write_addr_inst/cmd_queue/inst/fifo_gen_inst/inst_fifo_gen/gconvfifo.rf/grf.rf/rstblk/ngwrdrst.grst.g7serrst.gnsckt_wrst.gcc_rst.sckt_wr_rst_cc_reg[0]/C
  -------------------------------------------------------------------    -------------------
    SLICE_X8Y105         FDRE (Prop_GFF2_SLICEM_C_Q)
                                                      0.118     2.771 f  design_1_i/ps8_0_axi_periph/s00_couplers/auto_ds/inst/gen_downsizer.gen_simple_downsizer.axi_downsizer_inst/USE_WRITE.write_addr_inst/cmd_queue/inst/fifo_gen_inst/inst_fifo_gen/gconvfifo.rf/grf.rf/rstblk/ngwrdrst.grst.g7serrst.gnsckt_wrst.gcc_rst.sckt_wr_rst_cc_reg[0]/Q
                         net (fo=3, routed)           0.427     3.198    design_1_i/ps8_0_axi_periph/s00_couplers/auto_ds/inst/gen_downsizer.gen_simple_downsizer.axi_downsizer_inst/USE_WRITE.write_addr_inst/cmd_queue/inst/fifo_gen_inst/inst_fifo_gen/gconvfifo.rf/grf.rf/rstblk/ngwrdrst.grst.g7serrst.gnsckt_wrst.gcc_rst.sckt_wr_rst_cc[0]
    SLICE_X8Y105         LUT3 (Prop_E6LUT_SLICEM_I1_O)
                                                      0.187     3.385 f  design_1_i/ps8_0_axi_periph/s00_couplers/auto_ds/inst/gen_downsizer.gen_simple_downsizer.axi_downsizer_inst/USE_WRITE.write_addr_inst/cmd_queue/inst/fifo_gen_inst/inst_fifo_gen/gconvfifo.rf/grf.rf/rstblk/gpregsm1.curr_fwft_state[1]_i_2/O
                         net (fo=32, routed)          0.792     4.177    design_1_i/ps8_0_axi_periph/s00_couplers/auto_ds/inst/gen_downsizer.gen_simple_downsizer.axi_downsizer_inst/USE_WRITE.write_addr_inst/cmd_queue/inst/fifo_gen_inst/inst_fifo_gen/gconvfifo.rf/grf.rf/gntv_or_sync_fifo.gl0.rd/rpntr/gc0.count_d1_reg[4]_1
    SLICE_X10Y106        FDCE                                         f  design_1_i/ps8_0_axi_periph/s00_couplers/auto_ds/inst/gen_downsizer.gen_simple_downsizer.axi_downsizer_inst/USE_WRITE.write_addr_inst/cmd_queue/inst/fifo_gen_inst/inst_fifo_gen/gconvfifo.rf/grf.rf/gntv_or_sync_fifo.gl0.rd/rpntr/gc0.count_d1_reg[1]/CLR
  -------------------------------------------------------------------    -------------------

                         (clock clk_pl_0 rise edge)
                                                      3.333     3.333 r  
    PS8_X0Y0             PS8                          0.000     3.333 r  design_1_i/zynq_ultra_ps_e_0/inst/PS8_i/PLCLK[0]
                         net (fo=1, routed)           0.181     3.514    design_1_i/zynq_ultra_ps_e_0/inst/pl_clk_unbuffered[0]
    BUFG_PS_X0Y80        BUFG_PS (Prop_BUFG_PS_I_O)
                                                      0.035     3.549 r  design_1_i/zynq_ultra_ps_e_0/inst/buffer_pl_clk_0.PL_CLK_0_BUFG/O
    X0Y1 (CLOCK_ROOT)    net (fo=23506, routed)       2.128     5.677    design_1_i/ps8_0_axi_periph/s00_couplers/auto_ds/inst/gen_downsizer.gen_simple_downsizer.axi_downsizer_inst/USE_WRITE.write_addr_inst/cmd_queue/inst/fifo_gen_inst/inst_fifo_gen/gconvfifo.rf/grf.rf/gntv_or_sync_fifo.gl0.rd/rpntr/clk
    SLICE_X10Y106        FDCE                                         r  design_1_i/ps8_0_axi_periph/s00_couplers/auto_ds/inst/gen_downsizer.gen_simple_downsizer.axi_downsizer_inst/USE_WRITE.write_addr_inst/cmd_queue/inst/fifo_gen_inst/inst_fifo_gen/gconvfifo.rf/grf.rf/gntv_or_sync_fifo.gl0.rd/rpntr/gc0.count_d1_reg[1]/C
                         clock pessimism              0.192     5.869    
                         clock uncertainty           -0.104     5.766    
    SLICE_X10Y106        FDCE (Recov_HFF2_SLICEM_C_CLR)
                                                     -0.093     5.673    design_1_i/ps8_0_axi_periph/s00_couplers/auto_ds/inst/gen_downsizer.gen_simple_downsizer.axi_downsizer_inst/USE_WRITE.write_addr_inst/cmd_queue/inst/fifo_gen_inst/inst_fifo_gen/gconvfifo.rf/grf.rf/gntv_or_sync_fifo.gl0.rd/rpntr/gc0.count_d1_reg[1]
  -------------------------------------------------------------------
                         required time                          5.673    
                         arrival time                          -4.177    
  -------------------------------------------------------------------
                         slack                                  1.496    

Slack (MET) :             1.496ns  (required time - arrival time)
  Source:                 design_1_i/ps8_0_axi_periph/s00_couplers/auto_ds/inst/gen_downsizer.gen_simple_downsizer.axi_downsizer_inst/USE_WRITE.write_addr_inst/cmd_queue/inst/fifo_gen_inst/inst_fifo_gen/gconvfifo.rf/grf.rf/rstblk/ngwrdrst.grst.g7serrst.gnsckt_wrst.gcc_rst.sckt_wr_rst_cc_reg[0]/C
                            (rising edge-triggered cell FDRE clocked by clk_pl_0  {rise@0.000ns fall@1.666ns period=3.333ns})
  Destination:            design_1_i/ps8_0_axi_periph/s00_couplers/auto_ds/inst/gen_downsizer.gen_simple_downsizer.axi_downsizer_inst/USE_WRITE.write_addr_inst/cmd_queue/inst/fifo_gen_inst/inst_fifo_gen/gconvfifo.rf/grf.rf/gntv_or_sync_fifo.gl0.rd/rpntr/gc0.count_d1_reg[2]/CLR
                            (recovery check against rising-edge clock clk_pl_0  {rise@0.000ns fall@1.666ns period=3.333ns})
  Path Group:             **async_default**
  Path Type:              Recovery (Max at Slow Process Corner)
  Requirement:            3.333ns  (clk_pl_0 rise@3.333ns - clk_pl_0 rise@0.000ns)
  Data Path Delay:        1.524ns  (logic 0.305ns (20.007%)  route 1.219ns (79.993%))
  Logic Levels:           1  (LUT3=1)
  Clock Path Skew:        -0.116ns (DCD - SCD + CPR)
    Destination Clock Delay (DCD):    2.344ns = ( 5.677 - 3.333 ) 
    Source Clock Delay      (SCD):    2.653ns
    Clock Pessimism Removal (CPR):    0.192ns
  Clock Uncertainty:      0.104ns  ((TSJ^2 + DJ^2)^1/2) / 2 + PE
    Total System Jitter     (TSJ):    0.071ns
    Discrete Jitter          (DJ):    0.195ns
    Phase Error              (PE):    0.000ns
  Clock Net Delay (Source):      2.386ns (routing 1.045ns, distribution 1.341ns)
  Clock Net Delay (Destination): 2.128ns (routing 0.955ns, distribution 1.173ns)

    Location             Delay type                Incr(ns)  Path(ns)    Netlist Resource(s)
  -------------------------------------------------------------------    -------------------
                         (clock clk_pl_0 rise edge)
                                                      0.000     0.000 r  
    PS8_X0Y0             PS8                          0.000     0.000 r  design_1_i/zynq_ultra_ps_e_0/inst/PS8_i/PLCLK[0]
                         net (fo=1, routed)           0.229     0.229    design_1_i/zynq_ultra_ps_e_0/inst/pl_clk_unbuffered[0]
    BUFG_PS_X0Y80        BUFG_PS (Prop_BUFG_PS_I_O)
                                                      0.038     0.267 r  design_1_i/zynq_ultra_ps_e_0/inst/buffer_pl_clk_0.PL_CLK_0_BUFG/O
    X0Y1 (CLOCK_ROOT)    net (fo=23506, routed)       2.386     2.653    design_1_i/ps8_0_axi_periph/s00_couplers/auto_ds/inst/gen_downsizer.gen_simple_downsizer.axi_downsizer_inst/USE_WRITE.write_addr_inst/cmd_queue/inst/fifo_gen_inst/inst_fifo_gen/gconvfifo.rf/grf.rf/rstblk/clk
    SLICE_X8Y105         FDRE                                         r  design_1_i/ps8_0_axi_periph/s00_couplers/auto_ds/inst/gen_downsizer.gen_simple_downsizer.axi_downsizer_inst/USE_WRITE.write_addr_inst/cmd_queue/inst/fifo_gen_inst/inst_fifo_gen/gconvfifo.rf/grf.rf/rstblk/ngwrdrst.grst.g7serrst.gnsckt_wrst.gcc_rst.sckt_wr_rst_cc_reg[0]/C
  -------------------------------------------------------------------    -------------------
    SLICE_X8Y105         FDRE (Prop_GFF2_SLICEM_C_Q)
                                                      0.118     2.771 f  design_1_i/ps8_0_axi_periph/s00_couplers/auto_ds/inst/gen_downsizer.gen_simple_downsizer.axi_downsizer_inst/USE_WRITE.write_addr_inst/cmd_queue/inst/fifo_gen_inst/inst_fifo_gen/gconvfifo.rf/grf.rf/rstblk/ngwrdrst.grst.g7serrst.gnsckt_wrst.gcc_rst.sckt_wr_rst_cc_reg[0]/Q
                         net (fo=3, routed)           0.427     3.198    design_1_i/ps8_0_axi_periph/s00_couplers/auto_ds/inst/gen_downsizer.gen_simple_downsizer.axi_downsizer_inst/USE_WRITE.write_addr_inst/cmd_queue/inst/fifo_gen_inst/inst_fifo_gen/gconvfifo.rf/grf.rf/rstblk/ngwrdrst.grst.g7serrst.gnsckt_wrst.gcc_rst.sckt_wr_rst_cc[0]
    SLICE_X8Y105         LUT3 (Prop_E6LUT_SLICEM_I1_O)
                                                      0.187     3.385 f  design_1_i/ps8_0_axi_periph/s00_couplers/auto_ds/inst/gen_downsizer.gen_simple_downsizer.axi_downsizer_inst/USE_WRITE.write_addr_inst/cmd_queue/inst/fifo_gen_inst/inst_fifo_gen/gconvfifo.rf/grf.rf/rstblk/gpregsm1.curr_fwft_state[1]_i_2/O
                         net (fo=32, routed)          0.792     4.177    design_1_i/ps8_0_axi_periph/s00_couplers/auto_ds/inst/gen_downsizer.gen_simple_downsizer.axi_downsizer_inst/USE_WRITE.write_addr_inst/cmd_queue/inst/fifo_gen_inst/inst_fifo_gen/gconvfifo.rf/grf.rf/gntv_or_sync_fifo.gl0.rd/rpntr/gc0.count_d1_reg[4]_1
    SLICE_X10Y106        FDCE                                         f  design_1_i/ps8_0_axi_periph/s00_couplers/auto_ds/inst/gen_downsizer.gen_simple_downsizer.axi_downsizer_inst/USE_WRITE.write_addr_inst/cmd_queue/inst/fifo_gen_inst/inst_fifo_gen/gconvfifo.rf/grf.rf/gntv_or_sync_fifo.gl0.rd/rpntr/gc0.count_d1_reg[2]/CLR
  -------------------------------------------------------------------    -------------------

                         (clock clk_pl_0 rise edge)
                                                      3.333     3.333 r  
    PS8_X0Y0             PS8                          0.000     3.333 r  design_1_i/zynq_ultra_ps_e_0/inst/PS8_i/PLCLK[0]
                         net (fo=1, routed)           0.181     3.514    design_1_i/zynq_ultra_ps_e_0/inst/pl_clk_unbuffered[0]
    BUFG_PS_X0Y80        BUFG_PS (Prop_BUFG_PS_I_O)
                                                      0.035     3.549 r  design_1_i/zynq_ultra_ps_e_0/inst/buffer_pl_clk_0.PL_CLK_0_BUFG/O
    X0Y1 (CLOCK_ROOT)    net (fo=23506, routed)       2.128     5.677    design_1_i/ps8_0_axi_periph/s00_couplers/auto_ds/inst/gen_downsizer.gen_simple_downsizer.axi_downsizer_inst/USE_WRITE.write_addr_inst/cmd_queue/inst/fifo_gen_inst/inst_fifo_gen/gconvfifo.rf/grf.rf/gntv_or_sync_fifo.gl0.rd/rpntr/clk
    SLICE_X10Y106        FDCE                                         r  design_1_i/ps8_0_axi_periph/s00_couplers/auto_ds/inst/gen_downsizer.gen_simple_downsizer.axi_downsizer_inst/USE_WRITE.write_addr_inst/cmd_queue/inst/fifo_gen_inst/inst_fifo_gen/gconvfifo.rf/grf.rf/gntv_or_sync_fifo.gl0.rd/rpntr/gc0.count_d1_reg[2]/C
                         clock pessimism              0.192     5.869    
                         clock uncertainty           -0.104     5.766    
    SLICE_X10Y106        FDCE (Recov_GFF2_SLICEM_C_CLR)
                                                     -0.093     5.673    design_1_i/ps8_0_axi_periph/s00_couplers/auto_ds/inst/gen_downsizer.gen_simple_downsizer.axi_downsizer_inst/USE_WRITE.write_addr_inst/cmd_queue/inst/fifo_gen_inst/inst_fifo_gen/gconvfifo.rf/grf.rf/gntv_or_sync_fifo.gl0.rd/rpntr/gc0.count_d1_reg[2]
  -------------------------------------------------------------------
                         required time                          5.673    
                         arrival time                          -4.177    
  -------------------------------------------------------------------
                         slack                                  1.496    

Slack (MET) :             1.496ns  (required time - arrival time)
  Source:                 design_1_i/ps8_0_axi_periph/s00_couplers/auto_ds/inst/gen_downsizer.gen_simple_downsizer.axi_downsizer_inst/USE_WRITE.write_addr_inst/cmd_queue/inst/fifo_gen_inst/inst_fifo_gen/gconvfifo.rf/grf.rf/rstblk/ngwrdrst.grst.g7serrst.gnsckt_wrst.gcc_rst.sckt_wr_rst_cc_reg[0]/C
                            (rising edge-triggered cell FDRE clocked by clk_pl_0  {rise@0.000ns fall@1.666ns period=3.333ns})
  Destination:            design_1_i/ps8_0_axi_periph/s00_couplers/auto_ds/inst/gen_downsizer.gen_simple_downsizer.axi_downsizer_inst/USE_WRITE.write_addr_inst/cmd_queue/inst/fifo_gen_inst/inst_fifo_gen/gconvfifo.rf/grf.rf/gntv_or_sync_fifo.gl0.rd/rpntr/gc0.count_d1_reg[3]/CLR
                            (recovery check against rising-edge clock clk_pl_0  {rise@0.000ns fall@1.666ns period=3.333ns})
  Path Group:             **async_default**
  Path Type:              Recovery (Max at Slow Process Corner)
  Requirement:            3.333ns  (clk_pl_0 rise@3.333ns - clk_pl_0 rise@0.000ns)
  Data Path Delay:        1.524ns  (logic 0.305ns (20.007%)  route 1.219ns (79.993%))
  Logic Levels:           1  (LUT3=1)
  Clock Path Skew:        -0.116ns (DCD - SCD + CPR)
    Destination Clock Delay (DCD):    2.344ns = ( 5.677 - 3.333 ) 
    Source Clock Delay      (SCD):    2.653ns
    Clock Pessimism Removal (CPR):    0.192ns
  Clock Uncertainty:      0.104ns  ((TSJ^2 + DJ^2)^1/2) / 2 + PE
    Total System Jitter     (TSJ):    0.071ns
    Discrete Jitter          (DJ):    0.195ns
    Phase Error              (PE):    0.000ns
  Clock Net Delay (Source):      2.386ns (routing 1.045ns, distribution 1.341ns)
  Clock Net Delay (Destination): 2.128ns (routing 0.955ns, distribution 1.173ns)

    Location             Delay type                Incr(ns)  Path(ns)    Netlist Resource(s)
  -------------------------------------------------------------------    -------------------
                         (clock clk_pl_0 rise edge)
                                                      0.000     0.000 r  
    PS8_X0Y0             PS8                          0.000     0.000 r  design_1_i/zynq_ultra_ps_e_0/inst/PS8_i/PLCLK[0]
                         net (fo=1, routed)           0.229     0.229    design_1_i/zynq_ultra_ps_e_0/inst/pl_clk_unbuffered[0]
    BUFG_PS_X0Y80        BUFG_PS (Prop_BUFG_PS_I_O)
                                                      0.038     0.267 r  design_1_i/zynq_ultra_ps_e_0/inst/buffer_pl_clk_0.PL_CLK_0_BUFG/O
    X0Y1 (CLOCK_ROOT)    net (fo=23506, routed)       2.386     2.653    design_1_i/ps8_0_axi_periph/s00_couplers/auto_ds/inst/gen_downsizer.gen_simple_downsizer.axi_downsizer_inst/USE_WRITE.write_addr_inst/cmd_queue/inst/fifo_gen_inst/inst_fifo_gen/gconvfifo.rf/grf.rf/rstblk/clk
    SLICE_X8Y105         FDRE                                         r  design_1_i/ps8_0_axi_periph/s00_couplers/auto_ds/inst/gen_downsizer.gen_simple_downsizer.axi_downsizer_inst/USE_WRITE.write_addr_inst/cmd_queue/inst/fifo_gen_inst/inst_fifo_gen/gconvfifo.rf/grf.rf/rstblk/ngwrdrst.grst.g7serrst.gnsckt_wrst.gcc_rst.sckt_wr_rst_cc_reg[0]/C
  -------------------------------------------------------------------    -------------------
    SLICE_X8Y105         FDRE (Prop_GFF2_SLICEM_C_Q)
                                                      0.118     2.771 f  design_1_i/ps8_0_axi_periph/s00_couplers/auto_ds/inst/gen_downsizer.gen_simple_downsizer.axi_downsizer_inst/USE_WRITE.write_addr_inst/cmd_queue/inst/fifo_gen_inst/inst_fifo_gen/gconvfifo.rf/grf.rf/rstblk/ngwrdrst.grst.g7serrst.gnsckt_wrst.gcc_rst.sckt_wr_rst_cc_reg[0]/Q
                         net (fo=3, routed)           0.427     3.198    design_1_i/ps8_0_axi_periph/s00_couplers/auto_ds/inst/gen_downsizer.gen_simple_downsizer.axi_downsizer_inst/USE_WRITE.write_addr_inst/cmd_queue/inst/fifo_gen_inst/inst_fifo_gen/gconvfifo.rf/grf.rf/rstblk/ngwrdrst.grst.g7serrst.gnsckt_wrst.gcc_rst.sckt_wr_rst_cc[0]
    SLICE_X8Y105         LUT3 (Prop_E6LUT_SLICEM_I1_O)
                                                      0.187     3.385 f  design_1_i/ps8_0_axi_periph/s00_couplers/auto_ds/inst/gen_downsizer.gen_simple_downsizer.axi_downsizer_inst/USE_WRITE.write_addr_inst/cmd_queue/inst/fifo_gen_inst/inst_fifo_gen/gconvfifo.rf/grf.rf/rstblk/gpregsm1.curr_fwft_state[1]_i_2/O
                         net (fo=32, routed)          0.792     4.177    design_1_i/ps8_0_axi_periph/s00_couplers/auto_ds/inst/gen_downsizer.gen_simple_downsizer.axi_downsizer_inst/USE_WRITE.write_addr_inst/cmd_queue/inst/fifo_gen_inst/inst_fifo_gen/gconvfifo.rf/grf.rf/gntv_or_sync_fifo.gl0.rd/rpntr/gc0.count_d1_reg[4]_1
    SLICE_X10Y106        FDCE                                         f  design_1_i/ps8_0_axi_periph/s00_couplers/auto_ds/inst/gen_downsizer.gen_simple_downsizer.axi_downsizer_inst/USE_WRITE.write_addr_inst/cmd_queue/inst/fifo_gen_inst/inst_fifo_gen/gconvfifo.rf/grf.rf/gntv_or_sync_fifo.gl0.rd/rpntr/gc0.count_d1_reg[3]/CLR
  -------------------------------------------------------------------    -------------------

                         (clock clk_pl_0 rise edge)
                                                      3.333     3.333 r  
    PS8_X0Y0             PS8                          0.000     3.333 r  design_1_i/zynq_ultra_ps_e_0/inst/PS8_i/PLCLK[0]
                         net (fo=1, routed)           0.181     3.514    design_1_i/zynq_ultra_ps_e_0/inst/pl_clk_unbuffered[0]
    BUFG_PS_X0Y80        BUFG_PS (Prop_BUFG_PS_I_O)
                                                      0.035     3.549 r  design_1_i/zynq_ultra_ps_e_0/inst/buffer_pl_clk_0.PL_CLK_0_BUFG/O
    X0Y1 (CLOCK_ROOT)    net (fo=23506, routed)       2.128     5.677    design_1_i/ps8_0_axi_periph/s00_couplers/auto_ds/inst/gen_downsizer.gen_simple_downsizer.axi_downsizer_inst/USE_WRITE.write_addr_inst/cmd_queue/inst/fifo_gen_inst/inst_fifo_gen/gconvfifo.rf/grf.rf/gntv_or_sync_fifo.gl0.rd/rpntr/clk
    SLICE_X10Y106        FDCE                                         r  design_1_i/ps8_0_axi_periph/s00_couplers/auto_ds/inst/gen_downsizer.gen_simple_downsizer.axi_downsizer_inst/USE_WRITE.write_addr_inst/cmd_queue/inst/fifo_gen_inst/inst_fifo_gen/gconvfifo.rf/grf.rf/gntv_or_sync_fifo.gl0.rd/rpntr/gc0.count_d1_reg[3]/C
                         clock pessimism              0.192     5.869    
                         clock uncertainty           -0.104     5.766    
    SLICE_X10Y106        FDCE (Recov_FFF2_SLICEM_C_CLR)
                                                     -0.093     5.673    design_1_i/ps8_0_axi_periph/s00_couplers/auto_ds/inst/gen_downsizer.gen_simple_downsizer.axi_downsizer_inst/USE_WRITE.write_addr_inst/cmd_queue/inst/fifo_gen_inst/inst_fifo_gen/gconvfifo.rf/grf.rf/gntv_or_sync_fifo.gl0.rd/rpntr/gc0.count_d1_reg[3]
  -------------------------------------------------------------------
                         required time                          5.673    
                         arrival time                          -4.177    
  -------------------------------------------------------------------
                         slack                                  1.496    





Min Delay Paths
--------------------------------------------------------------------------------------
Slack (MET) :             0.240ns  (arrival time - required time)
  Source:                 design_1_i/ps8_0_axi_periph/s01_couplers/auto_ds/inst/gen_downsizer.gen_simple_downsizer.axi_downsizer_inst/USE_WRITE.write_addr_inst/USE_B_CHANNEL.cmd_b_queue/inst/fifo_gen_inst/inst_fifo_gen/gconvfifo.rf/grf.rf/rstblk/ngwrdrst.grst.g7serrst.gnsckt_wrst.rst_wr_reg2_inst/arststages_ff_reg[1]/C
                            (rising edge-triggered cell FDPE clocked by clk_pl_0  {rise@0.000ns fall@1.666ns period=3.333ns})
  Destination:            design_1_i/ps8_0_axi_periph/s01_couplers/auto_ds/inst/gen_downsizer.gen_simple_downsizer.axi_downsizer_inst/USE_WRITE.write_addr_inst/USE_B_CHANNEL.cmd_b_queue/inst/fifo_gen_inst/inst_fifo_gen/gconvfifo.rf/grf.rf/gntv_or_sync_fifo.gl0.rd/gr1.gr1_int.rfwft/aempty_fwft_fb_i_reg/PRE
                            (removal check against rising-edge clock clk_pl_0  {rise@0.000ns fall@1.666ns period=3.333ns})
  Path Group:             **async_default**
  Path Type:              Removal (Min at Fast Process Corner)
  Requirement:            0.000ns  (clk_pl_0 rise@0.000ns - clk_pl_0 rise@0.000ns)
  Data Path Delay:        0.252ns  (logic 0.121ns (47.955%)  route 0.131ns (52.045%))
  Logic Levels:           1  (LUT3=1)
  Clock Path Skew:        0.030ns (DCD - SCD - CPR)
    Destination Clock Delay (DCD):    1.633ns
    Source Clock Delay      (SCD):    1.461ns
    Clock Pessimism Removal (CPR):    0.141ns
  Clock Net Delay (Source):      1.310ns (routing 0.572ns, distribution 0.738ns)
  Clock Net Delay (Destination): 1.446ns (routing 0.623ns, distribution 0.823ns)

    Location             Delay type                Incr(ns)  Path(ns)    Netlist Resource(s)
  -------------------------------------------------------------------    -------------------
                         (clock clk_pl_0 rise edge)
                                                      0.000     0.000 r  
    PS8_X0Y0             PS8                          0.000     0.000 r  design_1_i/zynq_ultra_ps_e_0/inst/PS8_i/PLCLK[0]
                         net (fo=1, routed)           0.129     0.129    design_1_i/zynq_ultra_ps_e_0/inst/pl_clk_unbuffered[0]
    BUFG_PS_X0Y80        BUFG_PS (Prop_BUFG_PS_I_O)
                                                      0.022     0.151 r  design_1_i/zynq_ultra_ps_e_0/inst/buffer_pl_clk_0.PL_CLK_0_BUFG/O
    X0Y1 (CLOCK_ROOT)    net (fo=23506, routed)       1.310     1.461    design_1_i/ps8_0_axi_periph/s01_couplers/auto_ds/inst/gen_downsizer.gen_simple_downsizer.axi_downsizer_inst/USE_WRITE.write_addr_inst/USE_B_CHANNEL.cmd_b_queue/inst/fifo_gen_inst/inst_fifo_gen/gconvfifo.rf/grf.rf/rstblk/ngwrdrst.grst.g7serrst.gnsckt_wrst.rst_wr_reg2_inst/dest_clk
    SLICE_X8Y133         FDPE                                         r  design_1_i/ps8_0_axi_periph/s01_couplers/auto_ds/inst/gen_downsizer.gen_simple_downsizer.axi_downsizer_inst/USE_WRITE.write_addr_inst/USE_B_CHANNEL.cmd_b_queue/inst/fifo_gen_inst/inst_fifo_gen/gconvfifo.rf/grf.rf/rstblk/ngwrdrst.grst.g7serrst.gnsckt_wrst.rst_wr_reg2_inst/arststages_ff_reg[1]/C
  -------------------------------------------------------------------    -------------------
    SLICE_X8Y133         FDPE (Prop_AFF2_SLICEM_C_Q)
                                                      0.084     1.545 f  design_1_i/ps8_0_axi_periph/s01_couplers/auto_ds/inst/gen_downsizer.gen_simple_downsizer.axi_downsizer_inst/USE_WRITE.write_addr_inst/USE_B_CHANNEL.cmd_b_queue/inst/fifo_gen_inst/inst_fifo_gen/gconvfifo.rf/grf.rf/rstblk/ngwrdrst.grst.g7serrst.gnsckt_wrst.rst_wr_reg2_inst/arststages_ff_reg[1]/Q
                         net (fo=3, routed)           0.055     1.600    design_1_i/ps8_0_axi_periph/s01_couplers/auto_ds/inst/gen_downsizer.gen_simple_downsizer.axi_downsizer_inst/USE_WRITE.write_addr_inst/USE_B_CHANNEL.cmd_b_queue/inst/fifo_gen_inst/inst_fifo_gen/gconvfifo.rf/grf.rf/rstblk/ngwrdrst.rst_wr_reg2
    SLICE_X8Y132         LUT3 (Prop_C6LUT_SLICEM_I2_O)
                                                      0.037     1.637 f  design_1_i/ps8_0_axi_periph/s01_couplers/auto_ds/inst/gen_downsizer.gen_simple_downsizer.axi_downsizer_inst/USE_WRITE.write_addr_inst/USE_B_CHANNEL.cmd_b_queue/inst/fifo_gen_inst/inst_fifo_gen/gconvfifo.rf/grf.rf/rstblk/gpregsm1.curr_fwft_state[1]_i_2/O
                         net (fo=32, routed)          0.077     1.713    design_1_i/ps8_0_axi_periph/s01_couplers/auto_ds/inst/gen_downsizer.gen_simple_downsizer.axi_downsizer_inst/USE_WRITE.write_addr_inst/USE_B_CHANNEL.cmd_b_queue/inst/fifo_gen_inst/inst_fifo_gen/gconvfifo.rf/grf.rf/gntv_or_sync_fifo.gl0.rd/gr1.gr1_int.rfwft/gpregsm1.user_valid_reg_0
    SLICE_X9Y132         FDPE                                         f  design_1_i/ps8_0_axi_periph/s01_couplers/auto_ds/inst/gen_downsizer.gen_simple_downsizer.axi_downsizer_inst/USE_WRITE.write_addr_inst/USE_B_CHANNEL.cmd_b_queue/inst/fifo_gen_inst/inst_fifo_gen/gconvfifo.rf/grf.rf/gntv_or_sync_fifo.gl0.rd/gr1.gr1_int.rfwft/aempty_fwft_fb_i_reg/PRE
  -------------------------------------------------------------------    -------------------

                         (clock clk_pl_0 rise edge)
                                                      0.000     0.000 r  
    PS8_X0Y0             PS8                          0.000     0.000 r  design_1_i/zynq_ultra_ps_e_0/inst/PS8_i/PLCLK[0]
                         net (fo=1, routed)           0.164     0.164    design_1_i/zynq_ultra_ps_e_0/inst/pl_clk_unbuffered[0]
    BUFG_PS_X0Y80        BUFG_PS (Prop_BUFG_PS_I_O)
                                                      0.023     0.187 r  design_1_i/zynq_ultra_ps_e_0/inst/buffer_pl_clk_0.PL_CLK_0_BUFG/O
    X0Y1 (CLOCK_ROOT)    net (fo=23506, routed)       1.446     1.633    design_1_i/ps8_0_axi_periph/s01_couplers/auto_ds/inst/gen_downsizer.gen_simple_downsizer.axi_downsizer_inst/USE_WRITE.write_addr_inst/USE_B_CHANNEL.cmd_b_queue/inst/fifo_gen_inst/inst_fifo_gen/gconvfifo.rf/grf.rf/gntv_or_sync_fifo.gl0.rd/gr1.gr1_int.rfwft/clk
    SLICE_X9Y132         FDPE                                         r  design_1_i/ps8_0_axi_periph/s01_couplers/auto_ds/inst/gen_downsizer.gen_simple_downsizer.axi_downsizer_inst/USE_WRITE.write_addr_inst/USE_B_CHANNEL.cmd_b_queue/inst/fifo_gen_inst/inst_fifo_gen/gconvfifo.rf/grf.rf/gntv_or_sync_fifo.gl0.rd/gr1.gr1_int.rfwft/aempty_fwft_fb_i_reg/C
                         clock pessimism             -0.141     1.491    
    SLICE_X9Y132         FDPE (Remov_EFF_SLICEL_C_PRE)
                                                     -0.018     1.473    design_1_i/ps8_0_axi_periph/s01_couplers/auto_ds/inst/gen_downsizer.gen_simple_downsizer.axi_downsizer_inst/USE_WRITE.write_addr_inst/USE_B_CHANNEL.cmd_b_queue/inst/fifo_gen_inst/inst_fifo_gen/gconvfifo.rf/grf.rf/gntv_or_sync_fifo.gl0.rd/gr1.gr1_int.rfwft/aempty_fwft_fb_i_reg
  -------------------------------------------------------------------
                         required time                         -1.473    
                         arrival time                           1.713    
  -------------------------------------------------------------------
                         slack                                  0.240    

Slack (MET) :             0.240ns  (arrival time - required time)
  Source:                 design_1_i/ps8_0_axi_periph/s01_couplers/auto_ds/inst/gen_downsizer.gen_simple_downsizer.axi_downsizer_inst/USE_WRITE.write_addr_inst/USE_B_CHANNEL.cmd_b_queue/inst/fifo_gen_inst/inst_fifo_gen/gconvfifo.rf/grf.rf/rstblk/ngwrdrst.grst.g7serrst.gnsckt_wrst.rst_wr_reg2_inst/arststages_ff_reg[1]/C
                            (rising edge-triggered cell FDPE clocked by clk_pl_0  {rise@0.000ns fall@1.666ns period=3.333ns})
  Destination:            design_1_i/ps8_0_axi_periph/s01_couplers/auto_ds/inst/gen_downsizer.gen_simple_downsizer.axi_downsizer_inst/USE_WRITE.write_addr_inst/USE_B_CHANNEL.cmd_b_queue/inst/fifo_gen_inst/inst_fifo_gen/gconvfifo.rf/grf.rf/gntv_or_sync_fifo.gl0.rd/gr1.gr1_int.rfwft/aempty_fwft_i_reg/PRE
                            (removal check against rising-edge clock clk_pl_0  {rise@0.000ns fall@1.666ns period=3.333ns})
  Path Group:             **async_default**
  Path Type:              Removal (Min at Fast Process Corner)
  Requirement:            0.000ns  (clk_pl_0 rise@0.000ns - clk_pl_0 rise@0.000ns)
  Data Path Delay:        0.252ns  (logic 0.121ns (47.955%)  route 0.131ns (52.045%))
  Logic Levels:           1  (LUT3=1)
  Clock Path Skew:        0.030ns (DCD - SCD - CPR)
    Destination Clock Delay (DCD):    1.633ns
    Source Clock Delay      (SCD):    1.461ns
    Clock Pessimism Removal (CPR):    0.141ns
  Clock Net Delay (Source):      1.310ns (routing 0.572ns, distribution 0.738ns)
  Clock Net Delay (Destination): 1.446ns (routing 0.623ns, distribution 0.823ns)

    Location             Delay type                Incr(ns)  Path(ns)    Netlist Resource(s)
  -------------------------------------------------------------------    -------------------
                         (clock clk_pl_0 rise edge)
                                                      0.000     0.000 r  
    PS8_X0Y0             PS8                          0.000     0.000 r  design_1_i/zynq_ultra_ps_e_0/inst/PS8_i/PLCLK[0]
                         net (fo=1, routed)           0.129     0.129    design_1_i/zynq_ultra_ps_e_0/inst/pl_clk_unbuffered[0]
    BUFG_PS_X0Y80        BUFG_PS (Prop_BUFG_PS_I_O)
                                                      0.022     0.151 r  design_1_i/zynq_ultra_ps_e_0/inst/buffer_pl_clk_0.PL_CLK_0_BUFG/O
    X0Y1 (CLOCK_ROOT)    net (fo=23506, routed)       1.310     1.461    design_1_i/ps8_0_axi_periph/s01_couplers/auto_ds/inst/gen_downsizer.gen_simple_downsizer.axi_downsizer_inst/USE_WRITE.write_addr_inst/USE_B_CHANNEL.cmd_b_queue/inst/fifo_gen_inst/inst_fifo_gen/gconvfifo.rf/grf.rf/rstblk/ngwrdrst.grst.g7serrst.gnsckt_wrst.rst_wr_reg2_inst/dest_clk
    SLICE_X8Y133         FDPE                                         r  design_1_i/ps8_0_axi_periph/s01_couplers/auto_ds/inst/gen_downsizer.gen_simple_downsizer.axi_downsizer_inst/USE_WRITE.write_addr_inst/USE_B_CHANNEL.cmd_b_queue/inst/fifo_gen_inst/inst_fifo_gen/gconvfifo.rf/grf.rf/rstblk/ngwrdrst.grst.g7serrst.gnsckt_wrst.rst_wr_reg2_inst/arststages_ff_reg[1]/C
  -------------------------------------------------------------------    -------------------
    SLICE_X8Y133         FDPE (Prop_AFF2_SLICEM_C_Q)
                                                      0.084     1.545 f  design_1_i/ps8_0_axi_periph/s01_couplers/auto_ds/inst/gen_downsizer.gen_simple_downsizer.axi_downsizer_inst/USE_WRITE.write_addr_inst/USE_B_CHANNEL.cmd_b_queue/inst/fifo_gen_inst/inst_fifo_gen/gconvfifo.rf/grf.rf/rstblk/ngwrdrst.grst.g7serrst.gnsckt_wrst.rst_wr_reg2_inst/arststages_ff_reg[1]/Q
                         net (fo=3, routed)           0.055     1.600    design_1_i/ps8_0_axi_periph/s01_couplers/auto_ds/inst/gen_downsizer.gen_simple_downsizer.axi_downsizer_inst/USE_WRITE.write_addr_inst/USE_B_CHANNEL.cmd_b_queue/inst/fifo_gen_inst/inst_fifo_gen/gconvfifo.rf/grf.rf/rstblk/ngwrdrst.rst_wr_reg2
    SLICE_X8Y132         LUT3 (Prop_C6LUT_SLICEM_I2_O)
                                                      0.037     1.637 f  design_1_i/ps8_0_axi_periph/s01_couplers/auto_ds/inst/gen_downsizer.gen_simple_downsizer.axi_downsizer_inst/USE_WRITE.write_addr_inst/USE_B_CHANNEL.cmd_b_queue/inst/fifo_gen_inst/inst_fifo_gen/gconvfifo.rf/grf.rf/rstblk/gpregsm1.curr_fwft_state[1]_i_2/O
                         net (fo=32, routed)          0.077     1.713    design_1_i/ps8_0_axi_periph/s01_couplers/auto_ds/inst/gen_downsizer.gen_simple_downsizer.axi_downsizer_inst/USE_WRITE.write_addr_inst/USE_B_CHANNEL.cmd_b_queue/inst/fifo_gen_inst/inst_fifo_gen/gconvfifo.rf/grf.rf/gntv_or_sync_fifo.gl0.rd/gr1.gr1_int.rfwft/gpregsm1.user_valid_reg_0
    SLICE_X9Y132         FDPE                                         f  design_1_i/ps8_0_axi_periph/s01_couplers/auto_ds/inst/gen_downsizer.gen_simple_downsizer.axi_downsizer_inst/USE_WRITE.write_addr_inst/USE_B_CHANNEL.cmd_b_queue/inst/fifo_gen_inst/inst_fifo_gen/gconvfifo.rf/grf.rf/gntv_or_sync_fifo.gl0.rd/gr1.gr1_int.rfwft/aempty_fwft_i_reg/PRE
  -------------------------------------------------------------------    -------------------

                         (clock clk_pl_0 rise edge)
                                                      0.000     0.000 r  
    PS8_X0Y0             PS8                          0.000     0.000 r  design_1_i/zynq_ultra_ps_e_0/inst/PS8_i/PLCLK[0]
                         net (fo=1, routed)           0.164     0.164    design_1_i/zynq_ultra_ps_e_0/inst/pl_clk_unbuffered[0]
    BUFG_PS_X0Y80        BUFG_PS (Prop_BUFG_PS_I_O)
                                                      0.023     0.187 r  design_1_i/zynq_ultra_ps_e_0/inst/buffer_pl_clk_0.PL_CLK_0_BUFG/O
    X0Y1 (CLOCK_ROOT)    net (fo=23506, routed)       1.446     1.633    design_1_i/ps8_0_axi_periph/s01_couplers/auto_ds/inst/gen_downsizer.gen_simple_downsizer.axi_downsizer_inst/USE_WRITE.write_addr_inst/USE_B_CHANNEL.cmd_b_queue/inst/fifo_gen_inst/inst_fifo_gen/gconvfifo.rf/grf.rf/gntv_or_sync_fifo.gl0.rd/gr1.gr1_int.rfwft/clk
    SLICE_X9Y132         FDPE                                         r  design_1_i/ps8_0_axi_periph/s01_couplers/auto_ds/inst/gen_downsizer.gen_simple_downsizer.axi_downsizer_inst/USE_WRITE.write_addr_inst/USE_B_CHANNEL.cmd_b_queue/inst/fifo_gen_inst/inst_fifo_gen/gconvfifo.rf/grf.rf/gntv_or_sync_fifo.gl0.rd/gr1.gr1_int.rfwft/aempty_fwft_i_reg/C
                         clock pessimism             -0.141     1.491    
    SLICE_X9Y132         FDPE (Remov_EFF2_SLICEL_C_PRE)
                                                     -0.018     1.473    design_1_i/ps8_0_axi_periph/s01_couplers/auto_ds/inst/gen_downsizer.gen_simple_downsizer.axi_downsizer_inst/USE_WRITE.write_addr_inst/USE_B_CHANNEL.cmd_b_queue/inst/fifo_gen_inst/inst_fifo_gen/gconvfifo.rf/grf.rf/gntv_or_sync_fifo.gl0.rd/gr1.gr1_int.rfwft/aempty_fwft_i_reg
  -------------------------------------------------------------------
                         required time                         -1.473    
                         arrival time                           1.713    
  -------------------------------------------------------------------
                         slack                                  0.240    

Slack (MET) :             0.240ns  (arrival time - required time)
  Source:                 design_1_i/ps8_0_axi_periph/s00_couplers/auto_ds/inst/gen_downsizer.gen_simple_downsizer.axi_downsizer_inst/USE_WRITE.write_addr_inst/USE_B_CHANNEL.cmd_b_queue/inst/fifo_gen_inst/inst_fifo_gen/gconvfifo.rf/grf.rf/rstblk/ngwrdrst.grst.g7serrst.gnsckt_wrst.gcc_rst.sckt_wr_rst_cc_reg[0]/C
                            (rising edge-triggered cell FDRE clocked by clk_pl_0  {rise@0.000ns fall@1.666ns period=3.333ns})
  Destination:            design_1_i/ps8_0_axi_periph/s00_couplers/auto_ds/inst/gen_downsizer.gen_simple_downsizer.axi_downsizer_inst/USE_WRITE.write_addr_inst/USE_B_CHANNEL.cmd_b_queue/inst/fifo_gen_inst/inst_fifo_gen/gconvfifo.rf/grf.rf/gntv_or_sync_fifo.gl0.rd/rpntr/gc0.count_reg[0]/PRE
                            (removal check against rising-edge clock clk_pl_0  {rise@0.000ns fall@1.666ns period=3.333ns})
  Path Group:             **async_default**
  Path Type:              Removal (Min at Fast Process Corner)
  Requirement:            0.000ns  (clk_pl_0 rise@0.000ns - clk_pl_0 rise@0.000ns)
  Data Path Delay:        0.262ns  (logic 0.121ns (46.140%)  route 0.141ns (53.860%))
  Logic Levels:           1  (LUT3=1)
  Clock Path Skew:        0.040ns (DCD - SCD - CPR)
    Destination Clock Delay (DCD):    1.589ns
    Source Clock Delay      (SCD):    1.435ns
    Clock Pessimism Removal (CPR):    0.114ns
  Clock Net Delay (Source):      1.284ns (routing 0.572ns, distribution 0.712ns)
  Clock Net Delay (Destination): 1.402ns (routing 0.623ns, distribution 0.779ns)

    Location             Delay type                Incr(ns)  Path(ns)    Netlist Resource(s)
  -------------------------------------------------------------------    -------------------
                         (clock clk_pl_0 rise edge)
                                                      0.000     0.000 r  
    PS8_X0Y0             PS8                          0.000     0.000 r  design_1_i/zynq_ultra_ps_e_0/inst/PS8_i/PLCLK[0]
                         net (fo=1, routed)           0.129     0.129    design_1_i/zynq_ultra_ps_e_0/inst/pl_clk_unbuffered[0]
    BUFG_PS_X0Y80        BUFG_PS (Prop_BUFG_PS_I_O)
                                                      0.022     0.151 r  design_1_i/zynq_ultra_ps_e_0/inst/buffer_pl_clk_0.PL_CLK_0_BUFG/O
    X0Y1 (CLOCK_ROOT)    net (fo=23506, routed)       1.284     1.435    design_1_i/ps8_0_axi_periph/s00_couplers/auto_ds/inst/gen_downsizer.gen_simple_downsizer.axi_downsizer_inst/USE_WRITE.write_addr_inst/USE_B_CHANNEL.cmd_b_queue/inst/fifo_gen_inst/inst_fifo_gen/gconvfifo.rf/grf.rf/rstblk/clk
    SLICE_X9Y104         FDRE                                         r  design_1_i/ps8_0_axi_periph/s00_couplers/auto_ds/inst/gen_downsizer.gen_simple_downsizer.axi_downsizer_inst/USE_WRITE.write_addr_inst/USE_B_CHANNEL.cmd_b_queue/inst/fifo_gen_inst/inst_fifo_gen/gconvfifo.rf/grf.rf/rstblk/ngwrdrst.grst.g7serrst.gnsckt_wrst.gcc_rst.sckt_wr_rst_cc_reg[0]/C
  -------------------------------------------------------------------    -------------------
    SLICE_X9Y104         FDRE (Prop_AFF_SLICEL_C_Q)
                                                      0.084     1.519 f  design_1_i/ps8_0_axi_periph/s00_couplers/auto_ds/inst/gen_downsizer.gen_simple_downsizer.axi_downsizer_inst/USE_WRITE.write_addr_inst/USE_B_CHANNEL.cmd_b_queue/inst/fifo_gen_inst/inst_fifo_gen/gconvfifo.rf/grf.rf/rstblk/ngwrdrst.grst.g7serrst.gnsckt_wrst.gcc_rst.sckt_wr_rst_cc_reg[0]/Q
                         net (fo=3, routed)           0.030     1.548    design_1_i/ps8_0_axi_periph/s00_couplers/auto_ds/inst/gen_downsizer.gen_simple_downsizer.axi_downsizer_inst/USE_WRITE.write_addr_inst/USE_B_CHANNEL.cmd_b_queue/inst/fifo_gen_inst/inst_fifo_gen/gconvfifo.rf/grf.rf/rstblk/ngwrdrst.grst.g7serrst.gnsckt_wrst.gcc_rst.sckt_wr_rst_cc[0]
    SLICE_X9Y104         LUT3 (Prop_A6LUT_SLICEL_I1_O)
                                                      0.037     1.585 f  design_1_i/ps8_0_axi_periph/s00_couplers/auto_ds/inst/gen_downsizer.gen_simple_downsizer.axi_downsizer_inst/USE_WRITE.write_addr_inst/USE_B_CHANNEL.cmd_b_queue/inst/fifo_gen_inst/inst_fifo_gen/gconvfifo.rf/grf.rf/rstblk/gpregsm1.curr_fwft_state[1]_i_2/O
                         net (fo=32, routed)          0.112     1.697    design_1_i/ps8_0_axi_periph/s00_couplers/auto_ds/inst/gen_downsizer.gen_simple_downsizer.axi_downsizer_inst/USE_WRITE.write_addr_inst/USE_B_CHANNEL.cmd_b_queue/inst/fifo_gen_inst/inst_fifo_gen/gconvfifo.rf/grf.rf/gntv_or_sync_fifo.gl0.rd/rpntr/gc0.count_d1_reg[4]_1
    SLICE_X10Y103        FDPE                                         f  design_1_i/ps8_0_axi_periph/s00_couplers/auto_ds/inst/gen_downsizer.gen_simple_downsizer.axi_downsizer_inst/USE_WRITE.write_addr_inst/USE_B_CHANNEL.cmd_b_queue/inst/fifo_gen_inst/inst_fifo_gen/gconvfifo.rf/grf.rf/gntv_or_sync_fifo.gl0.rd/rpntr/gc0.count_reg[0]/PRE
  -------------------------------------------------------------------    -------------------

                         (clock clk_pl_0 rise edge)
                                                      0.000     0.000 r  
    PS8_X0Y0             PS8                          0.000     0.000 r  design_1_i/zynq_ultra_ps_e_0/inst/PS8_i/PLCLK[0]
                         net (fo=1, routed)           0.164     0.164    design_1_i/zynq_ultra_ps_e_0/inst/pl_clk_unbuffered[0]
    BUFG_PS_X0Y80        BUFG_PS (Prop_BUFG_PS_I_O)
                                                      0.023     0.187 r  design_1_i/zynq_ultra_ps_e_0/inst/buffer_pl_clk_0.PL_CLK_0_BUFG/O
    X0Y1 (CLOCK_ROOT)    net (fo=23506, routed)       1.402     1.589    design_1_i/ps8_0_axi_periph/s00_couplers/auto_ds/inst/gen_downsizer.gen_simple_downsizer.axi_downsizer_inst/USE_WRITE.write_addr_inst/USE_B_CHANNEL.cmd_b_queue/inst/fifo_gen_inst/inst_fifo_gen/gconvfifo.rf/grf.rf/gntv_or_sync_fifo.gl0.rd/rpntr/clk
    SLICE_X10Y103        FDPE                                         r  design_1_i/ps8_0_axi_periph/s00_couplers/auto_ds/inst/gen_downsizer.gen_simple_downsizer.axi_downsizer_inst/USE_WRITE.write_addr_inst/USE_B_CHANNEL.cmd_b_queue/inst/fifo_gen_inst/inst_fifo_gen/gconvfifo.rf/grf.rf/gntv_or_sync_fifo.gl0.rd/rpntr/gc0.count_reg[0]/C
                         clock pessimism             -0.114     1.475    
    SLICE_X10Y103        FDPE (Remov_AFF2_SLICEM_C_PRE)
                                                     -0.018     1.457    design_1_i/ps8_0_axi_periph/s00_couplers/auto_ds/inst/gen_downsizer.gen_simple_downsizer.axi_downsizer_inst/USE_WRITE.write_addr_inst/USE_B_CHANNEL.cmd_b_queue/inst/fifo_gen_inst/inst_fifo_gen/gconvfifo.rf/grf.rf/gntv_or_sync_fifo.gl0.rd/rpntr/gc0.count_reg[0]
  -------------------------------------------------------------------
                         required time                         -1.457    
                         arrival time                           1.697    
  -------------------------------------------------------------------
                         slack                                  0.240    

Slack (MET) :             0.240ns  (arrival time - required time)
  Source:                 design_1_i/ps8_0_axi_periph/s00_couplers/auto_ds/inst/gen_downsizer.gen_simple_downsizer.axi_downsizer_inst/USE_WRITE.write_addr_inst/USE_B_CHANNEL.cmd_b_queue/inst/fifo_gen_inst/inst_fifo_gen/gconvfifo.rf/grf.rf/rstblk/ngwrdrst.grst.g7serrst.gnsckt_wrst.gcc_rst.sckt_wr_rst_cc_reg[0]/C
                            (rising edge-triggered cell FDRE clocked by clk_pl_0  {rise@0.000ns fall@1.666ns period=3.333ns})
  Destination:            design_1_i/ps8_0_axi_periph/s00_couplers/auto_ds/inst/gen_downsizer.gen_simple_downsizer.axi_downsizer_inst/USE_WRITE.write_addr_inst/USE_B_CHANNEL.cmd_b_queue/inst/fifo_gen_inst/inst_fifo_gen/gconvfifo.rf/grf.rf/gntv_or_sync_fifo.gl0.rd/rpntr/gc0.count_reg[1]/CLR
                            (removal check against rising-edge clock clk_pl_0  {rise@0.000ns fall@1.666ns period=3.333ns})
  Path Group:             **async_default**
  Path Type:              Removal (Min at Fast Process Corner)
  Requirement:            0.000ns  (clk_pl_0 rise@0.000ns - clk_pl_0 rise@0.000ns)
  Data Path Delay:        0.262ns  (logic 0.121ns (46.140%)  route 0.141ns (53.860%))
  Logic Levels:           1  (LUT3=1)
  Clock Path Skew:        0.040ns (DCD - SCD - CPR)
    Destination Clock Delay (DCD):    1.589ns
    Source Clock Delay      (SCD):    1.435ns
    Clock Pessimism Removal (CPR):    0.114ns
  Clock Net Delay (Source):      1.284ns (routing 0.572ns, distribution 0.712ns)
  Clock Net Delay (Destination): 1.402ns (routing 0.623ns, distribution 0.779ns)

    Location             Delay type                Incr(ns)  Path(ns)    Netlist Resource(s)
  -------------------------------------------------------------------    -------------------
                         (clock clk_pl_0 rise edge)
                                                      0.000     0.000 r  
    PS8_X0Y0             PS8                          0.000     0.000 r  design_1_i/zynq_ultra_ps_e_0/inst/PS8_i/PLCLK[0]
                         net (fo=1, routed)           0.129     0.129    design_1_i/zynq_ultra_ps_e_0/inst/pl_clk_unbuffered[0]
    BUFG_PS_X0Y80        BUFG_PS (Prop_BUFG_PS_I_O)
                                                      0.022     0.151 r  design_1_i/zynq_ultra_ps_e_0/inst/buffer_pl_clk_0.PL_CLK_0_BUFG/O
    X0Y1 (CLOCK_ROOT)    net (fo=23506, routed)       1.284     1.435    design_1_i/ps8_0_axi_periph/s00_couplers/auto_ds/inst/gen_downsizer.gen_simple_downsizer.axi_downsizer_inst/USE_WRITE.write_addr_inst/USE_B_CHANNEL.cmd_b_queue/inst/fifo_gen_inst/inst_fifo_gen/gconvfifo.rf/grf.rf/rstblk/clk
    SLICE_X9Y104         FDRE                                         r  design_1_i/ps8_0_axi_periph/s00_couplers/auto_ds/inst/gen_downsizer.gen_simple_downsizer.axi_downsizer_inst/USE_WRITE.write_addr_inst/USE_B_CHANNEL.cmd_b_queue/inst/fifo_gen_inst/inst_fifo_gen/gconvfifo.rf/grf.rf/rstblk/ngwrdrst.grst.g7serrst.gnsckt_wrst.gcc_rst.sckt_wr_rst_cc_reg[0]/C
  -------------------------------------------------------------------    -------------------
    SLICE_X9Y104         FDRE (Prop_AFF_SLICEL_C_Q)
                                                      0.084     1.519 f  design_1_i/ps8_0_axi_periph/s00_couplers/auto_ds/inst/gen_downsizer.gen_simple_downsizer.axi_downsizer_inst/USE_WRITE.write_addr_inst/USE_B_CHANNEL.cmd_b_queue/inst/fifo_gen_inst/inst_fifo_gen/gconvfifo.rf/grf.rf/rstblk/ngwrdrst.grst.g7serrst.gnsckt_wrst.gcc_rst.sckt_wr_rst_cc_reg[0]/Q
                         net (fo=3, routed)           0.030     1.548    design_1_i/ps8_0_axi_periph/s00_couplers/auto_ds/inst/gen_downsizer.gen_simple_downsizer.axi_downsizer_inst/USE_WRITE.write_addr_inst/USE_B_CHANNEL.cmd_b_queue/inst/fifo_gen_inst/inst_fifo_gen/gconvfifo.rf/grf.rf/rstblk/ngwrdrst.grst.g7serrst.gnsckt_wrst.gcc_rst.sckt_wr_rst_cc[0]
    SLICE_X9Y104         LUT3 (Prop_A6LUT_SLICEL_I1_O)
                                                      0.037     1.585 f  design_1_i/ps8_0_axi_periph/s00_couplers/auto_ds/inst/gen_downsizer.gen_simple_downsizer.axi_downsizer_inst/USE_WRITE.write_addr_inst/USE_B_CHANNEL.cmd_b_queue/inst/fifo_gen_inst/inst_fifo_gen/gconvfifo.rf/grf.rf/rstblk/gpregsm1.curr_fwft_state[1]_i_2/O
                         net (fo=32, routed)          0.112     1.697    design_1_i/ps8_0_axi_periph/s00_couplers/auto_ds/inst/gen_downsizer.gen_simple_downsizer.axi_downsizer_inst/USE_WRITE.write_addr_inst/USE_B_CHANNEL.cmd_b_queue/inst/fifo_gen_inst/inst_fifo_gen/gconvfifo.rf/grf.rf/gntv_or_sync_fifo.gl0.rd/rpntr/gc0.count_d1_reg[4]_1
    SLICE_X10Y103        FDCE                                         f  design_1_i/ps8_0_axi_periph/s00_couplers/auto_ds/inst/gen_downsizer.gen_simple_downsizer.axi_downsizer_inst/USE_WRITE.write_addr_inst/USE_B_CHANNEL.cmd_b_queue/inst/fifo_gen_inst/inst_fifo_gen/gconvfifo.rf/grf.rf/gntv_or_sync_fifo.gl0.rd/rpntr/gc0.count_reg[1]/CLR
  -------------------------------------------------------------------    -------------------

                         (clock clk_pl_0 rise edge)
                                                      0.000     0.000 r  
    PS8_X0Y0             PS8                          0.000     0.000 r  design_1_i/zynq_ultra_ps_e_0/inst/PS8_i/PLCLK[0]
                         net (fo=1, routed)           0.164     0.164    design_1_i/zynq_ultra_ps_e_0/inst/pl_clk_unbuffered[0]
    BUFG_PS_X0Y80        BUFG_PS (Prop_BUFG_PS_I_O)
                                                      0.023     0.187 r  design_1_i/zynq_ultra_ps_e_0/inst/buffer_pl_clk_0.PL_CLK_0_BUFG/O
    X0Y1 (CLOCK_ROOT)    net (fo=23506, routed)       1.402     1.589    design_1_i/ps8_0_axi_periph/s00_couplers/auto_ds/inst/gen_downsizer.gen_simple_downsizer.axi_downsizer_inst/USE_WRITE.write_addr_inst/USE_B_CHANNEL.cmd_b_queue/inst/fifo_gen_inst/inst_fifo_gen/gconvfifo.rf/grf.rf/gntv_or_sync_fifo.gl0.rd/rpntr/clk
    SLICE_X10Y103        FDCE                                         r  design_1_i/ps8_0_axi_periph/s00_couplers/auto_ds/inst/gen_downsizer.gen_simple_downsizer.axi_downsizer_inst/USE_WRITE.write_addr_inst/USE_B_CHANNEL.cmd_b_queue/inst/fifo_gen_inst/inst_fifo_gen/gconvfifo.rf/grf.rf/gntv_or_sync_fifo.gl0.rd/rpntr/gc0.count_reg[1]/C
                         clock pessimism             -0.114     1.475    
    SLICE_X10Y103        FDCE (Remov_CFF_SLICEM_C_CLR)
                                                     -0.018     1.457    design_1_i/ps8_0_axi_periph/s00_couplers/auto_ds/inst/gen_downsizer.gen_simple_downsizer.axi_downsizer_inst/USE_WRITE.write_addr_inst/USE_B_CHANNEL.cmd_b_queue/inst/fifo_gen_inst/inst_fifo_gen/gconvfifo.rf/grf.rf/gntv_or_sync_fifo.gl0.rd/rpntr/gc0.count_reg[1]
  -------------------------------------------------------------------
                         required time                         -1.457    
                         arrival time                           1.697    
  -------------------------------------------------------------------
                         slack                                  0.240    

Slack (MET) :             0.240ns  (arrival time - required time)
  Source:                 design_1_i/ps8_0_axi_periph/s00_couplers/auto_ds/inst/gen_downsizer.gen_simple_downsizer.axi_downsizer_inst/USE_WRITE.write_addr_inst/USE_B_CHANNEL.cmd_b_queue/inst/fifo_gen_inst/inst_fifo_gen/gconvfifo.rf/grf.rf/rstblk/ngwrdrst.grst.g7serrst.gnsckt_wrst.gcc_rst.sckt_wr_rst_cc_reg[0]/C
                            (rising edge-triggered cell FDRE clocked by clk_pl_0  {rise@0.000ns fall@1.666ns period=3.333ns})
  Destination:            design_1_i/ps8_0_axi_periph/s00_couplers/auto_ds/inst/gen_downsizer.gen_simple_downsizer.axi_downsizer_inst/USE_WRITE.write_addr_inst/USE_B_CHANNEL.cmd_b_queue/inst/fifo_gen_inst/inst_fifo_gen/gconvfifo.rf/grf.rf/gntv_or_sync_fifo.gl0.rd/rpntr/gc0.count_reg[2]/CLR
                            (removal check against rising-edge clock clk_pl_0  {rise@0.000ns fall@1.666ns period=3.333ns})
  Path Group:             **async_default**
  Path Type:              Removal (Min at Fast Process Corner)
  Requirement:            0.000ns  (clk_pl_0 rise@0.000ns - clk_pl_0 rise@0.000ns)
  Data Path Delay:        0.262ns  (logic 0.121ns (46.140%)  route 0.141ns (53.860%))
  Logic Levels:           1  (LUT3=1)
  Clock Path Skew:        0.040ns (DCD - SCD - CPR)
    Destination Clock Delay (DCD):    1.589ns
    Source Clock Delay      (SCD):    1.435ns
    Clock Pessimism Removal (CPR):    0.114ns
  Clock Net Delay (Source):      1.284ns (routing 0.572ns, distribution 0.712ns)
  Clock Net Delay (Destination): 1.402ns (routing 0.623ns, distribution 0.779ns)

    Location             Delay type                Incr(ns)  Path(ns)    Netlist Resource(s)
  -------------------------------------------------------------------    -------------------
                         (clock clk_pl_0 rise edge)
                                                      0.000     0.000 r  
    PS8_X0Y0             PS8                          0.000     0.000 r  design_1_i/zynq_ultra_ps_e_0/inst/PS8_i/PLCLK[0]
                         net (fo=1, routed)           0.129     0.129    design_1_i/zynq_ultra_ps_e_0/inst/pl_clk_unbuffered[0]
    BUFG_PS_X0Y80        BUFG_PS (Prop_BUFG_PS_I_O)
                                                      0.022     0.151 r  design_1_i/zynq_ultra_ps_e_0/inst/buffer_pl_clk_0.PL_CLK_0_BUFG/O
    X0Y1 (CLOCK_ROOT)    net (fo=23506, routed)       1.284     1.435    design_1_i/ps8_0_axi_periph/s00_couplers/auto_ds/inst/gen_downsizer.gen_simple_downsizer.axi_downsizer_inst/USE_WRITE.write_addr_inst/USE_B_CHANNEL.cmd_b_queue/inst/fifo_gen_inst/inst_fifo_gen/gconvfifo.rf/grf.rf/rstblk/clk
    SLICE_X9Y104         FDRE                                         r  design_1_i/ps8_0_axi_periph/s00_couplers/auto_ds/inst/gen_downsizer.gen_simple_downsizer.axi_downsizer_inst/USE_WRITE.write_addr_inst/USE_B_CHANNEL.cmd_b_queue/inst/fifo_gen_inst/inst_fifo_gen/gconvfifo.rf/grf.rf/rstblk/ngwrdrst.grst.g7serrst.gnsckt_wrst.gcc_rst.sckt_wr_rst_cc_reg[0]/C
  -------------------------------------------------------------------    -------------------
    SLICE_X9Y104         FDRE (Prop_AFF_SLICEL_C_Q)
                                                      0.084     1.519 f  design_1_i/ps8_0_axi_periph/s00_couplers/auto_ds/inst/gen_downsizer.gen_simple_downsizer.axi_downsizer_inst/USE_WRITE.write_addr_inst/USE_B_CHANNEL.cmd_b_queue/inst/fifo_gen_inst/inst_fifo_gen/gconvfifo.rf/grf.rf/rstblk/ngwrdrst.grst.g7serrst.gnsckt_wrst.gcc_rst.sckt_wr_rst_cc_reg[0]/Q
                         net (fo=3, routed)           0.030     1.548    design_1_i/ps8_0_axi_periph/s00_couplers/auto_ds/inst/gen_downsizer.gen_simple_downsizer.axi_downsizer_inst/USE_WRITE.write_addr_inst/USE_B_CHANNEL.cmd_b_queue/inst/fifo_gen_inst/inst_fifo_gen/gconvfifo.rf/grf.rf/rstblk/ngwrdrst.grst.g7serrst.gnsckt_wrst.gcc_rst.sckt_wr_rst_cc[0]
    SLICE_X9Y104         LUT3 (Prop_A6LUT_SLICEL_I1_O)
                                                      0.037     1.585 f  design_1_i/ps8_0_axi_periph/s00_couplers/auto_ds/inst/gen_downsizer.gen_simple_downsizer.axi_downsizer_inst/USE_WRITE.write_addr_inst/USE_B_CHANNEL.cmd_b_queue/inst/fifo_gen_inst/inst_fifo_gen/gconvfifo.rf/grf.rf/rstblk/gpregsm1.curr_fwft_state[1]_i_2/O
                         net (fo=32, routed)          0.112     1.697    design_1_i/ps8_0_axi_periph/s00_couplers/auto_ds/inst/gen_downsizer.gen_simple_downsizer.axi_downsizer_inst/USE_WRITE.write_addr_inst/USE_B_CHANNEL.cmd_b_queue/inst/fifo_gen_inst/inst_fifo_gen/gconvfifo.rf/grf.rf/gntv_or_sync_fifo.gl0.rd/rpntr/gc0.count_d1_reg[4]_1
    SLICE_X10Y103        FDCE                                         f  design_1_i/ps8_0_axi_periph/s00_couplers/auto_ds/inst/gen_downsizer.gen_simple_downsizer.axi_downsizer_inst/USE_WRITE.write_addr_inst/USE_B_CHANNEL.cmd_b_queue/inst/fifo_gen_inst/inst_fifo_gen/gconvfifo.rf/grf.rf/gntv_or_sync_fifo.gl0.rd/rpntr/gc0.count_reg[2]/CLR
  -------------------------------------------------------------------    -------------------

                         (clock clk_pl_0 rise edge)
                                                      0.000     0.000 r  
    PS8_X0Y0             PS8                          0.000     0.000 r  design_1_i/zynq_ultra_ps_e_0/inst/PS8_i/PLCLK[0]
                         net (fo=1, routed)           0.164     0.164    design_1_i/zynq_ultra_ps_e_0/inst/pl_clk_unbuffered[0]
    BUFG_PS_X0Y80        BUFG_PS (Prop_BUFG_PS_I_O)
                                                      0.023     0.187 r  design_1_i/zynq_ultra_ps_e_0/inst/buffer_pl_clk_0.PL_CLK_0_BUFG/O
    X0Y1 (CLOCK_ROOT)    net (fo=23506, routed)       1.402     1.589    design_1_i/ps8_0_axi_periph/s00_couplers/auto_ds/inst/gen_downsizer.gen_simple_downsizer.axi_downsizer_inst/USE_WRITE.write_addr_inst/USE_B_CHANNEL.cmd_b_queue/inst/fifo_gen_inst/inst_fifo_gen/gconvfifo.rf/grf.rf/gntv_or_sync_fifo.gl0.rd/rpntr/clk
    SLICE_X10Y103        FDCE                                         r  design_1_i/ps8_0_axi_periph/s00_couplers/auto_ds/inst/gen_downsizer.gen_simple_downsizer.axi_downsizer_inst/USE_WRITE.write_addr_inst/USE_B_CHANNEL.cmd_b_queue/inst/fifo_gen_inst/inst_fifo_gen/gconvfifo.rf/grf.rf/gntv_or_sync_fifo.gl0.rd/rpntr/gc0.count_reg[2]/C
                         clock pessimism             -0.114     1.475    
    SLICE_X10Y103        FDCE (Remov_CFF2_SLICEM_C_CLR)
                                                     -0.018     1.457    design_1_i/ps8_0_axi_periph/s00_couplers/auto_ds/inst/gen_downsizer.gen_simple_downsizer.axi_downsizer_inst/USE_WRITE.write_addr_inst/USE_B_CHANNEL.cmd_b_queue/inst/fifo_gen_inst/inst_fifo_gen/gconvfifo.rf/grf.rf/gntv_or_sync_fifo.gl0.rd/rpntr/gc0.count_reg[2]
  -------------------------------------------------------------------
                         required time                         -1.457    
                         arrival time                           1.697    
  -------------------------------------------------------------------
                         slack                                  0.240    

Slack (MET) :             0.240ns  (arrival time - required time)
  Source:                 design_1_i/ps8_0_axi_periph/s00_couplers/auto_ds/inst/gen_downsizer.gen_simple_downsizer.axi_downsizer_inst/USE_WRITE.write_addr_inst/USE_B_CHANNEL.cmd_b_queue/inst/fifo_gen_inst/inst_fifo_gen/gconvfifo.rf/grf.rf/rstblk/ngwrdrst.grst.g7serrst.gnsckt_wrst.gcc_rst.sckt_wr_rst_cc_reg[0]/C
                            (rising edge-triggered cell FDRE clocked by clk_pl_0  {rise@0.000ns fall@1.666ns period=3.333ns})
  Destination:            design_1_i/ps8_0_axi_periph/s00_couplers/auto_ds/inst/gen_downsizer.gen_simple_downsizer.axi_downsizer_inst/USE_WRITE.write_addr_inst/USE_B_CHANNEL.cmd_b_queue/inst/fifo_gen_inst/inst_fifo_gen/gconvfifo.rf/grf.rf/gntv_or_sync_fifo.gl0.rd/rpntr/gc0.count_reg[3]/CLR
                            (removal check against rising-edge clock clk_pl_0  {rise@0.000ns fall@1.666ns period=3.333ns})
  Path Group:             **async_default**
  Path Type:              Removal (Min at Fast Process Corner)
  Requirement:            0.000ns  (clk_pl_0 rise@0.000ns - clk_pl_0 rise@0.000ns)
  Data Path Delay:        0.262ns  (logic 0.121ns (46.140%)  route 0.141ns (53.860%))
  Logic Levels:           1  (LUT3=1)
  Clock Path Skew:        0.040ns (DCD - SCD - CPR)
    Destination Clock Delay (DCD):    1.589ns
    Source Clock Delay      (SCD):    1.435ns
    Clock Pessimism Removal (CPR):    0.114ns
  Clock Net Delay (Source):      1.284ns (routing 0.572ns, distribution 0.712ns)
  Clock Net Delay (Destination): 1.402ns (routing 0.623ns, distribution 0.779ns)

    Location             Delay type                Incr(ns)  Path(ns)    Netlist Resource(s)
  -------------------------------------------------------------------    -------------------
                         (clock clk_pl_0 rise edge)
                                                      0.000     0.000 r  
    PS8_X0Y0             PS8                          0.000     0.000 r  design_1_i/zynq_ultra_ps_e_0/inst/PS8_i/PLCLK[0]
                         net (fo=1, routed)           0.129     0.129    design_1_i/zynq_ultra_ps_e_0/inst/pl_clk_unbuffered[0]
    BUFG_PS_X0Y80        BUFG_PS (Prop_BUFG_PS_I_O)
                                                      0.022     0.151 r  design_1_i/zynq_ultra_ps_e_0/inst/buffer_pl_clk_0.PL_CLK_0_BUFG/O
    X0Y1 (CLOCK_ROOT)    net (fo=23506, routed)       1.284     1.435    design_1_i/ps8_0_axi_periph/s00_couplers/auto_ds/inst/gen_downsizer.gen_simple_downsizer.axi_downsizer_inst/USE_WRITE.write_addr_inst/USE_B_CHANNEL.cmd_b_queue/inst/fifo_gen_inst/inst_fifo_gen/gconvfifo.rf/grf.rf/rstblk/clk
    SLICE_X9Y104         FDRE                                         r  design_1_i/ps8_0_axi_periph/s00_couplers/auto_ds/inst/gen_downsizer.gen_simple_downsizer.axi_downsizer_inst/USE_WRITE.write_addr_inst/USE_B_CHANNEL.cmd_b_queue/inst/fifo_gen_inst/inst_fifo_gen/gconvfifo.rf/grf.rf/rstblk/ngwrdrst.grst.g7serrst.gnsckt_wrst.gcc_rst.sckt_wr_rst_cc_reg[0]/C
  -------------------------------------------------------------------    -------------------
    SLICE_X9Y104         FDRE (Prop_AFF_SLICEL_C_Q)
                                                      0.084     1.519 f  design_1_i/ps8_0_axi_periph/s00_couplers/auto_ds/inst/gen_downsizer.gen_simple_downsizer.axi_downsizer_inst/USE_WRITE.write_addr_inst/USE_B_CHANNEL.cmd_b_queue/inst/fifo_gen_inst/inst_fifo_gen/gconvfifo.rf/grf.rf/rstblk/ngwrdrst.grst.g7serrst.gnsckt_wrst.gcc_rst.sckt_wr_rst_cc_reg[0]/Q
                         net (fo=3, routed)           0.030     1.548    design_1_i/ps8_0_axi_periph/s00_couplers/auto_ds/inst/gen_downsizer.gen_simple_downsizer.axi_downsizer_inst/USE_WRITE.write_addr_inst/USE_B_CHANNEL.cmd_b_queue/inst/fifo_gen_inst/inst_fifo_gen/gconvfifo.rf/grf.rf/rstblk/ngwrdrst.grst.g7serrst.gnsckt_wrst.gcc_rst.sckt_wr_rst_cc[0]
    SLICE_X9Y104         LUT3 (Prop_A6LUT_SLICEL_I1_O)
                                                      0.037     1.585 f  design_1_i/ps8_0_axi_periph/s00_couplers/auto_ds/inst/gen_downsizer.gen_simple_downsizer.axi_downsizer_inst/USE_WRITE.write_addr_inst/USE_B_CHANNEL.cmd_b_queue/inst/fifo_gen_inst/inst_fifo_gen/gconvfifo.rf/grf.rf/rstblk/gpregsm1.curr_fwft_state[1]_i_2/O
                         net (fo=32, routed)          0.112     1.697    design_1_i/ps8_0_axi_periph/s00_couplers/auto_ds/inst/gen_downsizer.gen_simple_downsizer.axi_downsizer_inst/USE_WRITE.write_addr_inst/USE_B_CHANNEL.cmd_b_queue/inst/fifo_gen_inst/inst_fifo_gen/gconvfifo.rf/grf.rf/gntv_or_sync_fifo.gl0.rd/rpntr/gc0.count_d1_reg[4]_1
    SLICE_X10Y103        FDCE                                         f  design_1_i/ps8_0_axi_periph/s00_couplers/auto_ds/inst/gen_downsizer.gen_simple_downsizer.axi_downsizer_inst/USE_WRITE.write_addr_inst/USE_B_CHANNEL.cmd_b_queue/inst/fifo_gen_inst/inst_fifo_gen/gconvfifo.rf/grf.rf/gntv_or_sync_fifo.gl0.rd/rpntr/gc0.count_reg[3]/CLR
  -------------------------------------------------------------------    -------------------

                         (clock clk_pl_0 rise edge)
                                                      0.000     0.000 r  
    PS8_X0Y0             PS8                          0.000     0.000 r  design_1_i/zynq_ultra_ps_e_0/inst/PS8_i/PLCLK[0]
                         net (fo=1, routed)           0.164     0.164    design_1_i/zynq_ultra_ps_e_0/inst/pl_clk_unbuffered[0]
    BUFG_PS_X0Y80        BUFG_PS (Prop_BUFG_PS_I_O)
                                                      0.023     0.187 r  design_1_i/zynq_ultra_ps_e_0/inst/buffer_pl_clk_0.PL_CLK_0_BUFG/O
    X0Y1 (CLOCK_ROOT)    net (fo=23506, routed)       1.402     1.589    design_1_i/ps8_0_axi_periph/s00_couplers/auto_ds/inst/gen_downsizer.gen_simple_downsizer.axi_downsizer_inst/USE_WRITE.write_addr_inst/USE_B_CHANNEL.cmd_b_queue/inst/fifo_gen_inst/inst_fifo_gen/gconvfifo.rf/grf.rf/gntv_or_sync_fifo.gl0.rd/rpntr/clk
    SLICE_X10Y103        FDCE                                         r  design_1_i/ps8_0_axi_periph/s00_couplers/auto_ds/inst/gen_downsizer.gen_simple_downsizer.axi_downsizer_inst/USE_WRITE.write_addr_inst/USE_B_CHANNEL.cmd_b_queue/inst/fifo_gen_inst/inst_fifo_gen/gconvfifo.rf/grf.rf/gntv_or_sync_fifo.gl0.rd/rpntr/gc0.count_reg[3]/C
                         clock pessimism             -0.114     1.475    
    SLICE_X10Y103        FDCE (Remov_BFF_SLICEM_C_CLR)
                                                     -0.018     1.457    design_1_i/ps8_0_axi_periph/s00_couplers/auto_ds/inst/gen_downsizer.gen_simple_downsizer.axi_downsizer_inst/USE_WRITE.write_addr_inst/USE_B_CHANNEL.cmd_b_queue/inst/fifo_gen_inst/inst_fifo_gen/gconvfifo.rf/grf.rf/gntv_or_sync_fifo.gl0.rd/rpntr/gc0.count_reg[3]
  -------------------------------------------------------------------
                         required time                         -1.457    
                         arrival time                           1.697    
  -------------------------------------------------------------------
                         slack                                  0.240    

Slack (MET) :             0.240ns  (arrival time - required time)
  Source:                 design_1_i/ps8_0_axi_periph/s00_couplers/auto_ds/inst/gen_downsizer.gen_simple_downsizer.axi_downsizer_inst/USE_WRITE.write_addr_inst/USE_B_CHANNEL.cmd_b_queue/inst/fifo_gen_inst/inst_fifo_gen/gconvfifo.rf/grf.rf/rstblk/ngwrdrst.grst.g7serrst.gnsckt_wrst.gcc_rst.sckt_wr_rst_cc_reg[0]/C
                            (rising edge-triggered cell FDRE clocked by clk_pl_0  {rise@0.000ns fall@1.666ns period=3.333ns})
  Destination:            design_1_i/ps8_0_axi_periph/s00_couplers/auto_ds/inst/gen_downsizer.gen_simple_downsizer.axi_downsizer_inst/USE_WRITE.write_addr_inst/USE_B_CHANNEL.cmd_b_queue/inst/fifo_gen_inst/inst_fifo_gen/gconvfifo.rf/grf.rf/gntv_or_sync_fifo.gl0.rd/rpntr/gc0.count_reg[4]/CLR
                            (removal check against rising-edge clock clk_pl_0  {rise@0.000ns fall@1.666ns period=3.333ns})
  Path Group:             **async_default**
  Path Type:              Removal (Min at Fast Process Corner)
  Requirement:            0.000ns  (clk_pl_0 rise@0.000ns - clk_pl_0 rise@0.000ns)
  Data Path Delay:        0.262ns  (logic 0.121ns (46.140%)  route 0.141ns (53.860%))
  Logic Levels:           1  (LUT3=1)
  Clock Path Skew:        0.040ns (DCD - SCD - CPR)
    Destination Clock Delay (DCD):    1.589ns
    Source Clock Delay      (SCD):    1.435ns
    Clock Pessimism Removal (CPR):    0.114ns
  Clock Net Delay (Source):      1.284ns (routing 0.572ns, distribution 0.712ns)
  Clock Net Delay (Destination): 1.402ns (routing 0.623ns, distribution 0.779ns)

    Location             Delay type                Incr(ns)  Path(ns)    Netlist Resource(s)
  -------------------------------------------------------------------    -------------------
                         (clock clk_pl_0 rise edge)
                                                      0.000     0.000 r  
    PS8_X0Y0             PS8                          0.000     0.000 r  design_1_i/zynq_ultra_ps_e_0/inst/PS8_i/PLCLK[0]
                         net (fo=1, routed)           0.129     0.129    design_1_i/zynq_ultra_ps_e_0/inst/pl_clk_unbuffered[0]
    BUFG_PS_X0Y80        BUFG_PS (Prop_BUFG_PS_I_O)
                                                      0.022     0.151 r  design_1_i/zynq_ultra_ps_e_0/inst/buffer_pl_clk_0.PL_CLK_0_BUFG/O
    X0Y1 (CLOCK_ROOT)    net (fo=23506, routed)       1.284     1.435    design_1_i/ps8_0_axi_periph/s00_couplers/auto_ds/inst/gen_downsizer.gen_simple_downsizer.axi_downsizer_inst/USE_WRITE.write_addr_inst/USE_B_CHANNEL.cmd_b_queue/inst/fifo_gen_inst/inst_fifo_gen/gconvfifo.rf/grf.rf/rstblk/clk
    SLICE_X9Y104         FDRE                                         r  design_1_i/ps8_0_axi_periph/s00_couplers/auto_ds/inst/gen_downsizer.gen_simple_downsizer.axi_downsizer_inst/USE_WRITE.write_addr_inst/USE_B_CHANNEL.cmd_b_queue/inst/fifo_gen_inst/inst_fifo_gen/gconvfifo.rf/grf.rf/rstblk/ngwrdrst.grst.g7serrst.gnsckt_wrst.gcc_rst.sckt_wr_rst_cc_reg[0]/C
  -------------------------------------------------------------------    -------------------
    SLICE_X9Y104         FDRE (Prop_AFF_SLICEL_C_Q)
                                                      0.084     1.519 f  design_1_i/ps8_0_axi_periph/s00_couplers/auto_ds/inst/gen_downsizer.gen_simple_downsizer.axi_downsizer_inst/USE_WRITE.write_addr_inst/USE_B_CHANNEL.cmd_b_queue/inst/fifo_gen_inst/inst_fifo_gen/gconvfifo.rf/grf.rf/rstblk/ngwrdrst.grst.g7serrst.gnsckt_wrst.gcc_rst.sckt_wr_rst_cc_reg[0]/Q
                         net (fo=3, routed)           0.030     1.548    design_1_i/ps8_0_axi_periph/s00_couplers/auto_ds/inst/gen_downsizer.gen_simple_downsizer.axi_downsizer_inst/USE_WRITE.write_addr_inst/USE_B_CHANNEL.cmd_b_queue/inst/fifo_gen_inst/inst_fifo_gen/gconvfifo.rf/grf.rf/rstblk/ngwrdrst.grst.g7serrst.gnsckt_wrst.gcc_rst.sckt_wr_rst_cc[0]
    SLICE_X9Y104         LUT3 (Prop_A6LUT_SLICEL_I1_O)
                                                      0.037     1.585 f  design_1_i/ps8_0_axi_periph/s00_couplers/auto_ds/inst/gen_downsizer.gen_simple_downsizer.axi_downsizer_inst/USE_WRITE.write_addr_inst/USE_B_CHANNEL.cmd_b_queue/inst/fifo_gen_inst/inst_fifo_gen/gconvfifo.rf/grf.rf/rstblk/gpregsm1.curr_fwft_state[1]_i_2/O
                         net (fo=32, routed)          0.112     1.697    design_1_i/ps8_0_axi_periph/s00_couplers/auto_ds/inst/gen_downsizer.gen_simple_downsizer.axi_downsizer_inst/USE_WRITE.write_addr_inst/USE_B_CHANNEL.cmd_b_queue/inst/fifo_gen_inst/inst_fifo_gen/gconvfifo.rf/grf.rf/gntv_or_sync_fifo.gl0.rd/rpntr/gc0.count_d1_reg[4]_1
    SLICE_X10Y103        FDCE                                         f  design_1_i/ps8_0_axi_periph/s00_couplers/auto_ds/inst/gen_downsizer.gen_simple_downsizer.axi_downsizer_inst/USE_WRITE.write_addr_inst/USE_B_CHANNEL.cmd_b_queue/inst/fifo_gen_inst/inst_fifo_gen/gconvfifo.rf/grf.rf/gntv_or_sync_fifo.gl0.rd/rpntr/gc0.count_reg[4]/CLR
  -------------------------------------------------------------------    -------------------

                         (clock clk_pl_0 rise edge)
                                                      0.000     0.000 r  
    PS8_X0Y0             PS8                          0.000     0.000 r  design_1_i/zynq_ultra_ps_e_0/inst/PS8_i/PLCLK[0]
                         net (fo=1, routed)           0.164     0.164    design_1_i/zynq_ultra_ps_e_0/inst/pl_clk_unbuffered[0]
    BUFG_PS_X0Y80        BUFG_PS (Prop_BUFG_PS_I_O)
                                                      0.023     0.187 r  design_1_i/zynq_ultra_ps_e_0/inst/buffer_pl_clk_0.PL_CLK_0_BUFG/O
    X0Y1 (CLOCK_ROOT)    net (fo=23506, routed)       1.402     1.589    design_1_i/ps8_0_axi_periph/s00_couplers/auto_ds/inst/gen_downsizer.gen_simple_downsizer.axi_downsizer_inst/USE_WRITE.write_addr_inst/USE_B_CHANNEL.cmd_b_queue/inst/fifo_gen_inst/inst_fifo_gen/gconvfifo.rf/grf.rf/gntv_or_sync_fifo.gl0.rd/rpntr/clk
    SLICE_X10Y103        FDCE                                         r  design_1_i/ps8_0_axi_periph/s00_couplers/auto_ds/inst/gen_downsizer.gen_simple_downsizer.axi_downsizer_inst/USE_WRITE.write_addr_inst/USE_B_CHANNEL.cmd_b_queue/inst/fifo_gen_inst/inst_fifo_gen/gconvfifo.rf/grf.rf/gntv_or_sync_fifo.gl0.rd/rpntr/gc0.count_reg[4]/C
                         clock pessimism             -0.114     1.475    
    SLICE_X10Y103        FDCE (Remov_BFF2_SLICEM_C_CLR)
                                                     -0.018     1.457    design_1_i/ps8_0_axi_periph/s00_couplers/auto_ds/inst/gen_downsizer.gen_simple_downsizer.axi_downsizer_inst/USE_WRITE.write_addr_inst/USE_B_CHANNEL.cmd_b_queue/inst/fifo_gen_inst/inst_fifo_gen/gconvfifo.rf/grf.rf/gntv_or_sync_fifo.gl0.rd/rpntr/gc0.count_reg[4]
  -------------------------------------------------------------------
                         required time                         -1.457    
                         arrival time                           1.697    
  -------------------------------------------------------------------
                         slack                                  0.240    

Slack (MET) :             0.241ns  (arrival time - required time)
  Source:                 design_1_i/ps8_0_axi_periph/s00_couplers/auto_ds/inst/gen_downsizer.gen_simple_downsizer.axi_downsizer_inst/USE_WRITE.write_addr_inst/USE_B_CHANNEL.cmd_b_queue/inst/fifo_gen_inst/inst_fifo_gen/gconvfifo.rf/grf.rf/rstblk/ngwrdrst.grst.g7serrst.gnsckt_wrst.gcc_rst.sckt_wr_rst_cc_reg[0]/C
                            (rising edge-triggered cell FDRE clocked by clk_pl_0  {rise@0.000ns fall@1.666ns period=3.333ns})
  Destination:            design_1_i/ps8_0_axi_periph/s00_couplers/auto_ds/inst/gen_downsizer.gen_simple_downsizer.axi_downsizer_inst/USE_WRITE.write_addr_inst/USE_B_CHANNEL.cmd_b_queue/inst/fifo_gen_inst/inst_fifo_gen/gconvfifo.rf/grf.rf/gntv_or_sync_fifo.gl0.rd/grss.rsts/ram_empty_fb_i_reg/PRE
                            (removal check against rising-edge clock clk_pl_0  {rise@0.000ns fall@1.666ns period=3.333ns})
  Path Group:             **async_default**
  Path Type:              Removal (Min at Fast Process Corner)
  Requirement:            0.000ns  (clk_pl_0 rise@0.000ns - clk_pl_0 rise@0.000ns)
  Data Path Delay:        0.261ns  (logic 0.121ns (46.316%)  route 0.140ns (53.684%))
  Logic Levels:           1  (LUT3=1)
  Clock Path Skew:        0.038ns (DCD - SCD - CPR)
    Destination Clock Delay (DCD):    1.587ns
    Source Clock Delay      (SCD):    1.435ns
    Clock Pessimism Removal (CPR):    0.114ns
  Clock Net Delay (Source):      1.284ns (routing 0.572ns, distribution 0.712ns)
  Clock Net Delay (Destination): 1.400ns (routing 0.623ns, distribution 0.777ns)

    Location             Delay type                Incr(ns)  Path(ns)    Netlist Resource(s)
  -------------------------------------------------------------------    -------------------
                         (clock clk_pl_0 rise edge)
                                                      0.000     0.000 r  
    PS8_X0Y0             PS8                          0.000     0.000 r  design_1_i/zynq_ultra_ps_e_0/inst/PS8_i/PLCLK[0]
                         net (fo=1, routed)           0.129     0.129    design_1_i/zynq_ultra_ps_e_0/inst/pl_clk_unbuffered[0]
    BUFG_PS_X0Y80        BUFG_PS (Prop_BUFG_PS_I_O)
                                                      0.022     0.151 r  design_1_i/zynq_ultra_ps_e_0/inst/buffer_pl_clk_0.PL_CLK_0_BUFG/O
    X0Y1 (CLOCK_ROOT)    net (fo=23506, routed)       1.284     1.435    design_1_i/ps8_0_axi_periph/s00_couplers/auto_ds/inst/gen_downsizer.gen_simple_downsizer.axi_downsizer_inst/USE_WRITE.write_addr_inst/USE_B_CHANNEL.cmd_b_queue/inst/fifo_gen_inst/inst_fifo_gen/gconvfifo.rf/grf.rf/rstblk/clk
    SLICE_X9Y104         FDRE                                         r  design_1_i/ps8_0_axi_periph/s00_couplers/auto_ds/inst/gen_downsizer.gen_simple_downsizer.axi_downsizer_inst/USE_WRITE.write_addr_inst/USE_B_CHANNEL.cmd_b_queue/inst/fifo_gen_inst/inst_fifo_gen/gconvfifo.rf/grf.rf/rstblk/ngwrdrst.grst.g7serrst.gnsckt_wrst.gcc_rst.sckt_wr_rst_cc_reg[0]/C
  -------------------------------------------------------------------    -------------------
    SLICE_X9Y104         FDRE (Prop_AFF_SLICEL_C_Q)
                                                      0.084     1.519 f  design_1_i/ps8_0_axi_periph/s00_couplers/auto_ds/inst/gen_downsizer.gen_simple_downsizer.axi_downsizer_inst/USE_WRITE.write_addr_inst/USE_B_CHANNEL.cmd_b_queue/inst/fifo_gen_inst/inst_fifo_gen/gconvfifo.rf/grf.rf/rstblk/ngwrdrst.grst.g7serrst.gnsckt_wrst.gcc_rst.sckt_wr_rst_cc_reg[0]/Q
                         net (fo=3, routed)           0.030     1.548    design_1_i/ps8_0_axi_periph/s00_couplers/auto_ds/inst/gen_downsizer.gen_simple_downsizer.axi_downsizer_inst/USE_WRITE.write_addr_inst/USE_B_CHANNEL.cmd_b_queue/inst/fifo_gen_inst/inst_fifo_gen/gconvfifo.rf/grf.rf/rstblk/ngwrdrst.grst.g7serrst.gnsckt_wrst.gcc_rst.sckt_wr_rst_cc[0]
    SLICE_X9Y104         LUT3 (Prop_A6LUT_SLICEL_I1_O)
                                                      0.037     1.585 f  design_1_i/ps8_0_axi_periph/s00_couplers/auto_ds/inst/gen_downsizer.gen_simple_downsizer.axi_downsizer_inst/USE_WRITE.write_addr_inst/USE_B_CHANNEL.cmd_b_queue/inst/fifo_gen_inst/inst_fifo_gen/gconvfifo.rf/grf.rf/rstblk/gpregsm1.curr_fwft_state[1]_i_2/O
                         net (fo=32, routed)          0.111     1.696    design_1_i/ps8_0_axi_periph/s00_couplers/auto_ds/inst/gen_downsizer.gen_simple_downsizer.axi_downsizer_inst/USE_WRITE.write_addr_inst/USE_B_CHANNEL.cmd_b_queue/inst/fifo_gen_inst/inst_fifo_gen/gconvfifo.rf/grf.rf/gntv_or_sync_fifo.gl0.rd/grss.rsts/ram_empty_i_reg_1
    SLICE_X10Y103        FDPE                                         f  design_1_i/ps8_0_axi_periph/s00_couplers/auto_ds/inst/gen_downsizer.gen_simple_downsizer.axi_downsizer_inst/USE_WRITE.write_addr_inst/USE_B_CHANNEL.cmd_b_queue/inst/fifo_gen_inst/inst_fifo_gen/gconvfifo.rf/grf.rf/gntv_or_sync_fifo.gl0.rd/grss.rsts/ram_empty_fb_i_reg/PRE
  -------------------------------------------------------------------    -------------------

                         (clock clk_pl_0 rise edge)
                                                      0.000     0.000 r  
    PS8_X0Y0             PS8                          0.000     0.000 r  design_1_i/zynq_ultra_ps_e_0/inst/PS8_i/PLCLK[0]
                         net (fo=1, routed)           0.164     0.164    design_1_i/zynq_ultra_ps_e_0/inst/pl_clk_unbuffered[0]
    BUFG_PS_X0Y80        BUFG_PS (Prop_BUFG_PS_I_O)
                                                      0.023     0.187 r  design_1_i/zynq_ultra_ps_e_0/inst/buffer_pl_clk_0.PL_CLK_0_BUFG/O
    X0Y1 (CLOCK_ROOT)    net (fo=23506, routed)       1.400     1.587    design_1_i/ps8_0_axi_periph/s00_couplers/auto_ds/inst/gen_downsizer.gen_simple_downsizer.axi_downsizer_inst/USE_WRITE.write_addr_inst/USE_B_CHANNEL.cmd_b_queue/inst/fifo_gen_inst/inst_fifo_gen/gconvfifo.rf/grf.rf/gntv_or_sync_fifo.gl0.rd/grss.rsts/clk
    SLICE_X10Y103        FDPE                                         r  design_1_i/ps8_0_axi_periph/s00_couplers/auto_ds/inst/gen_downsizer.gen_simple_downsizer.axi_downsizer_inst/USE_WRITE.write_addr_inst/USE_B_CHANNEL.cmd_b_queue/inst/fifo_gen_inst/inst_fifo_gen/gconvfifo.rf/grf.rf/gntv_or_sync_fifo.gl0.rd/grss.rsts/ram_empty_fb_i_reg/C
                         clock pessimism             -0.114     1.473    
    SLICE_X10Y103        FDPE (Remov_HFF_SLICEM_C_PRE)
                                                     -0.018     1.455    design_1_i/ps8_0_axi_periph/s00_couplers/auto_ds/inst/gen_downsizer.gen_simple_downsizer.axi_downsizer_inst/USE_WRITE.write_addr_inst/USE_B_CHANNEL.cmd_b_queue/inst/fifo_gen_inst/inst_fifo_gen/gconvfifo.rf/grf.rf/gntv_or_sync_fifo.gl0.rd/grss.rsts/ram_empty_fb_i_reg
  -------------------------------------------------------------------
                         required time                         -1.455    
                         arrival time                           1.696    
  -------------------------------------------------------------------
                         slack                                  0.241    

Slack (MET) :             0.241ns  (arrival time - required time)
  Source:                 design_1_i/ps8_0_axi_periph/s00_couplers/auto_ds/inst/gen_downsizer.gen_simple_downsizer.axi_downsizer_inst/USE_WRITE.write_addr_inst/USE_B_CHANNEL.cmd_b_queue/inst/fifo_gen_inst/inst_fifo_gen/gconvfifo.rf/grf.rf/rstblk/ngwrdrst.grst.g7serrst.gnsckt_wrst.gcc_rst.sckt_wr_rst_cc_reg[0]/C
                            (rising edge-triggered cell FDRE clocked by clk_pl_0  {rise@0.000ns fall@1.666ns period=3.333ns})
  Destination:            design_1_i/ps8_0_axi_periph/s00_couplers/auto_ds/inst/gen_downsizer.gen_simple_downsizer.axi_downsizer_inst/USE_WRITE.write_addr_inst/USE_B_CHANNEL.cmd_b_queue/inst/fifo_gen_inst/inst_fifo_gen/gconvfifo.rf/grf.rf/gntv_or_sync_fifo.gl0.rd/grss.rsts/ram_empty_i_reg/PRE
                            (removal check against rising-edge clock clk_pl_0  {rise@0.000ns fall@1.666ns period=3.333ns})
  Path Group:             **async_default**
  Path Type:              Removal (Min at Fast Process Corner)
  Requirement:            0.000ns  (clk_pl_0 rise@0.000ns - clk_pl_0 rise@0.000ns)
  Data Path Delay:        0.261ns  (logic 0.121ns (46.316%)  route 0.140ns (53.684%))
  Logic Levels:           1  (LUT3=1)
  Clock Path Skew:        0.038ns (DCD - SCD - CPR)
    Destination Clock Delay (DCD):    1.587ns
    Source Clock Delay      (SCD):    1.435ns
    Clock Pessimism Removal (CPR):    0.114ns
  Clock Net Delay (Source):      1.284ns (routing 0.572ns, distribution 0.712ns)
  Clock Net Delay (Destination): 1.400ns (routing 0.623ns, distribution 0.777ns)

    Location             Delay type                Incr(ns)  Path(ns)    Netlist Resource(s)
  -------------------------------------------------------------------    -------------------
                         (clock clk_pl_0 rise edge)
                                                      0.000     0.000 r  
    PS8_X0Y0             PS8                          0.000     0.000 r  design_1_i/zynq_ultra_ps_e_0/inst/PS8_i/PLCLK[0]
                         net (fo=1, routed)           0.129     0.129    design_1_i/zynq_ultra_ps_e_0/inst/pl_clk_unbuffered[0]
    BUFG_PS_X0Y80        BUFG_PS (Prop_BUFG_PS_I_O)
                                                      0.022     0.151 r  design_1_i/zynq_ultra_ps_e_0/inst/buffer_pl_clk_0.PL_CLK_0_BUFG/O
    X0Y1 (CLOCK_ROOT)    net (fo=23506, routed)       1.284     1.435    design_1_i/ps8_0_axi_periph/s00_couplers/auto_ds/inst/gen_downsizer.gen_simple_downsizer.axi_downsizer_inst/USE_WRITE.write_addr_inst/USE_B_CHANNEL.cmd_b_queue/inst/fifo_gen_inst/inst_fifo_gen/gconvfifo.rf/grf.rf/rstblk/clk
    SLICE_X9Y104         FDRE                                         r  design_1_i/ps8_0_axi_periph/s00_couplers/auto_ds/inst/gen_downsizer.gen_simple_downsizer.axi_downsizer_inst/USE_WRITE.write_addr_inst/USE_B_CHANNEL.cmd_b_queue/inst/fifo_gen_inst/inst_fifo_gen/gconvfifo.rf/grf.rf/rstblk/ngwrdrst.grst.g7serrst.gnsckt_wrst.gcc_rst.sckt_wr_rst_cc_reg[0]/C
  -------------------------------------------------------------------    -------------------
    SLICE_X9Y104         FDRE (Prop_AFF_SLICEL_C_Q)
                                                      0.084     1.519 f  design_1_i/ps8_0_axi_periph/s00_couplers/auto_ds/inst/gen_downsizer.gen_simple_downsizer.axi_downsizer_inst/USE_WRITE.write_addr_inst/USE_B_CHANNEL.cmd_b_queue/inst/fifo_gen_inst/inst_fifo_gen/gconvfifo.rf/grf.rf/rstblk/ngwrdrst.grst.g7serrst.gnsckt_wrst.gcc_rst.sckt_wr_rst_cc_reg[0]/Q
                         net (fo=3, routed)           0.030     1.548    design_1_i/ps8_0_axi_periph/s00_couplers/auto_ds/inst/gen_downsizer.gen_simple_downsizer.axi_downsizer_inst/USE_WRITE.write_addr_inst/USE_B_CHANNEL.cmd_b_queue/inst/fifo_gen_inst/inst_fifo_gen/gconvfifo.rf/grf.rf/rstblk/ngwrdrst.grst.g7serrst.gnsckt_wrst.gcc_rst.sckt_wr_rst_cc[0]
    SLICE_X9Y104         LUT3 (Prop_A6LUT_SLICEL_I1_O)
                                                      0.037     1.585 f  design_1_i/ps8_0_axi_periph/s00_couplers/auto_ds/inst/gen_downsizer.gen_simple_downsizer.axi_downsizer_inst/USE_WRITE.write_addr_inst/USE_B_CHANNEL.cmd_b_queue/inst/fifo_gen_inst/inst_fifo_gen/gconvfifo.rf/grf.rf/rstblk/gpregsm1.curr_fwft_state[1]_i_2/O
                         net (fo=32, routed)          0.111     1.696    design_1_i/ps8_0_axi_periph/s00_couplers/auto_ds/inst/gen_downsizer.gen_simple_downsizer.axi_downsizer_inst/USE_WRITE.write_addr_inst/USE_B_CHANNEL.cmd_b_queue/inst/fifo_gen_inst/inst_fifo_gen/gconvfifo.rf/grf.rf/gntv_or_sync_fifo.gl0.rd/grss.rsts/ram_empty_i_reg_1
    SLICE_X10Y103        FDPE                                         f  design_1_i/ps8_0_axi_periph/s00_couplers/auto_ds/inst/gen_downsizer.gen_simple_downsizer.axi_downsizer_inst/USE_WRITE.write_addr_inst/USE_B_CHANNEL.cmd_b_queue/inst/fifo_gen_inst/inst_fifo_gen/gconvfifo.rf/grf.rf/gntv_or_sync_fifo.gl0.rd/grss.rsts/ram_empty_i_reg/PRE
  -------------------------------------------------------------------    -------------------

                         (clock clk_pl_0 rise edge)
                                                      0.000     0.000 r  
    PS8_X0Y0             PS8                          0.000     0.000 r  design_1_i/zynq_ultra_ps_e_0/inst/PS8_i/PLCLK[0]
                         net (fo=1, routed)           0.164     0.164    design_1_i/zynq_ultra_ps_e_0/inst/pl_clk_unbuffered[0]
    BUFG_PS_X0Y80        BUFG_PS (Prop_BUFG_PS_I_O)
                                                      0.023     0.187 r  design_1_i/zynq_ultra_ps_e_0/inst/buffer_pl_clk_0.PL_CLK_0_BUFG/O
    X0Y1 (CLOCK_ROOT)    net (fo=23506, routed)       1.400     1.587    design_1_i/ps8_0_axi_periph/s00_couplers/auto_ds/inst/gen_downsizer.gen_simple_downsizer.axi_downsizer_inst/USE_WRITE.write_addr_inst/USE_B_CHANNEL.cmd_b_queue/inst/fifo_gen_inst/inst_fifo_gen/gconvfifo.rf/grf.rf/gntv_or_sync_fifo.gl0.rd/grss.rsts/clk
    SLICE_X10Y103        FDPE                                         r  design_1_i/ps8_0_axi_periph/s00_couplers/auto_ds/inst/gen_downsizer.gen_simple_downsizer.axi_downsizer_inst/USE_WRITE.write_addr_inst/USE_B_CHANNEL.cmd_b_queue/inst/fifo_gen_inst/inst_fifo_gen/gconvfifo.rf/grf.rf/gntv_or_sync_fifo.gl0.rd/grss.rsts/ram_empty_i_reg/C
                         clock pessimism             -0.114     1.473    
    SLICE_X10Y103        FDPE (Remov_GFF_SLICEM_C_PRE)
                                                     -0.018     1.455    design_1_i/ps8_0_axi_periph/s00_couplers/auto_ds/inst/gen_downsizer.gen_simple_downsizer.axi_downsizer_inst/USE_WRITE.write_addr_inst/USE_B_CHANNEL.cmd_b_queue/inst/fifo_gen_inst/inst_fifo_gen/gconvfifo.rf/grf.rf/gntv_or_sync_fifo.gl0.rd/grss.rsts/ram_empty_i_reg
  -------------------------------------------------------------------
                         required time                         -1.455    
                         arrival time                           1.696    
  -------------------------------------------------------------------
                         slack                                  0.241    

Slack (MET) :             0.241ns  (arrival time - required time)
  Source:                 design_1_i/ps8_0_axi_periph/s00_couplers/auto_ds/inst/gen_downsizer.gen_simple_downsizer.axi_downsizer_inst/USE_WRITE.write_addr_inst/USE_B_CHANNEL.cmd_b_queue/inst/fifo_gen_inst/inst_fifo_gen/gconvfifo.rf/grf.rf/rstblk/ngwrdrst.grst.g7serrst.gnsckt_wrst.gcc_rst.sckt_wr_rst_cc_reg[0]/C
                            (rising edge-triggered cell FDRE clocked by clk_pl_0  {rise@0.000ns fall@1.666ns period=3.333ns})
  Destination:            design_1_i/ps8_0_axi_periph/s00_couplers/auto_ds/inst/gen_downsizer.gen_simple_downsizer.axi_downsizer_inst/USE_WRITE.write_addr_inst/USE_B_CHANNEL.cmd_b_queue/inst/fifo_gen_inst/inst_fifo_gen/gconvfifo.rf/grf.rf/gntv_or_sync_fifo.gl0.rd/rpntr/gc0.count_d1_reg[1]/CLR
                            (removal check against rising-edge clock clk_pl_0  {rise@0.000ns fall@1.666ns period=3.333ns})
  Path Group:             **async_default**
  Path Type:              Removal (Min at Fast Process Corner)
  Requirement:            0.000ns  (clk_pl_0 rise@0.000ns - clk_pl_0 rise@0.000ns)
  Data Path Delay:        0.261ns  (logic 0.121ns (46.316%)  route 0.140ns (53.684%))
  Logic Levels:           1  (LUT3=1)
  Clock Path Skew:        0.038ns (DCD - SCD - CPR)
    Destination Clock Delay (DCD):    1.587ns
    Source Clock Delay      (SCD):    1.435ns
    Clock Pessimism Removal (CPR):    0.114ns
  Clock Net Delay (Source):      1.284ns (routing 0.572ns, distribution 0.712ns)
  Clock Net Delay (Destination): 1.400ns (routing 0.623ns, distribution 0.777ns)

    Location             Delay type                Incr(ns)  Path(ns)    Netlist Resource(s)
  -------------------------------------------------------------------    -------------------
                         (clock clk_pl_0 rise edge)
                                                      0.000     0.000 r  
    PS8_X0Y0             PS8                          0.000     0.000 r  design_1_i/zynq_ultra_ps_e_0/inst/PS8_i/PLCLK[0]
                         net (fo=1, routed)           0.129     0.129    design_1_i/zynq_ultra_ps_e_0/inst/pl_clk_unbuffered[0]
    BUFG_PS_X0Y80        BUFG_PS (Prop_BUFG_PS_I_O)
                                                      0.022     0.151 r  design_1_i/zynq_ultra_ps_e_0/inst/buffer_pl_clk_0.PL_CLK_0_BUFG/O
    X0Y1 (CLOCK_ROOT)    net (fo=23506, routed)       1.284     1.435    design_1_i/ps8_0_axi_periph/s00_couplers/auto_ds/inst/gen_downsizer.gen_simple_downsizer.axi_downsizer_inst/USE_WRITE.write_addr_inst/USE_B_CHANNEL.cmd_b_queue/inst/fifo_gen_inst/inst_fifo_gen/gconvfifo.rf/grf.rf/rstblk/clk
    SLICE_X9Y104         FDRE                                         r  design_1_i/ps8_0_axi_periph/s00_couplers/auto_ds/inst/gen_downsizer.gen_simple_downsizer.axi_downsizer_inst/USE_WRITE.write_addr_inst/USE_B_CHANNEL.cmd_b_queue/inst/fifo_gen_inst/inst_fifo_gen/gconvfifo.rf/grf.rf/rstblk/ngwrdrst.grst.g7serrst.gnsckt_wrst.gcc_rst.sckt_wr_rst_cc_reg[0]/C
  -------------------------------------------------------------------    -------------------
    SLICE_X9Y104         FDRE (Prop_AFF_SLICEL_C_Q)
                                                      0.084     1.519 f  design_1_i/ps8_0_axi_periph/s00_couplers/auto_ds/inst/gen_downsizer.gen_simple_downsizer.axi_downsizer_inst/USE_WRITE.write_addr_inst/USE_B_CHANNEL.cmd_b_queue/inst/fifo_gen_inst/inst_fifo_gen/gconvfifo.rf/grf.rf/rstblk/ngwrdrst.grst.g7serrst.gnsckt_wrst.gcc_rst.sckt_wr_rst_cc_reg[0]/Q
                         net (fo=3, routed)           0.030     1.548    design_1_i/ps8_0_axi_periph/s00_couplers/auto_ds/inst/gen_downsizer.gen_simple_downsizer.axi_downsizer_inst/USE_WRITE.write_addr_inst/USE_B_CHANNEL.cmd_b_queue/inst/fifo_gen_inst/inst_fifo_gen/gconvfifo.rf/grf.rf/rstblk/ngwrdrst.grst.g7serrst.gnsckt_wrst.gcc_rst.sckt_wr_rst_cc[0]
    SLICE_X9Y104         LUT3 (Prop_A6LUT_SLICEL_I1_O)
                                                      0.037     1.585 f  design_1_i/ps8_0_axi_periph/s00_couplers/auto_ds/inst/gen_downsizer.gen_simple_downsizer.axi_downsizer_inst/USE_WRITE.write_addr_inst/USE_B_CHANNEL.cmd_b_queue/inst/fifo_gen_inst/inst_fifo_gen/gconvfifo.rf/grf.rf/rstblk/gpregsm1.curr_fwft_state[1]_i_2/O
                         net (fo=32, routed)          0.111     1.696    design_1_i/ps8_0_axi_periph/s00_couplers/auto_ds/inst/gen_downsizer.gen_simple_downsizer.axi_downsizer_inst/USE_WRITE.write_addr_inst/USE_B_CHANNEL.cmd_b_queue/inst/fifo_gen_inst/inst_fifo_gen/gconvfifo.rf/grf.rf/gntv_or_sync_fifo.gl0.rd/rpntr/gc0.count_d1_reg[4]_1
    SLICE_X10Y103        FDCE                                         f  design_1_i/ps8_0_axi_periph/s00_couplers/auto_ds/inst/gen_downsizer.gen_simple_downsizer.axi_downsizer_inst/USE_WRITE.write_addr_inst/USE_B_CHANNEL.cmd_b_queue/inst/fifo_gen_inst/inst_fifo_gen/gconvfifo.rf/grf.rf/gntv_or_sync_fifo.gl0.rd/rpntr/gc0.count_d1_reg[1]/CLR
  -------------------------------------------------------------------    -------------------

                         (clock clk_pl_0 rise edge)
                                                      0.000     0.000 r  
    PS8_X0Y0             PS8                          0.000     0.000 r  design_1_i/zynq_ultra_ps_e_0/inst/PS8_i/PLCLK[0]
                         net (fo=1, routed)           0.164     0.164    design_1_i/zynq_ultra_ps_e_0/inst/pl_clk_unbuffered[0]
    BUFG_PS_X0Y80        BUFG_PS (Prop_BUFG_PS_I_O)
                                                      0.023     0.187 r  design_1_i/zynq_ultra_ps_e_0/inst/buffer_pl_clk_0.PL_CLK_0_BUFG/O
    X0Y1 (CLOCK_ROOT)    net (fo=23506, routed)       1.400     1.587    design_1_i/ps8_0_axi_periph/s00_couplers/auto_ds/inst/gen_downsizer.gen_simple_downsizer.axi_downsizer_inst/USE_WRITE.write_addr_inst/USE_B_CHANNEL.cmd_b_queue/inst/fifo_gen_inst/inst_fifo_gen/gconvfifo.rf/grf.rf/gntv_or_sync_fifo.gl0.rd/rpntr/clk
    SLICE_X10Y103        FDCE                                         r  design_1_i/ps8_0_axi_periph/s00_couplers/auto_ds/inst/gen_downsizer.gen_simple_downsizer.axi_downsizer_inst/USE_WRITE.write_addr_inst/USE_B_CHANNEL.cmd_b_queue/inst/fifo_gen_inst/inst_fifo_gen/gconvfifo.rf/grf.rf/gntv_or_sync_fifo.gl0.rd/rpntr/gc0.count_d1_reg[1]/C
                         clock pessimism             -0.114     1.473    
    SLICE_X10Y103        FDCE (Remov_HFF2_SLICEM_C_CLR)
                                                     -0.018     1.455    design_1_i/ps8_0_axi_periph/s00_couplers/auto_ds/inst/gen_downsizer.gen_simple_downsizer.axi_downsizer_inst/USE_WRITE.write_addr_inst/USE_B_CHANNEL.cmd_b_queue/inst/fifo_gen_inst/inst_fifo_gen/gconvfifo.rf/grf.rf/gntv_or_sync_fifo.gl0.rd/rpntr/gc0.count_d1_reg[1]
  -------------------------------------------------------------------
                         required time                         -1.455    
                         arrival time                           1.696    
  -------------------------------------------------------------------
                         slack                                  0.241    





--------------------------------------------------------------------------------------
Path Group:  (none)
From Clock:  
  To Clock:  clk_pl_0

Max Delay             1 Endpoint
Min Delay             1 Endpoint
--------------------------------------------------------------------------------------


Max Delay Paths
--------------------------------------------------------------------------------------
Slack:                    inf
  Source:                 design_1_i/zynq_ultra_ps_e_0/inst/PS8_i/EMIOGPIOO[95]
                            (internal pin)
  Destination:            design_1_i/rst_ps8_0_99M/U0/EXT_LPF/ACTIVE_LOW_EXT.ACT_LO_EXT/GENERATE_LEVEL_P_S_CDC.SINGLE_BIT.CROSS_PLEVEL_IN2SCNDRY_IN_cdc_to/D
                            (rising edge-triggered cell FDRE clocked by clk_pl_0  {rise@0.000ns fall@1.666ns period=3.333ns})
  Path Group:             (none)
  Path Type:              Setup (Max at Slow Process Corner)
  Data Path Delay:        1.507ns  (logic 0.056ns (3.716%)  route 1.451ns (96.284%))
  Logic Levels:           1  (LUT1=1)
  Clock Uncertainty:      0.100ns  ((TSJ^2 + DJ^2)^1/2) / 2 + PE
    Total System Jitter     (TSJ):    0.050ns
    Discrete Jitter          (DJ):    0.195ns
    Phase Error              (PE):    0.000ns
  Clock Net Delay (Destination): 2.147ns (routing 0.955ns, distribution 1.192ns)
  Timing Exception:       False Path

    Location             Delay type                Incr(ns)  Path(ns)    Netlist Resource(s)
  -------------------------------------------------------------------    -------------------
    PS8_X0Y0             PS8                          0.000     0.000 f  design_1_i/zynq_ultra_ps_e_0/inst/PS8_i/EMIOGPIOO[95]
                         net (fo=1, routed)           1.182     1.182    design_1_i/rst_ps8_0_99M/U0/EXT_LPF/ACTIVE_LOW_EXT.ACT_LO_EXT/ext_reset_in
    SLICE_X7Y152         LUT1 (Prop_D6LUT_SLICEM_I0_O)
                                                      0.056     1.238 r  design_1_i/rst_ps8_0_99M/U0/EXT_LPF/ACTIVE_LOW_EXT.ACT_LO_EXT/GENERATE_LEVEL_P_S_CDC.SINGLE_BIT.CROSS_PLEVEL_IN2SCNDRY_IN_cdc_to_i_1/O
                         net (fo=1, routed)           0.269     1.507    design_1_i/rst_ps8_0_99M/U0/EXT_LPF/ACTIVE_LOW_EXT.ACT_LO_EXT/exr_d1
    SLICE_X7Y152         FDRE                                         r  design_1_i/rst_ps8_0_99M/U0/EXT_LPF/ACTIVE_LOW_EXT.ACT_LO_EXT/GENERATE_LEVEL_P_S_CDC.SINGLE_BIT.CROSS_PLEVEL_IN2SCNDRY_IN_cdc_to/D
  -------------------------------------------------------------------    -------------------

                         (clock clk_pl_0 rise edge)
                                                      0.000     0.000 r  
    PS8_X0Y0             PS8                          0.000     0.000 r  design_1_i/zynq_ultra_ps_e_0/inst/PS8_i/PLCLK[0]
                         net (fo=1, routed)           0.181     0.181    design_1_i/zynq_ultra_ps_e_0/inst/pl_clk_unbuffered[0]
    BUFG_PS_X0Y80        BUFG_PS (Prop_BUFG_PS_I_O)
                                                      0.035     0.216 r  design_1_i/zynq_ultra_ps_e_0/inst/buffer_pl_clk_0.PL_CLK_0_BUFG/O
    X0Y1 (CLOCK_ROOT)    net (fo=23506, routed)       2.147     2.363    design_1_i/rst_ps8_0_99M/U0/EXT_LPF/ACTIVE_LOW_EXT.ACT_LO_EXT/slowest_sync_clk
    SLICE_X7Y152         FDRE                                         r  design_1_i/rst_ps8_0_99M/U0/EXT_LPF/ACTIVE_LOW_EXT.ACT_LO_EXT/GENERATE_LEVEL_P_S_CDC.SINGLE_BIT.CROSS_PLEVEL_IN2SCNDRY_IN_cdc_to/C





Min Delay Paths
--------------------------------------------------------------------------------------
Slack:                    inf
  Source:                 design_1_i/zynq_ultra_ps_e_0/inst/PS8_i/EMIOGPIOO[95]
                            (internal pin)
  Destination:            design_1_i/rst_ps8_0_99M/U0/EXT_LPF/ACTIVE_LOW_EXT.ACT_LO_EXT/GENERATE_LEVEL_P_S_CDC.SINGLE_BIT.CROSS_PLEVEL_IN2SCNDRY_IN_cdc_to/D
                            (rising edge-triggered cell FDRE clocked by clk_pl_0  {rise@0.000ns fall@1.666ns period=3.333ns})
  Path Group:             (none)
  Path Type:              Hold (Min at Fast Process Corner)
  Data Path Delay:        0.574ns  (logic 0.021ns (3.659%)  route 0.553ns (96.341%))
  Logic Levels:           1  (LUT1=1)
  Clock Uncertainty:      0.100ns  ((TSJ^2 + DJ^2)^1/2) / 2 + PE
    Total System Jitter     (TSJ):    0.050ns
    Discrete Jitter          (DJ):    0.195ns
    Phase Error              (PE):    0.000ns
  Clock Net Delay (Destination): 1.420ns (routing 0.623ns, distribution 0.797ns)
  Timing Exception:       False Path

    Location             Delay type                Incr(ns)  Path(ns)    Netlist Resource(s)
  -------------------------------------------------------------------    -------------------
    PS8_X0Y0             PS8                          0.000     0.000 f  design_1_i/zynq_ultra_ps_e_0/inst/PS8_i/EMIOGPIOO[95]
                         net (fo=1, routed)           0.470     0.470    design_1_i/rst_ps8_0_99M/U0/EXT_LPF/ACTIVE_LOW_EXT.ACT_LO_EXT/ext_reset_in
    SLICE_X7Y152         LUT1 (Prop_D6LUT_SLICEM_I0_O)
                                                      0.021     0.491 r  design_1_i/rst_ps8_0_99M/U0/EXT_LPF/ACTIVE_LOW_EXT.ACT_LO_EXT/GENERATE_LEVEL_P_S_CDC.SINGLE_BIT.CROSS_PLEVEL_IN2SCNDRY_IN_cdc_to_i_1/O
                         net (fo=1, routed)           0.083     0.574    design_1_i/rst_ps8_0_99M/U0/EXT_LPF/ACTIVE_LOW_EXT.ACT_LO_EXT/exr_d1
    SLICE_X7Y152         FDRE                                         r  design_1_i/rst_ps8_0_99M/U0/EXT_LPF/ACTIVE_LOW_EXT.ACT_LO_EXT/GENERATE_LEVEL_P_S_CDC.SINGLE_BIT.CROSS_PLEVEL_IN2SCNDRY_IN_cdc_to/D
  -------------------------------------------------------------------    -------------------

                         (clock clk_pl_0 rise edge)
                                                      0.000     0.000 r  
    PS8_X0Y0             PS8                          0.000     0.000 r  design_1_i/zynq_ultra_ps_e_0/inst/PS8_i/PLCLK[0]
                         net (fo=1, routed)           0.164     0.164    design_1_i/zynq_ultra_ps_e_0/inst/pl_clk_unbuffered[0]
    BUFG_PS_X0Y80        BUFG_PS (Prop_BUFG_PS_I_O)
                                                      0.023     0.187 r  design_1_i/zynq_ultra_ps_e_0/inst/buffer_pl_clk_0.PL_CLK_0_BUFG/O
    X0Y1 (CLOCK_ROOT)    net (fo=23506, routed)       1.420     1.607    design_1_i/rst_ps8_0_99M/U0/EXT_LPF/ACTIVE_LOW_EXT.ACT_LO_EXT/slowest_sync_clk
    SLICE_X7Y152         FDRE                                         r  design_1_i/rst_ps8_0_99M/U0/EXT_LPF/ACTIVE_LOW_EXT.ACT_LO_EXT/GENERATE_LEVEL_P_S_CDC.SINGLE_BIT.CROSS_PLEVEL_IN2SCNDRY_IN_cdc_to/C





--------------------------------------------------------------------------------------
Path Group:  (none)
From Clock:  clk_pl_0
  To Clock:  clk_pl_0

Max Delay           140 Endpoints
Min Delay           140 Endpoints
--------------------------------------------------------------------------------------


Max Delay Paths
--------------------------------------------------------------------------------------
Slack:                    inf
  Source:                 design_1_i/rst_ps8_0_99M/U0/ACTIVE_LOW_PR_OUT_DFF[0].FDRE_PER_N/C
                            (rising edge-triggered cell FDRE clocked by clk_pl_0  {rise@0.000ns fall@1.666ns period=3.333ns})
  Destination:            design_1_i/ps8_0_axi_periph/s00_couplers/auto_ds/inst/gen_downsizer.gen_simple_downsizer.axi_downsizer_inst/USE_READ.read_addr_inst/cmd_queue/inst/fifo_gen_inst/inst_fifo_gen/gconvfifo.rf/grf.rf/rstblk/ngwrdrst.grst.g7serrst.gnsckt_wrst.rst_wr_reg2_inst/arststages_ff_reg[0]/PRE
                            (recovery check against rising-edge clock clk_pl_0  {rise@0.000ns fall@1.666ns period=3.333ns})
  Path Group:             (none)
  Path Type:              Recovery (Max at Slow Process Corner)
  Data Path Delay:        1.819ns  (logic 0.113ns (6.211%)  route 1.706ns (93.789%))
  Logic Levels:           0  
  Clock Path Skew:        -0.298ns (DCD - SCD + CPR)
    Destination Clock Delay (DCD):    2.351ns
    Source Clock Delay      (SCD):    2.649ns
    Clock Pessimism Removal (CPR):    0.000ns
  Clock Uncertainty:      0.104ns  ((TSJ^2 + DJ^2)^1/2) / 2 + PE
    Total System Jitter     (TSJ):    0.071ns
    Discrete Jitter          (DJ):    0.195ns
    Phase Error              (PE):    0.000ns
  Clock Net Delay (Source):      2.382ns (routing 1.045ns, distribution 1.337ns)
  Clock Net Delay (Destination): 2.135ns (routing 0.955ns, distribution 1.180ns)
  Timing Exception:       False Path

    Location             Delay type                Incr(ns)  Path(ns)    Netlist Resource(s)
  -------------------------------------------------------------------    -------------------
                         (clock clk_pl_0 rise edge)
                                                      0.000     0.000 r  
    PS8_X0Y0             PS8                          0.000     0.000 r  design_1_i/zynq_ultra_ps_e_0/inst/PS8_i/PLCLK[0]
                         net (fo=1, routed)           0.229     0.229    design_1_i/zynq_ultra_ps_e_0/inst/pl_clk_unbuffered[0]
    BUFG_PS_X0Y80        BUFG_PS (Prop_BUFG_PS_I_O)
                                                      0.038     0.267 r  design_1_i/zynq_ultra_ps_e_0/inst/buffer_pl_clk_0.PL_CLK_0_BUFG/O
    X0Y1 (CLOCK_ROOT)    net (fo=23506, routed)       2.382     2.649    design_1_i/rst_ps8_0_99M/U0/slowest_sync_clk
    SLICE_X7Y151         FDRE                                         r  design_1_i/rst_ps8_0_99M/U0/ACTIVE_LOW_PR_OUT_DFF[0].FDRE_PER_N/C
  -------------------------------------------------------------------    -------------------
    SLICE_X7Y151         FDRE (Prop_EFF_SLICEM_C_Q)
                                                      0.113     2.762 r  design_1_i/rst_ps8_0_99M/U0/ACTIVE_LOW_PR_OUT_DFF[0].FDRE_PER_N/Q
                         net (fo=775, routed)         1.706     4.468    design_1_i/ps8_0_axi_periph/s00_couplers/auto_ds/inst/gen_downsizer.gen_simple_downsizer.axi_downsizer_inst/USE_READ.read_addr_inst/cmd_queue/inst/fifo_gen_inst/inst_fifo_gen/gconvfifo.rf/grf.rf/rstblk/ngwrdrst.grst.g7serrst.gnsckt_wrst.rst_wr_reg2_inst/src_arst
    SLICE_X9Y115         FDPE                                         f  design_1_i/ps8_0_axi_periph/s00_couplers/auto_ds/inst/gen_downsizer.gen_simple_downsizer.axi_downsizer_inst/USE_READ.read_addr_inst/cmd_queue/inst/fifo_gen_inst/inst_fifo_gen/gconvfifo.rf/grf.rf/rstblk/ngwrdrst.grst.g7serrst.gnsckt_wrst.rst_wr_reg2_inst/arststages_ff_reg[0]/PRE  (IS_INVERTED)
  -------------------------------------------------------------------    -------------------

                         (clock clk_pl_0 rise edge)
                                                      0.000     0.000 r  
    PS8_X0Y0             PS8                          0.000     0.000 r  design_1_i/zynq_ultra_ps_e_0/inst/PS8_i/PLCLK[0]
                         net (fo=1, routed)           0.181     0.181    design_1_i/zynq_ultra_ps_e_0/inst/pl_clk_unbuffered[0]
    BUFG_PS_X0Y80        BUFG_PS (Prop_BUFG_PS_I_O)
                                                      0.035     0.216 r  design_1_i/zynq_ultra_ps_e_0/inst/buffer_pl_clk_0.PL_CLK_0_BUFG/O
    X0Y1 (CLOCK_ROOT)    net (fo=23506, routed)       2.135     2.351    design_1_i/ps8_0_axi_periph/s00_couplers/auto_ds/inst/gen_downsizer.gen_simple_downsizer.axi_downsizer_inst/USE_READ.read_addr_inst/cmd_queue/inst/fifo_gen_inst/inst_fifo_gen/gconvfifo.rf/grf.rf/rstblk/ngwrdrst.grst.g7serrst.gnsckt_wrst.rst_wr_reg2_inst/dest_clk
    SLICE_X9Y115         FDPE                                         r  design_1_i/ps8_0_axi_periph/s00_couplers/auto_ds/inst/gen_downsizer.gen_simple_downsizer.axi_downsizer_inst/USE_READ.read_addr_inst/cmd_queue/inst/fifo_gen_inst/inst_fifo_gen/gconvfifo.rf/grf.rf/rstblk/ngwrdrst.grst.g7serrst.gnsckt_wrst.rst_wr_reg2_inst/arststages_ff_reg[0]/C

Slack:                    inf
  Source:                 design_1_i/rst_ps8_0_99M/U0/ACTIVE_LOW_PR_OUT_DFF[0].FDRE_PER_N/C
                            (rising edge-triggered cell FDRE clocked by clk_pl_0  {rise@0.000ns fall@1.666ns period=3.333ns})
  Destination:            design_1_i/ps8_0_axi_periph/s00_couplers/auto_ds/inst/gen_downsizer.gen_simple_downsizer.axi_downsizer_inst/USE_READ.read_addr_inst/cmd_queue/inst/fifo_gen_inst/inst_fifo_gen/gconvfifo.rf/grf.rf/rstblk/ngwrdrst.grst.g7serrst.gnsckt_wrst.rst_wr_reg2_inst/arststages_ff_reg[1]/PRE
                            (recovery check against rising-edge clock clk_pl_0  {rise@0.000ns fall@1.666ns period=3.333ns})
  Path Group:             (none)
  Path Type:              Recovery (Max at Slow Process Corner)
  Data Path Delay:        1.819ns  (logic 0.113ns (6.211%)  route 1.706ns (93.789%))
  Logic Levels:           0  
  Clock Path Skew:        -0.298ns (DCD - SCD + CPR)
    Destination Clock Delay (DCD):    2.351ns
    Source Clock Delay      (SCD):    2.649ns
    Clock Pessimism Removal (CPR):    0.000ns
  Clock Uncertainty:      0.104ns  ((TSJ^2 + DJ^2)^1/2) / 2 + PE
    Total System Jitter     (TSJ):    0.071ns
    Discrete Jitter          (DJ):    0.195ns
    Phase Error              (PE):    0.000ns
  Clock Net Delay (Source):      2.382ns (routing 1.045ns, distribution 1.337ns)
  Clock Net Delay (Destination): 2.135ns (routing 0.955ns, distribution 1.180ns)
  Timing Exception:       False Path

    Location             Delay type                Incr(ns)  Path(ns)    Netlist Resource(s)
  -------------------------------------------------------------------    -------------------
                         (clock clk_pl_0 rise edge)
                                                      0.000     0.000 r  
    PS8_X0Y0             PS8                          0.000     0.000 r  design_1_i/zynq_ultra_ps_e_0/inst/PS8_i/PLCLK[0]
                         net (fo=1, routed)           0.229     0.229    design_1_i/zynq_ultra_ps_e_0/inst/pl_clk_unbuffered[0]
    BUFG_PS_X0Y80        BUFG_PS (Prop_BUFG_PS_I_O)
                                                      0.038     0.267 r  design_1_i/zynq_ultra_ps_e_0/inst/buffer_pl_clk_0.PL_CLK_0_BUFG/O
    X0Y1 (CLOCK_ROOT)    net (fo=23506, routed)       2.382     2.649    design_1_i/rst_ps8_0_99M/U0/slowest_sync_clk
    SLICE_X7Y151         FDRE                                         r  design_1_i/rst_ps8_0_99M/U0/ACTIVE_LOW_PR_OUT_DFF[0].FDRE_PER_N/C
  -------------------------------------------------------------------    -------------------
    SLICE_X7Y151         FDRE (Prop_EFF_SLICEM_C_Q)
                                                      0.113     2.762 r  design_1_i/rst_ps8_0_99M/U0/ACTIVE_LOW_PR_OUT_DFF[0].FDRE_PER_N/Q
                         net (fo=775, routed)         1.706     4.468    design_1_i/ps8_0_axi_periph/s00_couplers/auto_ds/inst/gen_downsizer.gen_simple_downsizer.axi_downsizer_inst/USE_READ.read_addr_inst/cmd_queue/inst/fifo_gen_inst/inst_fifo_gen/gconvfifo.rf/grf.rf/rstblk/ngwrdrst.grst.g7serrst.gnsckt_wrst.rst_wr_reg2_inst/src_arst
    SLICE_X9Y115         FDPE                                         f  design_1_i/ps8_0_axi_periph/s00_couplers/auto_ds/inst/gen_downsizer.gen_simple_downsizer.axi_downsizer_inst/USE_READ.read_addr_inst/cmd_queue/inst/fifo_gen_inst/inst_fifo_gen/gconvfifo.rf/grf.rf/rstblk/ngwrdrst.grst.g7serrst.gnsckt_wrst.rst_wr_reg2_inst/arststages_ff_reg[1]/PRE  (IS_INVERTED)
  -------------------------------------------------------------------    -------------------

                         (clock clk_pl_0 rise edge)
                                                      0.000     0.000 r  
    PS8_X0Y0             PS8                          0.000     0.000 r  design_1_i/zynq_ultra_ps_e_0/inst/PS8_i/PLCLK[0]
                         net (fo=1, routed)           0.181     0.181    design_1_i/zynq_ultra_ps_e_0/inst/pl_clk_unbuffered[0]
    BUFG_PS_X0Y80        BUFG_PS (Prop_BUFG_PS_I_O)
                                                      0.035     0.216 r  design_1_i/zynq_ultra_ps_e_0/inst/buffer_pl_clk_0.PL_CLK_0_BUFG/O
    X0Y1 (CLOCK_ROOT)    net (fo=23506, routed)       2.135     2.351    design_1_i/ps8_0_axi_periph/s00_couplers/auto_ds/inst/gen_downsizer.gen_simple_downsizer.axi_downsizer_inst/USE_READ.read_addr_inst/cmd_queue/inst/fifo_gen_inst/inst_fifo_gen/gconvfifo.rf/grf.rf/rstblk/ngwrdrst.grst.g7serrst.gnsckt_wrst.rst_wr_reg2_inst/dest_clk
    SLICE_X9Y115         FDPE                                         r  design_1_i/ps8_0_axi_periph/s00_couplers/auto_ds/inst/gen_downsizer.gen_simple_downsizer.axi_downsizer_inst/USE_READ.read_addr_inst/cmd_queue/inst/fifo_gen_inst/inst_fifo_gen/gconvfifo.rf/grf.rf/rstblk/ngwrdrst.grst.g7serrst.gnsckt_wrst.rst_wr_reg2_inst/arststages_ff_reg[1]/C

Slack:                    inf
  Source:                 design_1_i/rst_ps8_0_99M/U0/ACTIVE_LOW_PR_OUT_DFF[0].FDRE_PER_N/C
                            (rising edge-triggered cell FDRE clocked by clk_pl_0  {rise@0.000ns fall@1.666ns period=3.333ns})
  Destination:            design_1_i/ps8_0_axi_periph/s00_couplers/auto_ds/inst/gen_downsizer.gen_simple_downsizer.axi_downsizer_inst/USE_WRITE.write_addr_inst/USE_B_CHANNEL.cmd_b_queue/inst/fifo_gen_inst/inst_fifo_gen/gconvfifo.rf/grf.rf/rstblk/ngwrdrst.grst.g7serrst.gnsckt_wrst.rst_wr_reg2_inst/arststages_ff_reg[0]/PRE
                            (recovery check against rising-edge clock clk_pl_0  {rise@0.000ns fall@1.666ns period=3.333ns})
  Path Group:             (none)
  Path Type:              Recovery (Max at Slow Process Corner)
  Data Path Delay:        1.566ns  (logic 0.113ns (7.216%)  route 1.453ns (92.784%))
  Logic Levels:           0  
  Clock Path Skew:        -0.299ns (DCD - SCD + CPR)
    Destination Clock Delay (DCD):    2.350ns
    Source Clock Delay      (SCD):    2.649ns
    Clock Pessimism Removal (CPR):    0.000ns
  Clock Uncertainty:      0.104ns  ((TSJ^2 + DJ^2)^1/2) / 2 + PE
    Total System Jitter     (TSJ):    0.071ns
    Discrete Jitter          (DJ):    0.195ns
    Phase Error              (PE):    0.000ns
  Clock Net Delay (Source):      2.382ns (routing 1.045ns, distribution 1.337ns)
  Clock Net Delay (Destination): 2.134ns (routing 0.955ns, distribution 1.179ns)
  Timing Exception:       False Path

    Location             Delay type                Incr(ns)  Path(ns)    Netlist Resource(s)
  -------------------------------------------------------------------    -------------------
                         (clock clk_pl_0 rise edge)
                                                      0.000     0.000 r  
    PS8_X0Y0             PS8                          0.000     0.000 r  design_1_i/zynq_ultra_ps_e_0/inst/PS8_i/PLCLK[0]
                         net (fo=1, routed)           0.229     0.229    design_1_i/zynq_ultra_ps_e_0/inst/pl_clk_unbuffered[0]
    BUFG_PS_X0Y80        BUFG_PS (Prop_BUFG_PS_I_O)
                                                      0.038     0.267 r  design_1_i/zynq_ultra_ps_e_0/inst/buffer_pl_clk_0.PL_CLK_0_BUFG/O
    X0Y1 (CLOCK_ROOT)    net (fo=23506, routed)       2.382     2.649    design_1_i/rst_ps8_0_99M/U0/slowest_sync_clk
    SLICE_X7Y151         FDRE                                         r  design_1_i/rst_ps8_0_99M/U0/ACTIVE_LOW_PR_OUT_DFF[0].FDRE_PER_N/C
  -------------------------------------------------------------------    -------------------
    SLICE_X7Y151         FDRE (Prop_EFF_SLICEM_C_Q)
                                                      0.113     2.762 r  design_1_i/rst_ps8_0_99M/U0/ACTIVE_LOW_PR_OUT_DFF[0].FDRE_PER_N/Q
                         net (fo=775, routed)         1.453     4.215    design_1_i/ps8_0_axi_periph/s00_couplers/auto_ds/inst/gen_downsizer.gen_simple_downsizer.axi_downsizer_inst/USE_WRITE.write_addr_inst/USE_B_CHANNEL.cmd_b_queue/inst/fifo_gen_inst/inst_fifo_gen/gconvfifo.rf/grf.rf/rstblk/ngwrdrst.grst.g7serrst.gnsckt_wrst.rst_wr_reg2_inst/src_arst
    SLICE_X8Y105         FDPE                                         f  design_1_i/ps8_0_axi_periph/s00_couplers/auto_ds/inst/gen_downsizer.gen_simple_downsizer.axi_downsizer_inst/USE_WRITE.write_addr_inst/USE_B_CHANNEL.cmd_b_queue/inst/fifo_gen_inst/inst_fifo_gen/gconvfifo.rf/grf.rf/rstblk/ngwrdrst.grst.g7serrst.gnsckt_wrst.rst_wr_reg2_inst/arststages_ff_reg[0]/PRE  (IS_INVERTED)
  -------------------------------------------------------------------    -------------------

                         (clock clk_pl_0 rise edge)
                                                      0.000     0.000 r  
    PS8_X0Y0             PS8                          0.000     0.000 r  design_1_i/zynq_ultra_ps_e_0/inst/PS8_i/PLCLK[0]
                         net (fo=1, routed)           0.181     0.181    design_1_i/zynq_ultra_ps_e_0/inst/pl_clk_unbuffered[0]
    BUFG_PS_X0Y80        BUFG_PS (Prop_BUFG_PS_I_O)
                                                      0.035     0.216 r  design_1_i/zynq_ultra_ps_e_0/inst/buffer_pl_clk_0.PL_CLK_0_BUFG/O
    X0Y1 (CLOCK_ROOT)    net (fo=23506, routed)       2.134     2.350    design_1_i/ps8_0_axi_periph/s00_couplers/auto_ds/inst/gen_downsizer.gen_simple_downsizer.axi_downsizer_inst/USE_WRITE.write_addr_inst/USE_B_CHANNEL.cmd_b_queue/inst/fifo_gen_inst/inst_fifo_gen/gconvfifo.rf/grf.rf/rstblk/ngwrdrst.grst.g7serrst.gnsckt_wrst.rst_wr_reg2_inst/dest_clk
    SLICE_X8Y105         FDPE                                         r  design_1_i/ps8_0_axi_periph/s00_couplers/auto_ds/inst/gen_downsizer.gen_simple_downsizer.axi_downsizer_inst/USE_WRITE.write_addr_inst/USE_B_CHANNEL.cmd_b_queue/inst/fifo_gen_inst/inst_fifo_gen/gconvfifo.rf/grf.rf/rstblk/ngwrdrst.grst.g7serrst.gnsckt_wrst.rst_wr_reg2_inst/arststages_ff_reg[0]/C

Slack:                    inf
  Source:                 design_1_i/rst_ps8_0_99M/U0/ACTIVE_LOW_PR_OUT_DFF[0].FDRE_PER_N/C
                            (rising edge-triggered cell FDRE clocked by clk_pl_0  {rise@0.000ns fall@1.666ns period=3.333ns})
  Destination:            design_1_i/ps8_0_axi_periph/s00_couplers/auto_ds/inst/gen_downsizer.gen_simple_downsizer.axi_downsizer_inst/USE_WRITE.write_addr_inst/USE_B_CHANNEL.cmd_b_queue/inst/fifo_gen_inst/inst_fifo_gen/gconvfifo.rf/grf.rf/rstblk/ngwrdrst.grst.g7serrst.gnsckt_wrst.rst_wr_reg2_inst/arststages_ff_reg[1]/PRE
                            (recovery check against rising-edge clock clk_pl_0  {rise@0.000ns fall@1.666ns period=3.333ns})
  Path Group:             (none)
  Path Type:              Recovery (Max at Slow Process Corner)
  Data Path Delay:        1.566ns  (logic 0.113ns (7.216%)  route 1.453ns (92.784%))
  Logic Levels:           0  
  Clock Path Skew:        -0.299ns (DCD - SCD + CPR)
    Destination Clock Delay (DCD):    2.350ns
    Source Clock Delay      (SCD):    2.649ns
    Clock Pessimism Removal (CPR):    0.000ns
  Clock Uncertainty:      0.104ns  ((TSJ^2 + DJ^2)^1/2) / 2 + PE
    Total System Jitter     (TSJ):    0.071ns
    Discrete Jitter          (DJ):    0.195ns
    Phase Error              (PE):    0.000ns
  Clock Net Delay (Source):      2.382ns (routing 1.045ns, distribution 1.337ns)
  Clock Net Delay (Destination): 2.134ns (routing 0.955ns, distribution 1.179ns)
  Timing Exception:       False Path

    Location             Delay type                Incr(ns)  Path(ns)    Netlist Resource(s)
  -------------------------------------------------------------------    -------------------
                         (clock clk_pl_0 rise edge)
                                                      0.000     0.000 r  
    PS8_X0Y0             PS8                          0.000     0.000 r  design_1_i/zynq_ultra_ps_e_0/inst/PS8_i/PLCLK[0]
                         net (fo=1, routed)           0.229     0.229    design_1_i/zynq_ultra_ps_e_0/inst/pl_clk_unbuffered[0]
    BUFG_PS_X0Y80        BUFG_PS (Prop_BUFG_PS_I_O)
                                                      0.038     0.267 r  design_1_i/zynq_ultra_ps_e_0/inst/buffer_pl_clk_0.PL_CLK_0_BUFG/O
    X0Y1 (CLOCK_ROOT)    net (fo=23506, routed)       2.382     2.649    design_1_i/rst_ps8_0_99M/U0/slowest_sync_clk
    SLICE_X7Y151         FDRE                                         r  design_1_i/rst_ps8_0_99M/U0/ACTIVE_LOW_PR_OUT_DFF[0].FDRE_PER_N/C
  -------------------------------------------------------------------    -------------------
    SLICE_X7Y151         FDRE (Prop_EFF_SLICEM_C_Q)
                                                      0.113     2.762 r  design_1_i/rst_ps8_0_99M/U0/ACTIVE_LOW_PR_OUT_DFF[0].FDRE_PER_N/Q
                         net (fo=775, routed)         1.453     4.215    design_1_i/ps8_0_axi_periph/s00_couplers/auto_ds/inst/gen_downsizer.gen_simple_downsizer.axi_downsizer_inst/USE_WRITE.write_addr_inst/USE_B_CHANNEL.cmd_b_queue/inst/fifo_gen_inst/inst_fifo_gen/gconvfifo.rf/grf.rf/rstblk/ngwrdrst.grst.g7serrst.gnsckt_wrst.rst_wr_reg2_inst/src_arst
    SLICE_X8Y105         FDPE                                         f  design_1_i/ps8_0_axi_periph/s00_couplers/auto_ds/inst/gen_downsizer.gen_simple_downsizer.axi_downsizer_inst/USE_WRITE.write_addr_inst/USE_B_CHANNEL.cmd_b_queue/inst/fifo_gen_inst/inst_fifo_gen/gconvfifo.rf/grf.rf/rstblk/ngwrdrst.grst.g7serrst.gnsckt_wrst.rst_wr_reg2_inst/arststages_ff_reg[1]/PRE  (IS_INVERTED)
  -------------------------------------------------------------------    -------------------

                         (clock clk_pl_0 rise edge)
                                                      0.000     0.000 r  
    PS8_X0Y0             PS8                          0.000     0.000 r  design_1_i/zynq_ultra_ps_e_0/inst/PS8_i/PLCLK[0]
                         net (fo=1, routed)           0.181     0.181    design_1_i/zynq_ultra_ps_e_0/inst/pl_clk_unbuffered[0]
    BUFG_PS_X0Y80        BUFG_PS (Prop_BUFG_PS_I_O)
                                                      0.035     0.216 r  design_1_i/zynq_ultra_ps_e_0/inst/buffer_pl_clk_0.PL_CLK_0_BUFG/O
    X0Y1 (CLOCK_ROOT)    net (fo=23506, routed)       2.134     2.350    design_1_i/ps8_0_axi_periph/s00_couplers/auto_ds/inst/gen_downsizer.gen_simple_downsizer.axi_downsizer_inst/USE_WRITE.write_addr_inst/USE_B_CHANNEL.cmd_b_queue/inst/fifo_gen_inst/inst_fifo_gen/gconvfifo.rf/grf.rf/rstblk/ngwrdrst.grst.g7serrst.gnsckt_wrst.rst_wr_reg2_inst/dest_clk
    SLICE_X8Y105         FDPE                                         r  design_1_i/ps8_0_axi_periph/s00_couplers/auto_ds/inst/gen_downsizer.gen_simple_downsizer.axi_downsizer_inst/USE_WRITE.write_addr_inst/USE_B_CHANNEL.cmd_b_queue/inst/fifo_gen_inst/inst_fifo_gen/gconvfifo.rf/grf.rf/rstblk/ngwrdrst.grst.g7serrst.gnsckt_wrst.rst_wr_reg2_inst/arststages_ff_reg[1]/C

Slack:                    inf
  Source:                 design_1_i/rst_ps8_0_99M/U0/ACTIVE_LOW_PR_OUT_DFF[0].FDRE_PER_N/C
                            (rising edge-triggered cell FDRE clocked by clk_pl_0  {rise@0.000ns fall@1.666ns period=3.333ns})
  Destination:            design_1_i/ps8_0_axi_periph/s00_couplers/auto_ds/inst/gen_downsizer.gen_simple_downsizer.axi_downsizer_inst/USE_WRITE.write_addr_inst/cmd_queue/inst/fifo_gen_inst/inst_fifo_gen/gconvfifo.rf/grf.rf/rstblk/ngwrdrst.grst.g7serrst.gnsckt_wrst.rst_wr_reg2_inst/arststages_ff_reg[0]/PRE
                            (recovery check against rising-edge clock clk_pl_0  {rise@0.000ns fall@1.666ns period=3.333ns})
  Path Group:             (none)
  Path Type:              Recovery (Max at Slow Process Corner)
  Data Path Delay:        1.566ns  (logic 0.113ns (7.216%)  route 1.453ns (92.784%))
  Logic Levels:           0  
  Clock Path Skew:        -0.299ns (DCD - SCD + CPR)
    Destination Clock Delay (DCD):    2.350ns
    Source Clock Delay      (SCD):    2.649ns
    Clock Pessimism Removal (CPR):    0.000ns
  Clock Uncertainty:      0.104ns  ((TSJ^2 + DJ^2)^1/2) / 2 + PE
    Total System Jitter     (TSJ):    0.071ns
    Discrete Jitter          (DJ):    0.195ns
    Phase Error              (PE):    0.000ns
  Clock Net Delay (Source):      2.382ns (routing 1.045ns, distribution 1.337ns)
  Clock Net Delay (Destination): 2.134ns (routing 0.955ns, distribution 1.179ns)
  Timing Exception:       False Path

    Location             Delay type                Incr(ns)  Path(ns)    Netlist Resource(s)
  -------------------------------------------------------------------    -------------------
                         (clock clk_pl_0 rise edge)
                                                      0.000     0.000 r  
    PS8_X0Y0             PS8                          0.000     0.000 r  design_1_i/zynq_ultra_ps_e_0/inst/PS8_i/PLCLK[0]
                         net (fo=1, routed)           0.229     0.229    design_1_i/zynq_ultra_ps_e_0/inst/pl_clk_unbuffered[0]
    BUFG_PS_X0Y80        BUFG_PS (Prop_BUFG_PS_I_O)
                                                      0.038     0.267 r  design_1_i/zynq_ultra_ps_e_0/inst/buffer_pl_clk_0.PL_CLK_0_BUFG/O
    X0Y1 (CLOCK_ROOT)    net (fo=23506, routed)       2.382     2.649    design_1_i/rst_ps8_0_99M/U0/slowest_sync_clk
    SLICE_X7Y151         FDRE                                         r  design_1_i/rst_ps8_0_99M/U0/ACTIVE_LOW_PR_OUT_DFF[0].FDRE_PER_N/C
  -------------------------------------------------------------------    -------------------
    SLICE_X7Y151         FDRE (Prop_EFF_SLICEM_C_Q)
                                                      0.113     2.762 r  design_1_i/rst_ps8_0_99M/U0/ACTIVE_LOW_PR_OUT_DFF[0].FDRE_PER_N/Q
                         net (fo=775, routed)         1.453     4.215    design_1_i/ps8_0_axi_periph/s00_couplers/auto_ds/inst/gen_downsizer.gen_simple_downsizer.axi_downsizer_inst/USE_WRITE.write_addr_inst/cmd_queue/inst/fifo_gen_inst/inst_fifo_gen/gconvfifo.rf/grf.rf/rstblk/ngwrdrst.grst.g7serrst.gnsckt_wrst.rst_wr_reg2_inst/src_arst
    SLICE_X8Y105         FDPE                                         f  design_1_i/ps8_0_axi_periph/s00_couplers/auto_ds/inst/gen_downsizer.gen_simple_downsizer.axi_downsizer_inst/USE_WRITE.write_addr_inst/cmd_queue/inst/fifo_gen_inst/inst_fifo_gen/gconvfifo.rf/grf.rf/rstblk/ngwrdrst.grst.g7serrst.gnsckt_wrst.rst_wr_reg2_inst/arststages_ff_reg[0]/PRE  (IS_INVERTED)
  -------------------------------------------------------------------    -------------------

                         (clock clk_pl_0 rise edge)
                                                      0.000     0.000 r  
    PS8_X0Y0             PS8                          0.000     0.000 r  design_1_i/zynq_ultra_ps_e_0/inst/PS8_i/PLCLK[0]
                         net (fo=1, routed)           0.181     0.181    design_1_i/zynq_ultra_ps_e_0/inst/pl_clk_unbuffered[0]
    BUFG_PS_X0Y80        BUFG_PS (Prop_BUFG_PS_I_O)
                                                      0.035     0.216 r  design_1_i/zynq_ultra_ps_e_0/inst/buffer_pl_clk_0.PL_CLK_0_BUFG/O
    X0Y1 (CLOCK_ROOT)    net (fo=23506, routed)       2.134     2.350    design_1_i/ps8_0_axi_periph/s00_couplers/auto_ds/inst/gen_downsizer.gen_simple_downsizer.axi_downsizer_inst/USE_WRITE.write_addr_inst/cmd_queue/inst/fifo_gen_inst/inst_fifo_gen/gconvfifo.rf/grf.rf/rstblk/ngwrdrst.grst.g7serrst.gnsckt_wrst.rst_wr_reg2_inst/dest_clk
    SLICE_X8Y105         FDPE                                         r  design_1_i/ps8_0_axi_periph/s00_couplers/auto_ds/inst/gen_downsizer.gen_simple_downsizer.axi_downsizer_inst/USE_WRITE.write_addr_inst/cmd_queue/inst/fifo_gen_inst/inst_fifo_gen/gconvfifo.rf/grf.rf/rstblk/ngwrdrst.grst.g7serrst.gnsckt_wrst.rst_wr_reg2_inst/arststages_ff_reg[0]/C

Slack:                    inf
  Source:                 design_1_i/rst_ps8_0_99M/U0/ACTIVE_LOW_PR_OUT_DFF[0].FDRE_PER_N/C
                            (rising edge-triggered cell FDRE clocked by clk_pl_0  {rise@0.000ns fall@1.666ns period=3.333ns})
  Destination:            design_1_i/ps8_0_axi_periph/s00_couplers/auto_ds/inst/gen_downsizer.gen_simple_downsizer.axi_downsizer_inst/USE_WRITE.write_addr_inst/cmd_queue/inst/fifo_gen_inst/inst_fifo_gen/gconvfifo.rf/grf.rf/rstblk/ngwrdrst.grst.g7serrst.gnsckt_wrst.rst_wr_reg2_inst/arststages_ff_reg[1]/PRE
                            (recovery check against rising-edge clock clk_pl_0  {rise@0.000ns fall@1.666ns period=3.333ns})
  Path Group:             (none)
  Path Type:              Recovery (Max at Slow Process Corner)
  Data Path Delay:        1.566ns  (logic 0.113ns (7.216%)  route 1.453ns (92.784%))
  Logic Levels:           0  
  Clock Path Skew:        -0.299ns (DCD - SCD + CPR)
    Destination Clock Delay (DCD):    2.350ns
    Source Clock Delay      (SCD):    2.649ns
    Clock Pessimism Removal (CPR):    0.000ns
  Clock Uncertainty:      0.104ns  ((TSJ^2 + DJ^2)^1/2) / 2 + PE
    Total System Jitter     (TSJ):    0.071ns
    Discrete Jitter          (DJ):    0.195ns
    Phase Error              (PE):    0.000ns
  Clock Net Delay (Source):      2.382ns (routing 1.045ns, distribution 1.337ns)
  Clock Net Delay (Destination): 2.134ns (routing 0.955ns, distribution 1.179ns)
  Timing Exception:       False Path

    Location             Delay type                Incr(ns)  Path(ns)    Netlist Resource(s)
  -------------------------------------------------------------------    -------------------
                         (clock clk_pl_0 rise edge)
                                                      0.000     0.000 r  
    PS8_X0Y0             PS8                          0.000     0.000 r  design_1_i/zynq_ultra_ps_e_0/inst/PS8_i/PLCLK[0]
                         net (fo=1, routed)           0.229     0.229    design_1_i/zynq_ultra_ps_e_0/inst/pl_clk_unbuffered[0]
    BUFG_PS_X0Y80        BUFG_PS (Prop_BUFG_PS_I_O)
                                                      0.038     0.267 r  design_1_i/zynq_ultra_ps_e_0/inst/buffer_pl_clk_0.PL_CLK_0_BUFG/O
    X0Y1 (CLOCK_ROOT)    net (fo=23506, routed)       2.382     2.649    design_1_i/rst_ps8_0_99M/U0/slowest_sync_clk
    SLICE_X7Y151         FDRE                                         r  design_1_i/rst_ps8_0_99M/U0/ACTIVE_LOW_PR_OUT_DFF[0].FDRE_PER_N/C
  -------------------------------------------------------------------    -------------------
    SLICE_X7Y151         FDRE (Prop_EFF_SLICEM_C_Q)
                                                      0.113     2.762 r  design_1_i/rst_ps8_0_99M/U0/ACTIVE_LOW_PR_OUT_DFF[0].FDRE_PER_N/Q
                         net (fo=775, routed)         1.453     4.215    design_1_i/ps8_0_axi_periph/s00_couplers/auto_ds/inst/gen_downsizer.gen_simple_downsizer.axi_downsizer_inst/USE_WRITE.write_addr_inst/cmd_queue/inst/fifo_gen_inst/inst_fifo_gen/gconvfifo.rf/grf.rf/rstblk/ngwrdrst.grst.g7serrst.gnsckt_wrst.rst_wr_reg2_inst/src_arst
    SLICE_X8Y105         FDPE                                         f  design_1_i/ps8_0_axi_periph/s00_couplers/auto_ds/inst/gen_downsizer.gen_simple_downsizer.axi_downsizer_inst/USE_WRITE.write_addr_inst/cmd_queue/inst/fifo_gen_inst/inst_fifo_gen/gconvfifo.rf/grf.rf/rstblk/ngwrdrst.grst.g7serrst.gnsckt_wrst.rst_wr_reg2_inst/arststages_ff_reg[1]/PRE  (IS_INVERTED)
  -------------------------------------------------------------------    -------------------

                         (clock clk_pl_0 rise edge)
                                                      0.000     0.000 r  
    PS8_X0Y0             PS8                          0.000     0.000 r  design_1_i/zynq_ultra_ps_e_0/inst/PS8_i/PLCLK[0]
                         net (fo=1, routed)           0.181     0.181    design_1_i/zynq_ultra_ps_e_0/inst/pl_clk_unbuffered[0]
    BUFG_PS_X0Y80        BUFG_PS (Prop_BUFG_PS_I_O)
                                                      0.035     0.216 r  design_1_i/zynq_ultra_ps_e_0/inst/buffer_pl_clk_0.PL_CLK_0_BUFG/O
    X0Y1 (CLOCK_ROOT)    net (fo=23506, routed)       2.134     2.350    design_1_i/ps8_0_axi_periph/s00_couplers/auto_ds/inst/gen_downsizer.gen_simple_downsizer.axi_downsizer_inst/USE_WRITE.write_addr_inst/cmd_queue/inst/fifo_gen_inst/inst_fifo_gen/gconvfifo.rf/grf.rf/rstblk/ngwrdrst.grst.g7serrst.gnsckt_wrst.rst_wr_reg2_inst/dest_clk
    SLICE_X8Y105         FDPE                                         r  design_1_i/ps8_0_axi_periph/s00_couplers/auto_ds/inst/gen_downsizer.gen_simple_downsizer.axi_downsizer_inst/USE_WRITE.write_addr_inst/cmd_queue/inst/fifo_gen_inst/inst_fifo_gen/gconvfifo.rf/grf.rf/rstblk/ngwrdrst.grst.g7serrst.gnsckt_wrst.rst_wr_reg2_inst/arststages_ff_reg[1]/C

Slack:                    inf
  Source:                 design_1_i/rst_ps8_0_99M/U0/ACTIVE_LOW_PR_OUT_DFF[0].FDRE_PER_N/C
                            (rising edge-triggered cell FDRE clocked by clk_pl_0  {rise@0.000ns fall@1.666ns period=3.333ns})
  Destination:            design_1_i/ps8_0_axi_periph/s01_couplers/auto_ds/inst/gen_downsizer.gen_simple_downsizer.axi_downsizer_inst/USE_WRITE.write_addr_inst/cmd_queue/inst/fifo_gen_inst/inst_fifo_gen/gconvfifo.rf/grf.rf/rstblk/ngwrdrst.grst.g7serrst.gnsckt_wrst.rst_wr_reg2_inst/arststages_ff_reg[0]/PRE
                            (recovery check against rising-edge clock clk_pl_0  {rise@0.000ns fall@1.666ns period=3.333ns})
  Path Group:             (none)
  Path Type:              Recovery (Max at Slow Process Corner)
  Data Path Delay:        1.205ns  (logic 0.113ns (9.377%)  route 1.092ns (90.623%))
  Logic Levels:           0  
  Clock Path Skew:        -0.257ns (DCD - SCD + CPR)
    Destination Clock Delay (DCD):    2.392ns
    Source Clock Delay      (SCD):    2.649ns
    Clock Pessimism Removal (CPR):    0.000ns
  Clock Uncertainty:      0.104ns  ((TSJ^2 + DJ^2)^1/2) / 2 + PE
    Total System Jitter     (TSJ):    0.071ns
    Discrete Jitter          (DJ):    0.195ns
    Phase Error              (PE):    0.000ns
  Clock Net Delay (Source):      2.382ns (routing 1.045ns, distribution 1.337ns)
  Clock Net Delay (Destination): 2.176ns (routing 0.955ns, distribution 1.221ns)
  Timing Exception:       False Path

    Location             Delay type                Incr(ns)  Path(ns)    Netlist Resource(s)
  -------------------------------------------------------------------    -------------------
                         (clock clk_pl_0 rise edge)
                                                      0.000     0.000 r  
    PS8_X0Y0             PS8                          0.000     0.000 r  design_1_i/zynq_ultra_ps_e_0/inst/PS8_i/PLCLK[0]
                         net (fo=1, routed)           0.229     0.229    design_1_i/zynq_ultra_ps_e_0/inst/pl_clk_unbuffered[0]
    BUFG_PS_X0Y80        BUFG_PS (Prop_BUFG_PS_I_O)
                                                      0.038     0.267 r  design_1_i/zynq_ultra_ps_e_0/inst/buffer_pl_clk_0.PL_CLK_0_BUFG/O
    X0Y1 (CLOCK_ROOT)    net (fo=23506, routed)       2.382     2.649    design_1_i/rst_ps8_0_99M/U0/slowest_sync_clk
    SLICE_X7Y151         FDRE                                         r  design_1_i/rst_ps8_0_99M/U0/ACTIVE_LOW_PR_OUT_DFF[0].FDRE_PER_N/C
  -------------------------------------------------------------------    -------------------
    SLICE_X7Y151         FDRE (Prop_EFF_SLICEM_C_Q)
                                                      0.113     2.762 r  design_1_i/rst_ps8_0_99M/U0/ACTIVE_LOW_PR_OUT_DFF[0].FDRE_PER_N/Q
                         net (fo=775, routed)         1.092     3.854    design_1_i/ps8_0_axi_periph/s01_couplers/auto_ds/inst/gen_downsizer.gen_simple_downsizer.axi_downsizer_inst/USE_WRITE.write_addr_inst/cmd_queue/inst/fifo_gen_inst/inst_fifo_gen/gconvfifo.rf/grf.rf/rstblk/ngwrdrst.grst.g7serrst.gnsckt_wrst.rst_wr_reg2_inst/src_arst
    SLICE_X4Y126         FDPE                                         f  design_1_i/ps8_0_axi_periph/s01_couplers/auto_ds/inst/gen_downsizer.gen_simple_downsizer.axi_downsizer_inst/USE_WRITE.write_addr_inst/cmd_queue/inst/fifo_gen_inst/inst_fifo_gen/gconvfifo.rf/grf.rf/rstblk/ngwrdrst.grst.g7serrst.gnsckt_wrst.rst_wr_reg2_inst/arststages_ff_reg[0]/PRE  (IS_INVERTED)
  -------------------------------------------------------------------    -------------------

                         (clock clk_pl_0 rise edge)
                                                      0.000     0.000 r  
    PS8_X0Y0             PS8                          0.000     0.000 r  design_1_i/zynq_ultra_ps_e_0/inst/PS8_i/PLCLK[0]
                         net (fo=1, routed)           0.181     0.181    design_1_i/zynq_ultra_ps_e_0/inst/pl_clk_unbuffered[0]
    BUFG_PS_X0Y80        BUFG_PS (Prop_BUFG_PS_I_O)
                                                      0.035     0.216 r  design_1_i/zynq_ultra_ps_e_0/inst/buffer_pl_clk_0.PL_CLK_0_BUFG/O
    X0Y1 (CLOCK_ROOT)    net (fo=23506, routed)       2.176     2.392    design_1_i/ps8_0_axi_periph/s01_couplers/auto_ds/inst/gen_downsizer.gen_simple_downsizer.axi_downsizer_inst/USE_WRITE.write_addr_inst/cmd_queue/inst/fifo_gen_inst/inst_fifo_gen/gconvfifo.rf/grf.rf/rstblk/ngwrdrst.grst.g7serrst.gnsckt_wrst.rst_wr_reg2_inst/dest_clk
    SLICE_X4Y126         FDPE                                         r  design_1_i/ps8_0_axi_periph/s01_couplers/auto_ds/inst/gen_downsizer.gen_simple_downsizer.axi_downsizer_inst/USE_WRITE.write_addr_inst/cmd_queue/inst/fifo_gen_inst/inst_fifo_gen/gconvfifo.rf/grf.rf/rstblk/ngwrdrst.grst.g7serrst.gnsckt_wrst.rst_wr_reg2_inst/arststages_ff_reg[0]/C

Slack:                    inf
  Source:                 design_1_i/rst_ps8_0_99M/U0/ACTIVE_LOW_PR_OUT_DFF[0].FDRE_PER_N/C
                            (rising edge-triggered cell FDRE clocked by clk_pl_0  {rise@0.000ns fall@1.666ns period=3.333ns})
  Destination:            design_1_i/ps8_0_axi_periph/s01_couplers/auto_ds/inst/gen_downsizer.gen_simple_downsizer.axi_downsizer_inst/USE_WRITE.write_addr_inst/cmd_queue/inst/fifo_gen_inst/inst_fifo_gen/gconvfifo.rf/grf.rf/rstblk/ngwrdrst.grst.g7serrst.gnsckt_wrst.rst_wr_reg2_inst/arststages_ff_reg[1]/PRE
                            (recovery check against rising-edge clock clk_pl_0  {rise@0.000ns fall@1.666ns period=3.333ns})
  Path Group:             (none)
  Path Type:              Recovery (Max at Slow Process Corner)
  Data Path Delay:        1.205ns  (logic 0.113ns (9.377%)  route 1.092ns (90.623%))
  Logic Levels:           0  
  Clock Path Skew:        -0.257ns (DCD - SCD + CPR)
    Destination Clock Delay (DCD):    2.392ns
    Source Clock Delay      (SCD):    2.649ns
    Clock Pessimism Removal (CPR):    0.000ns
  Clock Uncertainty:      0.104ns  ((TSJ^2 + DJ^2)^1/2) / 2 + PE
    Total System Jitter     (TSJ):    0.071ns
    Discrete Jitter          (DJ):    0.195ns
    Phase Error              (PE):    0.000ns
  Clock Net Delay (Source):      2.382ns (routing 1.045ns, distribution 1.337ns)
  Clock Net Delay (Destination): 2.176ns (routing 0.955ns, distribution 1.221ns)
  Timing Exception:       False Path

    Location             Delay type                Incr(ns)  Path(ns)    Netlist Resource(s)
  -------------------------------------------------------------------    -------------------
                         (clock clk_pl_0 rise edge)
                                                      0.000     0.000 r  
    PS8_X0Y0             PS8                          0.000     0.000 r  design_1_i/zynq_ultra_ps_e_0/inst/PS8_i/PLCLK[0]
                         net (fo=1, routed)           0.229     0.229    design_1_i/zynq_ultra_ps_e_0/inst/pl_clk_unbuffered[0]
    BUFG_PS_X0Y80        BUFG_PS (Prop_BUFG_PS_I_O)
                                                      0.038     0.267 r  design_1_i/zynq_ultra_ps_e_0/inst/buffer_pl_clk_0.PL_CLK_0_BUFG/O
    X0Y1 (CLOCK_ROOT)    net (fo=23506, routed)       2.382     2.649    design_1_i/rst_ps8_0_99M/U0/slowest_sync_clk
    SLICE_X7Y151         FDRE                                         r  design_1_i/rst_ps8_0_99M/U0/ACTIVE_LOW_PR_OUT_DFF[0].FDRE_PER_N/C
  -------------------------------------------------------------------    -------------------
    SLICE_X7Y151         FDRE (Prop_EFF_SLICEM_C_Q)
                                                      0.113     2.762 r  design_1_i/rst_ps8_0_99M/U0/ACTIVE_LOW_PR_OUT_DFF[0].FDRE_PER_N/Q
                         net (fo=775, routed)         1.092     3.854    design_1_i/ps8_0_axi_periph/s01_couplers/auto_ds/inst/gen_downsizer.gen_simple_downsizer.axi_downsizer_inst/USE_WRITE.write_addr_inst/cmd_queue/inst/fifo_gen_inst/inst_fifo_gen/gconvfifo.rf/grf.rf/rstblk/ngwrdrst.grst.g7serrst.gnsckt_wrst.rst_wr_reg2_inst/src_arst
    SLICE_X4Y126         FDPE                                         f  design_1_i/ps8_0_axi_periph/s01_couplers/auto_ds/inst/gen_downsizer.gen_simple_downsizer.axi_downsizer_inst/USE_WRITE.write_addr_inst/cmd_queue/inst/fifo_gen_inst/inst_fifo_gen/gconvfifo.rf/grf.rf/rstblk/ngwrdrst.grst.g7serrst.gnsckt_wrst.rst_wr_reg2_inst/arststages_ff_reg[1]/PRE  (IS_INVERTED)
  -------------------------------------------------------------------    -------------------

                         (clock clk_pl_0 rise edge)
                                                      0.000     0.000 r  
    PS8_X0Y0             PS8                          0.000     0.000 r  design_1_i/zynq_ultra_ps_e_0/inst/PS8_i/PLCLK[0]
                         net (fo=1, routed)           0.181     0.181    design_1_i/zynq_ultra_ps_e_0/inst/pl_clk_unbuffered[0]
    BUFG_PS_X0Y80        BUFG_PS (Prop_BUFG_PS_I_O)
                                                      0.035     0.216 r  design_1_i/zynq_ultra_ps_e_0/inst/buffer_pl_clk_0.PL_CLK_0_BUFG/O
    X0Y1 (CLOCK_ROOT)    net (fo=23506, routed)       2.176     2.392    design_1_i/ps8_0_axi_periph/s01_couplers/auto_ds/inst/gen_downsizer.gen_simple_downsizer.axi_downsizer_inst/USE_WRITE.write_addr_inst/cmd_queue/inst/fifo_gen_inst/inst_fifo_gen/gconvfifo.rf/grf.rf/rstblk/ngwrdrst.grst.g7serrst.gnsckt_wrst.rst_wr_reg2_inst/dest_clk
    SLICE_X4Y126         FDPE                                         r  design_1_i/ps8_0_axi_periph/s01_couplers/auto_ds/inst/gen_downsizer.gen_simple_downsizer.axi_downsizer_inst/USE_WRITE.write_addr_inst/cmd_queue/inst/fifo_gen_inst/inst_fifo_gen/gconvfifo.rf/grf.rf/rstblk/ngwrdrst.grst.g7serrst.gnsckt_wrst.rst_wr_reg2_inst/arststages_ff_reg[1]/C

Slack:                    inf
  Source:                 design_1_i/vedic_mult_64x64_par_0/inst/mult_res_reg[52]/C
                            (rising edge-triggered cell FDRE clocked by clk_pl_0  {rise@0.000ns fall@1.666ns period=3.333ns})
  Destination:            design_1_i/axi_gpio_1/U0/gpio_core_1/Not_Dual.INPUT_DOUBLE_REGS3/GENERATE_LEVEL_P_S_CDC.MULTI_BIT.FOR_IN_cdc_to[20].CROSS2_PLEVEL_IN2SCNDRY_IN_cdc_to/D
                            (rising edge-triggered cell FDRE clocked by clk_pl_0  {rise@0.000ns fall@1.666ns period=3.333ns})
  Path Group:             (none)
  Path Type:              Setup (Max at Slow Process Corner)
  Data Path Delay:        1.047ns  (logic 0.113ns (10.793%)  route 0.934ns (89.207%))
  Logic Levels:           0  
  Clock Path Skew:        -0.295ns (DCD - SCD + CPR)
    Destination Clock Delay (DCD):    2.363ns
    Source Clock Delay      (SCD):    2.659ns
    Clock Pessimism Removal (CPR):    0.000ns
  Clock Uncertainty:      0.104ns  ((TSJ^2 + DJ^2)^1/2) / 2 + PE
    Total System Jitter     (TSJ):    0.071ns
    Discrete Jitter          (DJ):    0.195ns
    Phase Error              (PE):    0.000ns
  Clock Net Delay (Source):      2.392ns (routing 1.045ns, distribution 1.347ns)
  Clock Net Delay (Destination): 2.147ns (routing 0.955ns, distribution 1.192ns)
  Timing Exception:       False Path

    Location             Delay type                Incr(ns)  Path(ns)    Netlist Resource(s)
  -------------------------------------------------------------------    -------------------
                         (clock clk_pl_0 rise edge)
                                                      0.000     0.000 r  
    PS8_X0Y0             PS8                          0.000     0.000 r  design_1_i/zynq_ultra_ps_e_0/inst/PS8_i/PLCLK[0]
                         net (fo=1, routed)           0.229     0.229    design_1_i/zynq_ultra_ps_e_0/inst/pl_clk_unbuffered[0]
    BUFG_PS_X0Y80        BUFG_PS (Prop_BUFG_PS_I_O)
                                                      0.038     0.267 r  design_1_i/zynq_ultra_ps_e_0/inst/buffer_pl_clk_0.PL_CLK_0_BUFG/O
    X0Y1 (CLOCK_ROOT)    net (fo=23506, routed)       2.392     2.659    design_1_i/vedic_mult_64x64_par_0/inst/clk
    SLICE_X8Y56          FDRE                                         r  design_1_i/vedic_mult_64x64_par_0/inst/mult_res_reg[52]/C
  -------------------------------------------------------------------    -------------------
    SLICE_X8Y56          FDRE (Prop_EFF_SLICEM_C_Q)
                                                      0.113     2.772 r  design_1_i/vedic_mult_64x64_par_0/inst/mult_res_reg[52]/Q
                         net (fo=1, routed)           0.934     3.706    design_1_i/axi_gpio_1/U0/gpio_core_1/Not_Dual.INPUT_DOUBLE_REGS3/gpio_io_i[20]
    SLICE_X8Y56          FDRE                                         r  design_1_i/axi_gpio_1/U0/gpio_core_1/Not_Dual.INPUT_DOUBLE_REGS3/GENERATE_LEVEL_P_S_CDC.MULTI_BIT.FOR_IN_cdc_to[20].CROSS2_PLEVEL_IN2SCNDRY_IN_cdc_to/D
  -------------------------------------------------------------------    -------------------

                         (clock clk_pl_0 rise edge)
                                                      0.000     0.000 r  
    PS8_X0Y0             PS8                          0.000     0.000 r  design_1_i/zynq_ultra_ps_e_0/inst/PS8_i/PLCLK[0]
                         net (fo=1, routed)           0.181     0.181    design_1_i/zynq_ultra_ps_e_0/inst/pl_clk_unbuffered[0]
    BUFG_PS_X0Y80        BUFG_PS (Prop_BUFG_PS_I_O)
                                                      0.035     0.216 r  design_1_i/zynq_ultra_ps_e_0/inst/buffer_pl_clk_0.PL_CLK_0_BUFG/O
    X0Y1 (CLOCK_ROOT)    net (fo=23506, routed)       2.147     2.363    design_1_i/axi_gpio_1/U0/gpio_core_1/Not_Dual.INPUT_DOUBLE_REGS3/s_axi_aclk
    SLICE_X8Y56          FDRE                                         r  design_1_i/axi_gpio_1/U0/gpio_core_1/Not_Dual.INPUT_DOUBLE_REGS3/GENERATE_LEVEL_P_S_CDC.MULTI_BIT.FOR_IN_cdc_to[20].CROSS2_PLEVEL_IN2SCNDRY_IN_cdc_to/C

Slack:                    inf
  Source:                 design_1_i/rst_ps8_0_99M/U0/ACTIVE_LOW_PR_OUT_DFF[0].FDRE_PER_N/C
                            (rising edge-triggered cell FDRE clocked by clk_pl_0  {rise@0.000ns fall@1.666ns period=3.333ns})
  Destination:            design_1_i/ps8_0_axi_periph/s01_couplers/auto_ds/inst/gen_downsizer.gen_simple_downsizer.axi_downsizer_inst/USE_WRITE.write_addr_inst/USE_B_CHANNEL.cmd_b_queue/inst/fifo_gen_inst/inst_fifo_gen/gconvfifo.rf/grf.rf/rstblk/ngwrdrst.grst.g7serrst.gnsckt_wrst.rst_wr_reg2_inst/arststages_ff_reg[0]/PRE
                            (recovery check against rising-edge clock clk_pl_0  {rise@0.000ns fall@1.666ns period=3.333ns})
  Path Group:             (none)
  Path Type:              Recovery (Max at Slow Process Corner)
  Data Path Delay:        1.024ns  (logic 0.113ns (11.036%)  route 0.911ns (88.964%))
  Logic Levels:           0  
  Clock Path Skew:        -0.262ns (DCD - SCD + CPR)
    Destination Clock Delay (DCD):    2.387ns
    Source Clock Delay      (SCD):    2.649ns
    Clock Pessimism Removal (CPR):    0.000ns
  Clock Uncertainty:      0.104ns  ((TSJ^2 + DJ^2)^1/2) / 2 + PE
    Total System Jitter     (TSJ):    0.071ns
    Discrete Jitter          (DJ):    0.195ns
    Phase Error              (PE):    0.000ns
  Clock Net Delay (Source):      2.382ns (routing 1.045ns, distribution 1.337ns)
  Clock Net Delay (Destination): 2.171ns (routing 0.955ns, distribution 1.216ns)
  Timing Exception:       False Path

    Location             Delay type                Incr(ns)  Path(ns)    Netlist Resource(s)
  -------------------------------------------------------------------    -------------------
                         (clock clk_pl_0 rise edge)
                                                      0.000     0.000 r  
    PS8_X0Y0             PS8                          0.000     0.000 r  design_1_i/zynq_ultra_ps_e_0/inst/PS8_i/PLCLK[0]
                         net (fo=1, routed)           0.229     0.229    design_1_i/zynq_ultra_ps_e_0/inst/pl_clk_unbuffered[0]
    BUFG_PS_X0Y80        BUFG_PS (Prop_BUFG_PS_I_O)
                                                      0.038     0.267 r  design_1_i/zynq_ultra_ps_e_0/inst/buffer_pl_clk_0.PL_CLK_0_BUFG/O
    X0Y1 (CLOCK_ROOT)    net (fo=23506, routed)       2.382     2.649    design_1_i/rst_ps8_0_99M/U0/slowest_sync_clk
    SLICE_X7Y151         FDRE                                         r  design_1_i/rst_ps8_0_99M/U0/ACTIVE_LOW_PR_OUT_DFF[0].FDRE_PER_N/C
  -------------------------------------------------------------------    -------------------
    SLICE_X7Y151         FDRE (Prop_EFF_SLICEM_C_Q)
                                                      0.113     2.762 r  design_1_i/rst_ps8_0_99M/U0/ACTIVE_LOW_PR_OUT_DFF[0].FDRE_PER_N/Q
                         net (fo=775, routed)         0.911     3.673    design_1_i/ps8_0_axi_periph/s01_couplers/auto_ds/inst/gen_downsizer.gen_simple_downsizer.axi_downsizer_inst/USE_WRITE.write_addr_inst/USE_B_CHANNEL.cmd_b_queue/inst/fifo_gen_inst/inst_fifo_gen/gconvfifo.rf/grf.rf/rstblk/ngwrdrst.grst.g7serrst.gnsckt_wrst.rst_wr_reg2_inst/src_arst
    SLICE_X8Y133         FDPE                                         f  design_1_i/ps8_0_axi_periph/s01_couplers/auto_ds/inst/gen_downsizer.gen_simple_downsizer.axi_downsizer_inst/USE_WRITE.write_addr_inst/USE_B_CHANNEL.cmd_b_queue/inst/fifo_gen_inst/inst_fifo_gen/gconvfifo.rf/grf.rf/rstblk/ngwrdrst.grst.g7serrst.gnsckt_wrst.rst_wr_reg2_inst/arststages_ff_reg[0]/PRE  (IS_INVERTED)
  -------------------------------------------------------------------    -------------------

                         (clock clk_pl_0 rise edge)
                                                      0.000     0.000 r  
    PS8_X0Y0             PS8                          0.000     0.000 r  design_1_i/zynq_ultra_ps_e_0/inst/PS8_i/PLCLK[0]
                         net (fo=1, routed)           0.181     0.181    design_1_i/zynq_ultra_ps_e_0/inst/pl_clk_unbuffered[0]
    BUFG_PS_X0Y80        BUFG_PS (Prop_BUFG_PS_I_O)
                                                      0.035     0.216 r  design_1_i/zynq_ultra_ps_e_0/inst/buffer_pl_clk_0.PL_CLK_0_BUFG/O
    X0Y1 (CLOCK_ROOT)    net (fo=23506, routed)       2.171     2.387    design_1_i/ps8_0_axi_periph/s01_couplers/auto_ds/inst/gen_downsizer.gen_simple_downsizer.axi_downsizer_inst/USE_WRITE.write_addr_inst/USE_B_CHANNEL.cmd_b_queue/inst/fifo_gen_inst/inst_fifo_gen/gconvfifo.rf/grf.rf/rstblk/ngwrdrst.grst.g7serrst.gnsckt_wrst.rst_wr_reg2_inst/dest_clk
    SLICE_X8Y133         FDPE                                         r  design_1_i/ps8_0_axi_periph/s01_couplers/auto_ds/inst/gen_downsizer.gen_simple_downsizer.axi_downsizer_inst/USE_WRITE.write_addr_inst/USE_B_CHANNEL.cmd_b_queue/inst/fifo_gen_inst/inst_fifo_gen/gconvfifo.rf/grf.rf/rstblk/ngwrdrst.grst.g7serrst.gnsckt_wrst.rst_wr_reg2_inst/arststages_ff_reg[0]/C





Min Delay Paths
--------------------------------------------------------------------------------------
Slack:                    inf
  Source:                 design_1_i/vedic_mult_64x64_par_0/inst/mult_res_reg[37]/C
                            (rising edge-triggered cell FDRE clocked by clk_pl_0  {rise@0.000ns fall@1.666ns period=3.333ns})
  Destination:            design_1_i/axi_gpio_1/U0/gpio_core_1/Not_Dual.INPUT_DOUBLE_REGS3/GENERATE_LEVEL_P_S_CDC.MULTI_BIT.FOR_IN_cdc_to[5].CROSS2_PLEVEL_IN2SCNDRY_IN_cdc_to/D
                            (rising edge-triggered cell FDRE clocked by clk_pl_0  {rise@0.000ns fall@1.666ns period=3.333ns})
  Path Group:             (none)
  Path Type:              Hold (Min at Fast Process Corner)
  Data Path Delay:        0.121ns  (logic 0.084ns (69.421%)  route 0.037ns (30.579%))
  Logic Levels:           0  
  Clock Path Skew:        0.161ns (DCD - SCD - CPR)
    Destination Clock Delay (DCD):    1.607ns
    Source Clock Delay      (SCD):    1.446ns
    Clock Pessimism Removal (CPR):    -0.000ns
  Clock Uncertainty:      0.104ns  ((TSJ^2 + DJ^2)^1/2) / 2 + PE
    Total System Jitter     (TSJ):    0.071ns
    Discrete Jitter          (DJ):    0.195ns
    Phase Error              (PE):    0.000ns
  Clock Net Delay (Source):      1.295ns (routing 0.572ns, distribution 0.723ns)
  Clock Net Delay (Destination): 1.420ns (routing 0.623ns, distribution 0.797ns)
  Timing Exception:       False Path

    Location             Delay type                Incr(ns)  Path(ns)    Netlist Resource(s)
  -------------------------------------------------------------------    -------------------
                         (clock clk_pl_0 rise edge)
                                                      0.000     0.000 r  
    PS8_X0Y0             PS8                          0.000     0.000 r  design_1_i/zynq_ultra_ps_e_0/inst/PS8_i/PLCLK[0]
                         net (fo=1, routed)           0.129     0.129    design_1_i/zynq_ultra_ps_e_0/inst/pl_clk_unbuffered[0]
    BUFG_PS_X0Y80        BUFG_PS (Prop_BUFG_PS_I_O)
                                                      0.022     0.151 r  design_1_i/zynq_ultra_ps_e_0/inst/buffer_pl_clk_0.PL_CLK_0_BUFG/O
    X0Y1 (CLOCK_ROOT)    net (fo=23506, routed)       1.295     1.446    design_1_i/vedic_mult_64x64_par_0/inst/clk
    SLICE_X9Y60          FDRE                                         r  design_1_i/vedic_mult_64x64_par_0/inst/mult_res_reg[37]/C
  -------------------------------------------------------------------    -------------------
    SLICE_X9Y60          FDRE (Prop_EFF_SLICEL_C_Q)
                                                      0.084     1.530 r  design_1_i/vedic_mult_64x64_par_0/inst/mult_res_reg[37]/Q
                         net (fo=1, routed)           0.037     1.567    design_1_i/axi_gpio_1/U0/gpio_core_1/Not_Dual.INPUT_DOUBLE_REGS3/gpio_io_i[5]
    SLICE_X9Y60          FDRE                                         r  design_1_i/axi_gpio_1/U0/gpio_core_1/Not_Dual.INPUT_DOUBLE_REGS3/GENERATE_LEVEL_P_S_CDC.MULTI_BIT.FOR_IN_cdc_to[5].CROSS2_PLEVEL_IN2SCNDRY_IN_cdc_to/D
  -------------------------------------------------------------------    -------------------

                         (clock clk_pl_0 rise edge)
                                                      0.000     0.000 r  
    PS8_X0Y0             PS8                          0.000     0.000 r  design_1_i/zynq_ultra_ps_e_0/inst/PS8_i/PLCLK[0]
                         net (fo=1, routed)           0.164     0.164    design_1_i/zynq_ultra_ps_e_0/inst/pl_clk_unbuffered[0]
    BUFG_PS_X0Y80        BUFG_PS (Prop_BUFG_PS_I_O)
                                                      0.023     0.187 r  design_1_i/zynq_ultra_ps_e_0/inst/buffer_pl_clk_0.PL_CLK_0_BUFG/O
    X0Y1 (CLOCK_ROOT)    net (fo=23506, routed)       1.420     1.607    design_1_i/axi_gpio_1/U0/gpio_core_1/Not_Dual.INPUT_DOUBLE_REGS3/s_axi_aclk
    SLICE_X9Y60          FDRE                                         r  design_1_i/axi_gpio_1/U0/gpio_core_1/Not_Dual.INPUT_DOUBLE_REGS3/GENERATE_LEVEL_P_S_CDC.MULTI_BIT.FOR_IN_cdc_to[5].CROSS2_PLEVEL_IN2SCNDRY_IN_cdc_to/C

Slack:                    inf
  Source:                 design_1_i/vedic_mult_64x64_par_0/inst/mult_res_reg[53]/C
                            (rising edge-triggered cell FDRE clocked by clk_pl_0  {rise@0.000ns fall@1.666ns period=3.333ns})
  Destination:            design_1_i/axi_gpio_1/U0/gpio_core_1/Not_Dual.INPUT_DOUBLE_REGS3/GENERATE_LEVEL_P_S_CDC.MULTI_BIT.FOR_IN_cdc_to[21].CROSS2_PLEVEL_IN2SCNDRY_IN_cdc_to/D
                            (rising edge-triggered cell FDRE clocked by clk_pl_0  {rise@0.000ns fall@1.666ns period=3.333ns})
  Path Group:             (none)
  Path Type:              Hold (Min at Fast Process Corner)
  Data Path Delay:        0.126ns  (logic 0.082ns (65.079%)  route 0.044ns (34.921%))
  Logic Levels:           0  
  Clock Path Skew:        0.152ns (DCD - SCD - CPR)
    Destination Clock Delay (DCD):    1.596ns
    Source Clock Delay      (SCD):    1.445ns
    Clock Pessimism Removal (CPR):    -0.000ns
  Clock Uncertainty:      0.104ns  ((TSJ^2 + DJ^2)^1/2) / 2 + PE
    Total System Jitter     (TSJ):    0.071ns
    Discrete Jitter          (DJ):    0.195ns
    Phase Error              (PE):    0.000ns
  Clock Net Delay (Source):      1.294ns (routing 0.572ns, distribution 0.722ns)
  Clock Net Delay (Destination): 1.409ns (routing 0.623ns, distribution 0.786ns)
  Timing Exception:       False Path

    Location             Delay type                Incr(ns)  Path(ns)    Netlist Resource(s)
  -------------------------------------------------------------------    -------------------
                         (clock clk_pl_0 rise edge)
                                                      0.000     0.000 r  
    PS8_X0Y0             PS8                          0.000     0.000 r  design_1_i/zynq_ultra_ps_e_0/inst/PS8_i/PLCLK[0]
                         net (fo=1, routed)           0.129     0.129    design_1_i/zynq_ultra_ps_e_0/inst/pl_clk_unbuffered[0]
    BUFG_PS_X0Y80        BUFG_PS (Prop_BUFG_PS_I_O)
                                                      0.022     0.151 r  design_1_i/zynq_ultra_ps_e_0/inst/buffer_pl_clk_0.PL_CLK_0_BUFG/O
    X0Y1 (CLOCK_ROOT)    net (fo=23506, routed)       1.294     1.445    design_1_i/vedic_mult_64x64_par_0/inst/clk
    SLICE_X4Y58          FDRE                                         r  design_1_i/vedic_mult_64x64_par_0/inst/mult_res_reg[53]/C
  -------------------------------------------------------------------    -------------------
    SLICE_X4Y58          FDRE (Prop_BFF_SLICEM_C_Q)
                                                      0.082     1.527 r  design_1_i/vedic_mult_64x64_par_0/inst/mult_res_reg[53]/Q
                         net (fo=1, routed)           0.044     1.571    design_1_i/axi_gpio_1/U0/gpio_core_1/Not_Dual.INPUT_DOUBLE_REGS3/gpio_io_i[21]
    SLICE_X4Y58          FDRE                                         r  design_1_i/axi_gpio_1/U0/gpio_core_1/Not_Dual.INPUT_DOUBLE_REGS3/GENERATE_LEVEL_P_S_CDC.MULTI_BIT.FOR_IN_cdc_to[21].CROSS2_PLEVEL_IN2SCNDRY_IN_cdc_to/D
  -------------------------------------------------------------------    -------------------

                         (clock clk_pl_0 rise edge)
                                                      0.000     0.000 r  
    PS8_X0Y0             PS8                          0.000     0.000 r  design_1_i/zynq_ultra_ps_e_0/inst/PS8_i/PLCLK[0]
                         net (fo=1, routed)           0.164     0.164    design_1_i/zynq_ultra_ps_e_0/inst/pl_clk_unbuffered[0]
    BUFG_PS_X0Y80        BUFG_PS (Prop_BUFG_PS_I_O)
                                                      0.023     0.187 r  design_1_i/zynq_ultra_ps_e_0/inst/buffer_pl_clk_0.PL_CLK_0_BUFG/O
    X0Y1 (CLOCK_ROOT)    net (fo=23506, routed)       1.409     1.596    design_1_i/axi_gpio_1/U0/gpio_core_1/Not_Dual.INPUT_DOUBLE_REGS3/s_axi_aclk
    SLICE_X4Y58          FDRE                                         r  design_1_i/axi_gpio_1/U0/gpio_core_1/Not_Dual.INPUT_DOUBLE_REGS3/GENERATE_LEVEL_P_S_CDC.MULTI_BIT.FOR_IN_cdc_to[21].CROSS2_PLEVEL_IN2SCNDRY_IN_cdc_to/C

Slack:                    inf
  Source:                 design_1_i/vedic_mult_64x64_par_0/inst/mult_res_reg[55]/C
                            (rising edge-triggered cell FDRE clocked by clk_pl_0  {rise@0.000ns fall@1.666ns period=3.333ns})
  Destination:            design_1_i/axi_gpio_1/U0/gpio_core_1/Not_Dual.INPUT_DOUBLE_REGS3/GENERATE_LEVEL_P_S_CDC.MULTI_BIT.FOR_IN_cdc_to[23].CROSS2_PLEVEL_IN2SCNDRY_IN_cdc_to/D
                            (rising edge-triggered cell FDRE clocked by clk_pl_0  {rise@0.000ns fall@1.666ns period=3.333ns})
  Path Group:             (none)
  Path Type:              Hold (Min at Fast Process Corner)
  Data Path Delay:        0.120ns  (logic 0.084ns (70.000%)  route 0.036ns (30.000%))
  Logic Levels:           0  
  Clock Path Skew:        0.149ns (DCD - SCD - CPR)
    Destination Clock Delay (DCD):    1.600ns
    Source Clock Delay      (SCD):    1.451ns
    Clock Pessimism Removal (CPR):    -0.000ns
  Clock Uncertainty:      0.104ns  ((TSJ^2 + DJ^2)^1/2) / 2 + PE
    Total System Jitter     (TSJ):    0.071ns
    Discrete Jitter          (DJ):    0.195ns
    Phase Error              (PE):    0.000ns
  Clock Net Delay (Source):      1.300ns (routing 0.572ns, distribution 0.728ns)
  Clock Net Delay (Destination): 1.413ns (routing 0.623ns, distribution 0.790ns)
  Timing Exception:       False Path

    Location             Delay type                Incr(ns)  Path(ns)    Netlist Resource(s)
  -------------------------------------------------------------------    -------------------
                         (clock clk_pl_0 rise edge)
                                                      0.000     0.000 r  
    PS8_X0Y0             PS8                          0.000     0.000 r  design_1_i/zynq_ultra_ps_e_0/inst/PS8_i/PLCLK[0]
                         net (fo=1, routed)           0.129     0.129    design_1_i/zynq_ultra_ps_e_0/inst/pl_clk_unbuffered[0]
    BUFG_PS_X0Y80        BUFG_PS (Prop_BUFG_PS_I_O)
                                                      0.022     0.151 r  design_1_i/zynq_ultra_ps_e_0/inst/buffer_pl_clk_0.PL_CLK_0_BUFG/O
    X0Y1 (CLOCK_ROOT)    net (fo=23506, routed)       1.300     1.451    design_1_i/vedic_mult_64x64_par_0/inst/clk
    SLICE_X6Y54          FDRE                                         r  design_1_i/vedic_mult_64x64_par_0/inst/mult_res_reg[55]/C
  -------------------------------------------------------------------    -------------------
    SLICE_X6Y54          FDRE (Prop_AFF_SLICEL_C_Q)
                                                      0.084     1.535 r  design_1_i/vedic_mult_64x64_par_0/inst/mult_res_reg[55]/Q
                         net (fo=1, routed)           0.036     1.571    design_1_i/axi_gpio_1/U0/gpio_core_1/Not_Dual.INPUT_DOUBLE_REGS3/gpio_io_i[23]
    SLICE_X6Y54          FDRE                                         r  design_1_i/axi_gpio_1/U0/gpio_core_1/Not_Dual.INPUT_DOUBLE_REGS3/GENERATE_LEVEL_P_S_CDC.MULTI_BIT.FOR_IN_cdc_to[23].CROSS2_PLEVEL_IN2SCNDRY_IN_cdc_to/D
  -------------------------------------------------------------------    -------------------

                         (clock clk_pl_0 rise edge)
                                                      0.000     0.000 r  
    PS8_X0Y0             PS8                          0.000     0.000 r  design_1_i/zynq_ultra_ps_e_0/inst/PS8_i/PLCLK[0]
                         net (fo=1, routed)           0.164     0.164    design_1_i/zynq_ultra_ps_e_0/inst/pl_clk_unbuffered[0]
    BUFG_PS_X0Y80        BUFG_PS (Prop_BUFG_PS_I_O)
                                                      0.023     0.187 r  design_1_i/zynq_ultra_ps_e_0/inst/buffer_pl_clk_0.PL_CLK_0_BUFG/O
    X0Y1 (CLOCK_ROOT)    net (fo=23506, routed)       1.413     1.600    design_1_i/axi_gpio_1/U0/gpio_core_1/Not_Dual.INPUT_DOUBLE_REGS3/s_axi_aclk
    SLICE_X6Y54          FDRE                                         r  design_1_i/axi_gpio_1/U0/gpio_core_1/Not_Dual.INPUT_DOUBLE_REGS3/GENERATE_LEVEL_P_S_CDC.MULTI_BIT.FOR_IN_cdc_to[23].CROSS2_PLEVEL_IN2SCNDRY_IN_cdc_to/C

Slack:                    inf
  Source:                 design_1_i/vedic_mult_64x64_par_0/inst/mult_res_reg[69]/C
                            (rising edge-triggered cell FDRE clocked by clk_pl_0  {rise@0.000ns fall@1.666ns period=3.333ns})
  Destination:            design_1_i/axi_gpio_2/U0/gpio_core_1/Not_Dual.INPUT_DOUBLE_REGS3/GENERATE_LEVEL_P_S_CDC.MULTI_BIT.FOR_IN_cdc_to[5].CROSS2_PLEVEL_IN2SCNDRY_IN_cdc_to/D
                            (rising edge-triggered cell FDRE clocked by clk_pl_0  {rise@0.000ns fall@1.666ns period=3.333ns})
  Path Group:             (none)
  Path Type:              Hold (Min at Fast Process Corner)
  Data Path Delay:        0.120ns  (logic 0.084ns (70.000%)  route 0.036ns (30.000%))
  Logic Levels:           0  
  Clock Path Skew:        0.148ns (DCD - SCD - CPR)
    Destination Clock Delay (DCD):    1.599ns
    Source Clock Delay      (SCD):    1.451ns
    Clock Pessimism Removal (CPR):    -0.000ns
  Clock Uncertainty:      0.104ns  ((TSJ^2 + DJ^2)^1/2) / 2 + PE
    Total System Jitter     (TSJ):    0.071ns
    Discrete Jitter          (DJ):    0.195ns
    Phase Error              (PE):    0.000ns
  Clock Net Delay (Source):      1.300ns (routing 0.572ns, distribution 0.728ns)
  Clock Net Delay (Destination): 1.412ns (routing 0.623ns, distribution 0.789ns)
  Timing Exception:       False Path

    Location             Delay type                Incr(ns)  Path(ns)    Netlist Resource(s)
  -------------------------------------------------------------------    -------------------
                         (clock clk_pl_0 rise edge)
                                                      0.000     0.000 r  
    PS8_X0Y0             PS8                          0.000     0.000 r  design_1_i/zynq_ultra_ps_e_0/inst/PS8_i/PLCLK[0]
                         net (fo=1, routed)           0.129     0.129    design_1_i/zynq_ultra_ps_e_0/inst/pl_clk_unbuffered[0]
    BUFG_PS_X0Y80        BUFG_PS (Prop_BUFG_PS_I_O)
                                                      0.022     0.151 r  design_1_i/zynq_ultra_ps_e_0/inst/buffer_pl_clk_0.PL_CLK_0_BUFG/O
    X0Y1 (CLOCK_ROOT)    net (fo=23506, routed)       1.300     1.451    design_1_i/vedic_mult_64x64_par_0/inst/clk
    SLICE_X6Y53          FDRE                                         r  design_1_i/vedic_mult_64x64_par_0/inst/mult_res_reg[69]/C
  -------------------------------------------------------------------    -------------------
    SLICE_X6Y53          FDRE (Prop_DFF_SLICEL_C_Q)
                                                      0.084     1.535 r  design_1_i/vedic_mult_64x64_par_0/inst/mult_res_reg[69]/Q
                         net (fo=1, routed)           0.036     1.571    design_1_i/axi_gpio_2/U0/gpio_core_1/Not_Dual.INPUT_DOUBLE_REGS3/gpio_io_i[5]
    SLICE_X6Y53          FDRE                                         r  design_1_i/axi_gpio_2/U0/gpio_core_1/Not_Dual.INPUT_DOUBLE_REGS3/GENERATE_LEVEL_P_S_CDC.MULTI_BIT.FOR_IN_cdc_to[5].CROSS2_PLEVEL_IN2SCNDRY_IN_cdc_to/D
  -------------------------------------------------------------------    -------------------

                         (clock clk_pl_0 rise edge)
                                                      0.000     0.000 r  
    PS8_X0Y0             PS8                          0.000     0.000 r  design_1_i/zynq_ultra_ps_e_0/inst/PS8_i/PLCLK[0]
                         net (fo=1, routed)           0.164     0.164    design_1_i/zynq_ultra_ps_e_0/inst/pl_clk_unbuffered[0]
    BUFG_PS_X0Y80        BUFG_PS (Prop_BUFG_PS_I_O)
                                                      0.023     0.187 r  design_1_i/zynq_ultra_ps_e_0/inst/buffer_pl_clk_0.PL_CLK_0_BUFG/O
    X0Y1 (CLOCK_ROOT)    net (fo=23506, routed)       1.412     1.599    design_1_i/axi_gpio_2/U0/gpio_core_1/Not_Dual.INPUT_DOUBLE_REGS3/s_axi_aclk
    SLICE_X6Y53          FDRE                                         r  design_1_i/axi_gpio_2/U0/gpio_core_1/Not_Dual.INPUT_DOUBLE_REGS3/GENERATE_LEVEL_P_S_CDC.MULTI_BIT.FOR_IN_cdc_to[5].CROSS2_PLEVEL_IN2SCNDRY_IN_cdc_to/C

Slack:                    inf
  Source:                 design_1_i/vedic_mult_64x64_par_0/inst/mult_res_reg[93]/C
                            (rising edge-triggered cell FDRE clocked by clk_pl_0  {rise@0.000ns fall@1.666ns period=3.333ns})
  Destination:            design_1_i/axi_gpio_2/U0/gpio_core_1/Not_Dual.INPUT_DOUBLE_REGS3/GENERATE_LEVEL_P_S_CDC.MULTI_BIT.FOR_IN_cdc_to[29].CROSS2_PLEVEL_IN2SCNDRY_IN_cdc_to/D
                            (rising edge-triggered cell FDRE clocked by clk_pl_0  {rise@0.000ns fall@1.666ns period=3.333ns})
  Path Group:             (none)
  Path Type:              Hold (Min at Fast Process Corner)
  Data Path Delay:        0.128ns  (logic 0.083ns (64.844%)  route 0.045ns (35.156%))
  Logic Levels:           0  
  Clock Path Skew:        0.153ns (DCD - SCD - CPR)
    Destination Clock Delay (DCD):    1.605ns
    Source Clock Delay      (SCD):    1.452ns
    Clock Pessimism Removal (CPR):    -0.000ns
  Clock Uncertainty:      0.104ns  ((TSJ^2 + DJ^2)^1/2) / 2 + PE
    Total System Jitter     (TSJ):    0.071ns
    Discrete Jitter          (DJ):    0.195ns
    Phase Error              (PE):    0.000ns
  Clock Net Delay (Source):      1.301ns (routing 0.572ns, distribution 0.729ns)
  Clock Net Delay (Destination): 1.418ns (routing 0.623ns, distribution 0.795ns)
  Timing Exception:       False Path

    Location             Delay type                Incr(ns)  Path(ns)    Netlist Resource(s)
  -------------------------------------------------------------------    -------------------
                         (clock clk_pl_0 rise edge)
                                                      0.000     0.000 r  
    PS8_X0Y0             PS8                          0.000     0.000 r  design_1_i/zynq_ultra_ps_e_0/inst/PS8_i/PLCLK[0]
                         net (fo=1, routed)           0.129     0.129    design_1_i/zynq_ultra_ps_e_0/inst/pl_clk_unbuffered[0]
    BUFG_PS_X0Y80        BUFG_PS (Prop_BUFG_PS_I_O)
                                                      0.022     0.151 r  design_1_i/zynq_ultra_ps_e_0/inst/buffer_pl_clk_0.PL_CLK_0_BUFG/O
    X0Y1 (CLOCK_ROOT)    net (fo=23506, routed)       1.301     1.452    design_1_i/vedic_mult_64x64_par_0/inst/clk
    SLICE_X5Y50          FDRE                                         r  design_1_i/vedic_mult_64x64_par_0/inst/mult_res_reg[93]/C
  -------------------------------------------------------------------    -------------------
    SLICE_X5Y50          FDRE (Prop_DFF_SLICEM_C_Q)
                                                      0.083     1.535 r  design_1_i/vedic_mult_64x64_par_0/inst/mult_res_reg[93]/Q
                         net (fo=1, routed)           0.045     1.580    design_1_i/axi_gpio_2/U0/gpio_core_1/Not_Dual.INPUT_DOUBLE_REGS3/gpio_io_i[29]
    SLICE_X5Y50          FDRE                                         r  design_1_i/axi_gpio_2/U0/gpio_core_1/Not_Dual.INPUT_DOUBLE_REGS3/GENERATE_LEVEL_P_S_CDC.MULTI_BIT.FOR_IN_cdc_to[29].CROSS2_PLEVEL_IN2SCNDRY_IN_cdc_to/D
  -------------------------------------------------------------------    -------------------

                         (clock clk_pl_0 rise edge)
                                                      0.000     0.000 r  
    PS8_X0Y0             PS8                          0.000     0.000 r  design_1_i/zynq_ultra_ps_e_0/inst/PS8_i/PLCLK[0]
                         net (fo=1, routed)           0.164     0.164    design_1_i/zynq_ultra_ps_e_0/inst/pl_clk_unbuffered[0]
    BUFG_PS_X0Y80        BUFG_PS (Prop_BUFG_PS_I_O)
                                                      0.023     0.187 r  design_1_i/zynq_ultra_ps_e_0/inst/buffer_pl_clk_0.PL_CLK_0_BUFG/O
    X0Y1 (CLOCK_ROOT)    net (fo=23506, routed)       1.418     1.605    design_1_i/axi_gpio_2/U0/gpio_core_1/Not_Dual.INPUT_DOUBLE_REGS3/s_axi_aclk
    SLICE_X5Y50          FDRE                                         r  design_1_i/axi_gpio_2/U0/gpio_core_1/Not_Dual.INPUT_DOUBLE_REGS3/GENERATE_LEVEL_P_S_CDC.MULTI_BIT.FOR_IN_cdc_to[29].CROSS2_PLEVEL_IN2SCNDRY_IN_cdc_to/C

Slack:                    inf
  Source:                 design_1_i/vedic_mult_64x64_par_0/inst/mult_res_reg[73]/C
                            (rising edge-triggered cell FDRE clocked by clk_pl_0  {rise@0.000ns fall@1.666ns period=3.333ns})
  Destination:            design_1_i/axi_gpio_2/U0/gpio_core_1/Not_Dual.INPUT_DOUBLE_REGS3/GENERATE_LEVEL_P_S_CDC.MULTI_BIT.FOR_IN_cdc_to[9].CROSS2_PLEVEL_IN2SCNDRY_IN_cdc_to/D
                            (rising edge-triggered cell FDRE clocked by clk_pl_0  {rise@0.000ns fall@1.666ns period=3.333ns})
  Path Group:             (none)
  Path Type:              Hold (Min at Fast Process Corner)
  Data Path Delay:        0.128ns  (logic 0.083ns (64.844%)  route 0.045ns (35.156%))
  Logic Levels:           0  
  Clock Path Skew:        0.152ns (DCD - SCD - CPR)
    Destination Clock Delay (DCD):    1.605ns
    Source Clock Delay      (SCD):    1.453ns
    Clock Pessimism Removal (CPR):    -0.000ns
  Clock Uncertainty:      0.104ns  ((TSJ^2 + DJ^2)^1/2) / 2 + PE
    Total System Jitter     (TSJ):    0.071ns
    Discrete Jitter          (DJ):    0.195ns
    Phase Error              (PE):    0.000ns
  Clock Net Delay (Source):      1.302ns (routing 0.572ns, distribution 0.730ns)
  Clock Net Delay (Destination): 1.418ns (routing 0.623ns, distribution 0.795ns)
  Timing Exception:       False Path

    Location             Delay type                Incr(ns)  Path(ns)    Netlist Resource(s)
  -------------------------------------------------------------------    -------------------
                         (clock clk_pl_0 rise edge)
                                                      0.000     0.000 r  
    PS8_X0Y0             PS8                          0.000     0.000 r  design_1_i/zynq_ultra_ps_e_0/inst/PS8_i/PLCLK[0]
                         net (fo=1, routed)           0.129     0.129    design_1_i/zynq_ultra_ps_e_0/inst/pl_clk_unbuffered[0]
    BUFG_PS_X0Y80        BUFG_PS (Prop_BUFG_PS_I_O)
                                                      0.022     0.151 r  design_1_i/zynq_ultra_ps_e_0/inst/buffer_pl_clk_0.PL_CLK_0_BUFG/O
    X0Y1 (CLOCK_ROOT)    net (fo=23506, routed)       1.302     1.453    design_1_i/vedic_mult_64x64_par_0/inst/clk
    SLICE_X5Y52          FDRE                                         r  design_1_i/vedic_mult_64x64_par_0/inst/mult_res_reg[73]/C
  -------------------------------------------------------------------    -------------------
    SLICE_X5Y52          FDRE (Prop_DFF_SLICEM_C_Q)
                                                      0.083     1.536 r  design_1_i/vedic_mult_64x64_par_0/inst/mult_res_reg[73]/Q
                         net (fo=1, routed)           0.045     1.581    design_1_i/axi_gpio_2/U0/gpio_core_1/Not_Dual.INPUT_DOUBLE_REGS3/gpio_io_i[9]
    SLICE_X5Y52          FDRE                                         r  design_1_i/axi_gpio_2/U0/gpio_core_1/Not_Dual.INPUT_DOUBLE_REGS3/GENERATE_LEVEL_P_S_CDC.MULTI_BIT.FOR_IN_cdc_to[9].CROSS2_PLEVEL_IN2SCNDRY_IN_cdc_to/D
  -------------------------------------------------------------------    -------------------

                         (clock clk_pl_0 rise edge)
                                                      0.000     0.000 r  
    PS8_X0Y0             PS8                          0.000     0.000 r  design_1_i/zynq_ultra_ps_e_0/inst/PS8_i/PLCLK[0]
                         net (fo=1, routed)           0.164     0.164    design_1_i/zynq_ultra_ps_e_0/inst/pl_clk_unbuffered[0]
    BUFG_PS_X0Y80        BUFG_PS (Prop_BUFG_PS_I_O)
                                                      0.023     0.187 r  design_1_i/zynq_ultra_ps_e_0/inst/buffer_pl_clk_0.PL_CLK_0_BUFG/O
    X0Y1 (CLOCK_ROOT)    net (fo=23506, routed)       1.418     1.605    design_1_i/axi_gpio_2/U0/gpio_core_1/Not_Dual.INPUT_DOUBLE_REGS3/s_axi_aclk
    SLICE_X5Y52          FDRE                                         r  design_1_i/axi_gpio_2/U0/gpio_core_1/Not_Dual.INPUT_DOUBLE_REGS3/GENERATE_LEVEL_P_S_CDC.MULTI_BIT.FOR_IN_cdc_to[9].CROSS2_PLEVEL_IN2SCNDRY_IN_cdc_to/C

Slack:                    inf
  Source:                 design_1_i/vedic_mult_64x64_par_0/inst/mult_res_reg[14]/C
                            (rising edge-triggered cell FDRE clocked by clk_pl_0  {rise@0.000ns fall@1.666ns period=3.333ns})
  Destination:            design_1_i/axi_gpio_0/U0/gpio_core_1/Not_Dual.INPUT_DOUBLE_REGS3/GENERATE_LEVEL_P_S_CDC.MULTI_BIT.FOR_IN_cdc_to[14].CROSS2_PLEVEL_IN2SCNDRY_IN_cdc_to/D
                            (rising edge-triggered cell FDRE clocked by clk_pl_0  {rise@0.000ns fall@1.666ns period=3.333ns})
  Path Group:             (none)
  Path Type:              Hold (Min at Fast Process Corner)
  Data Path Delay:        0.151ns  (logic 0.083ns (54.967%)  route 0.068ns (45.033%))
  Logic Levels:           0  
  Clock Path Skew:        0.166ns (DCD - SCD - CPR)
    Destination Clock Delay (DCD):    1.599ns
    Source Clock Delay      (SCD):    1.433ns
    Clock Pessimism Removal (CPR):    -0.000ns
  Clock Uncertainty:      0.104ns  ((TSJ^2 + DJ^2)^1/2) / 2 + PE
    Total System Jitter     (TSJ):    0.071ns
    Discrete Jitter          (DJ):    0.195ns
    Phase Error              (PE):    0.000ns
  Clock Net Delay (Source):      1.282ns (routing 0.572ns, distribution 0.710ns)
  Clock Net Delay (Destination): 1.412ns (routing 0.623ns, distribution 0.789ns)
  Timing Exception:       False Path

    Location             Delay type                Incr(ns)  Path(ns)    Netlist Resource(s)
  -------------------------------------------------------------------    -------------------
                         (clock clk_pl_0 rise edge)
                                                      0.000     0.000 r  
    PS8_X0Y0             PS8                          0.000     0.000 r  design_1_i/zynq_ultra_ps_e_0/inst/PS8_i/PLCLK[0]
                         net (fo=1, routed)           0.129     0.129    design_1_i/zynq_ultra_ps_e_0/inst/pl_clk_unbuffered[0]
    BUFG_PS_X0Y80        BUFG_PS (Prop_BUFG_PS_I_O)
                                                      0.022     0.151 r  design_1_i/zynq_ultra_ps_e_0/inst/buffer_pl_clk_0.PL_CLK_0_BUFG/O
    X0Y1 (CLOCK_ROOT)    net (fo=23506, routed)       1.282     1.433    design_1_i/vedic_mult_64x64_par_0/inst/clk
    SLICE_X4Y79          FDRE                                         r  design_1_i/vedic_mult_64x64_par_0/inst/mult_res_reg[14]/C
  -------------------------------------------------------------------    -------------------
    SLICE_X4Y79          FDRE (Prop_GFF_SLICEM_C_Q)
                                                      0.083     1.516 r  design_1_i/vedic_mult_64x64_par_0/inst/mult_res_reg[14]/Q
                         net (fo=1, routed)           0.068     1.584    design_1_i/axi_gpio_0/U0/gpio_core_1/Not_Dual.INPUT_DOUBLE_REGS3/gpio_io_i[14]
    SLICE_X2Y79          FDRE                                         r  design_1_i/axi_gpio_0/U0/gpio_core_1/Not_Dual.INPUT_DOUBLE_REGS3/GENERATE_LEVEL_P_S_CDC.MULTI_BIT.FOR_IN_cdc_to[14].CROSS2_PLEVEL_IN2SCNDRY_IN_cdc_to/D
  -------------------------------------------------------------------    -------------------

                         (clock clk_pl_0 rise edge)
                                                      0.000     0.000 r  
    PS8_X0Y0             PS8                          0.000     0.000 r  design_1_i/zynq_ultra_ps_e_0/inst/PS8_i/PLCLK[0]
                         net (fo=1, routed)           0.164     0.164    design_1_i/zynq_ultra_ps_e_0/inst/pl_clk_unbuffered[0]
    BUFG_PS_X0Y80        BUFG_PS (Prop_BUFG_PS_I_O)
                                                      0.023     0.187 r  design_1_i/zynq_ultra_ps_e_0/inst/buffer_pl_clk_0.PL_CLK_0_BUFG/O
    X0Y1 (CLOCK_ROOT)    net (fo=23506, routed)       1.412     1.599    design_1_i/axi_gpio_0/U0/gpio_core_1/Not_Dual.INPUT_DOUBLE_REGS3/s_axi_aclk
    SLICE_X2Y79          FDRE                                         r  design_1_i/axi_gpio_0/U0/gpio_core_1/Not_Dual.INPUT_DOUBLE_REGS3/GENERATE_LEVEL_P_S_CDC.MULTI_BIT.FOR_IN_cdc_to[14].CROSS2_PLEVEL_IN2SCNDRY_IN_cdc_to/C

Slack:                    inf
  Source:                 design_1_i/vedic_mult_64x64_par_0/inst/mult_res_reg[7]/C
                            (rising edge-triggered cell FDRE clocked by clk_pl_0  {rise@0.000ns fall@1.666ns period=3.333ns})
  Destination:            design_1_i/axi_gpio_0/U0/gpio_core_1/Not_Dual.INPUT_DOUBLE_REGS3/GENERATE_LEVEL_P_S_CDC.MULTI_BIT.FOR_IN_cdc_to[7].CROSS2_PLEVEL_IN2SCNDRY_IN_cdc_to/D
                            (rising edge-triggered cell FDRE clocked by clk_pl_0  {rise@0.000ns fall@1.666ns period=3.333ns})
  Path Group:             (none)
  Path Type:              Hold (Min at Fast Process Corner)
  Data Path Delay:        0.151ns  (logic 0.083ns (54.967%)  route 0.068ns (45.033%))
  Logic Levels:           0  
  Clock Path Skew:        0.155ns (DCD - SCD - CPR)
    Destination Clock Delay (DCD):    1.591ns
    Source Clock Delay      (SCD):    1.436ns
    Clock Pessimism Removal (CPR):    -0.000ns
  Clock Uncertainty:      0.104ns  ((TSJ^2 + DJ^2)^1/2) / 2 + PE
    Total System Jitter     (TSJ):    0.071ns
    Discrete Jitter          (DJ):    0.195ns
    Phase Error              (PE):    0.000ns
  Clock Net Delay (Source):      1.285ns (routing 0.572ns, distribution 0.713ns)
  Clock Net Delay (Destination): 1.404ns (routing 0.623ns, distribution 0.781ns)
  Timing Exception:       False Path

    Location             Delay type                Incr(ns)  Path(ns)    Netlist Resource(s)
  -------------------------------------------------------------------    -------------------
                         (clock clk_pl_0 rise edge)
                                                      0.000     0.000 r  
    PS8_X0Y0             PS8                          0.000     0.000 r  design_1_i/zynq_ultra_ps_e_0/inst/PS8_i/PLCLK[0]
                         net (fo=1, routed)           0.129     0.129    design_1_i/zynq_ultra_ps_e_0/inst/pl_clk_unbuffered[0]
    BUFG_PS_X0Y80        BUFG_PS (Prop_BUFG_PS_I_O)
                                                      0.022     0.151 r  design_1_i/zynq_ultra_ps_e_0/inst/buffer_pl_clk_0.PL_CLK_0_BUFG/O
    X0Y1 (CLOCK_ROOT)    net (fo=23506, routed)       1.285     1.436    design_1_i/vedic_mult_64x64_par_0/inst/clk
    SLICE_X1Y75          FDRE                                         r  design_1_i/vedic_mult_64x64_par_0/inst/mult_res_reg[7]/C
  -------------------------------------------------------------------    -------------------
    SLICE_X1Y75          FDRE (Prop_DFF_SLICEM_C_Q)
                                                      0.083     1.519 r  design_1_i/vedic_mult_64x64_par_0/inst/mult_res_reg[7]/Q
                         net (fo=1, routed)           0.068     1.587    design_1_i/axi_gpio_0/U0/gpio_core_1/Not_Dual.INPUT_DOUBLE_REGS3/gpio_io_i[7]
    SLICE_X1Y76          FDRE                                         r  design_1_i/axi_gpio_0/U0/gpio_core_1/Not_Dual.INPUT_DOUBLE_REGS3/GENERATE_LEVEL_P_S_CDC.MULTI_BIT.FOR_IN_cdc_to[7].CROSS2_PLEVEL_IN2SCNDRY_IN_cdc_to/D
  -------------------------------------------------------------------    -------------------

                         (clock clk_pl_0 rise edge)
                                                      0.000     0.000 r  
    PS8_X0Y0             PS8                          0.000     0.000 r  design_1_i/zynq_ultra_ps_e_0/inst/PS8_i/PLCLK[0]
                         net (fo=1, routed)           0.164     0.164    design_1_i/zynq_ultra_ps_e_0/inst/pl_clk_unbuffered[0]
    BUFG_PS_X0Y80        BUFG_PS (Prop_BUFG_PS_I_O)
                                                      0.023     0.187 r  design_1_i/zynq_ultra_ps_e_0/inst/buffer_pl_clk_0.PL_CLK_0_BUFG/O
    X0Y1 (CLOCK_ROOT)    net (fo=23506, routed)       1.404     1.591    design_1_i/axi_gpio_0/U0/gpio_core_1/Not_Dual.INPUT_DOUBLE_REGS3/s_axi_aclk
    SLICE_X1Y76          FDRE                                         r  design_1_i/axi_gpio_0/U0/gpio_core_1/Not_Dual.INPUT_DOUBLE_REGS3/GENERATE_LEVEL_P_S_CDC.MULTI_BIT.FOR_IN_cdc_to[7].CROSS2_PLEVEL_IN2SCNDRY_IN_cdc_to/C

Slack:                    inf
  Source:                 design_1_i/vedic_mult_64x64_par_0/inst/mult_res_reg[125]/C
                            (rising edge-triggered cell FDRE clocked by clk_pl_0  {rise@0.000ns fall@1.666ns period=3.333ns})
  Destination:            design_1_i/axi_gpio_3/U0/gpio_core_1/Not_Dual.INPUT_DOUBLE_REGS3/GENERATE_LEVEL_P_S_CDC.MULTI_BIT.FOR_IN_cdc_to[29].CROSS2_PLEVEL_IN2SCNDRY_IN_cdc_to/D
                            (rising edge-triggered cell FDRE clocked by clk_pl_0  {rise@0.000ns fall@1.666ns period=3.333ns})
  Path Group:             (none)
  Path Type:              Hold (Min at Fast Process Corner)
  Data Path Delay:        0.142ns  (logic 0.084ns (59.155%)  route 0.058ns (40.845%))
  Logic Levels:           0  
  Clock Path Skew:        0.152ns (DCD - SCD - CPR)
    Destination Clock Delay (DCD):    1.604ns
    Source Clock Delay      (SCD):    1.452ns
    Clock Pessimism Removal (CPR):    -0.000ns
  Clock Uncertainty:      0.104ns  ((TSJ^2 + DJ^2)^1/2) / 2 + PE
    Total System Jitter     (TSJ):    0.071ns
    Discrete Jitter          (DJ):    0.195ns
    Phase Error              (PE):    0.000ns
  Clock Net Delay (Source):      1.301ns (routing 0.572ns, distribution 0.729ns)
  Clock Net Delay (Destination): 1.417ns (routing 0.623ns, distribution 0.794ns)
  Timing Exception:       False Path

    Location             Delay type                Incr(ns)  Path(ns)    Netlist Resource(s)
  -------------------------------------------------------------------    -------------------
                         (clock clk_pl_0 rise edge)
                                                      0.000     0.000 r  
    PS8_X0Y0             PS8                          0.000     0.000 r  design_1_i/zynq_ultra_ps_e_0/inst/PS8_i/PLCLK[0]
                         net (fo=1, routed)           0.129     0.129    design_1_i/zynq_ultra_ps_e_0/inst/pl_clk_unbuffered[0]
    BUFG_PS_X0Y80        BUFG_PS (Prop_BUFG_PS_I_O)
                                                      0.022     0.151 r  design_1_i/zynq_ultra_ps_e_0/inst/buffer_pl_clk_0.PL_CLK_0_BUFG/O
    X0Y1 (CLOCK_ROOT)    net (fo=23506, routed)       1.301     1.452    design_1_i/vedic_mult_64x64_par_0/inst/clk
    SLICE_X3Y52          FDRE                                         r  design_1_i/vedic_mult_64x64_par_0/inst/mult_res_reg[125]/C
  -------------------------------------------------------------------    -------------------
    SLICE_X3Y52          FDRE (Prop_CFF_SLICEL_C_Q)
                                                      0.084     1.536 r  design_1_i/vedic_mult_64x64_par_0/inst/mult_res_reg[125]/Q
                         net (fo=1, routed)           0.058     1.594    design_1_i/axi_gpio_3/U0/gpio_core_1/Not_Dual.INPUT_DOUBLE_REGS3/gpio_io_i[29]
    SLICE_X2Y51          FDRE                                         r  design_1_i/axi_gpio_3/U0/gpio_core_1/Not_Dual.INPUT_DOUBLE_REGS3/GENERATE_LEVEL_P_S_CDC.MULTI_BIT.FOR_IN_cdc_to[29].CROSS2_PLEVEL_IN2SCNDRY_IN_cdc_to/D
  -------------------------------------------------------------------    -------------------

                         (clock clk_pl_0 rise edge)
                                                      0.000     0.000 r  
    PS8_X0Y0             PS8                          0.000     0.000 r  design_1_i/zynq_ultra_ps_e_0/inst/PS8_i/PLCLK[0]
                         net (fo=1, routed)           0.164     0.164    design_1_i/zynq_ultra_ps_e_0/inst/pl_clk_unbuffered[0]
    BUFG_PS_X0Y80        BUFG_PS (Prop_BUFG_PS_I_O)
                                                      0.023     0.187 r  design_1_i/zynq_ultra_ps_e_0/inst/buffer_pl_clk_0.PL_CLK_0_BUFG/O
    X0Y1 (CLOCK_ROOT)    net (fo=23506, routed)       1.417     1.604    design_1_i/axi_gpio_3/U0/gpio_core_1/Not_Dual.INPUT_DOUBLE_REGS3/s_axi_aclk
    SLICE_X2Y51          FDRE                                         r  design_1_i/axi_gpio_3/U0/gpio_core_1/Not_Dual.INPUT_DOUBLE_REGS3/GENERATE_LEVEL_P_S_CDC.MULTI_BIT.FOR_IN_cdc_to[29].CROSS2_PLEVEL_IN2SCNDRY_IN_cdc_to/C

Slack:                    inf
  Source:                 design_1_i/vedic_mult_64x64_par_0/inst/mult_res_reg[81]/C
                            (rising edge-triggered cell FDRE clocked by clk_pl_0  {rise@0.000ns fall@1.666ns period=3.333ns})
  Destination:            design_1_i/axi_gpio_2/U0/gpio_core_1/Not_Dual.INPUT_DOUBLE_REGS3/GENERATE_LEVEL_P_S_CDC.MULTI_BIT.FOR_IN_cdc_to[17].CROSS2_PLEVEL_IN2SCNDRY_IN_cdc_to/D
                            (rising edge-triggered cell FDRE clocked by clk_pl_0  {rise@0.000ns fall@1.666ns period=3.333ns})
  Path Group:             (none)
  Path Type:              Hold (Min at Fast Process Corner)
  Data Path Delay:        0.142ns  (logic 0.084ns (59.155%)  route 0.058ns (40.845%))
  Logic Levels:           0  
  Clock Path Skew:        0.150ns (DCD - SCD - CPR)
    Destination Clock Delay (DCD):    1.602ns
    Source Clock Delay      (SCD):    1.452ns
    Clock Pessimism Removal (CPR):    -0.000ns
  Clock Uncertainty:      0.104ns  ((TSJ^2 + DJ^2)^1/2) / 2 + PE
    Total System Jitter     (TSJ):    0.071ns
    Discrete Jitter          (DJ):    0.195ns
    Phase Error              (PE):    0.000ns
  Clock Net Delay (Source):      1.301ns (routing 0.572ns, distribution 0.729ns)
  Clock Net Delay (Destination): 1.415ns (routing 0.623ns, distribution 0.792ns)
  Timing Exception:       False Path

    Location             Delay type                Incr(ns)  Path(ns)    Netlist Resource(s)
  -------------------------------------------------------------------    -------------------
                         (clock clk_pl_0 rise edge)
                                                      0.000     0.000 r  
    PS8_X0Y0             PS8                          0.000     0.000 r  design_1_i/zynq_ultra_ps_e_0/inst/PS8_i/PLCLK[0]
                         net (fo=1, routed)           0.129     0.129    design_1_i/zynq_ultra_ps_e_0/inst/pl_clk_unbuffered[0]
    BUFG_PS_X0Y80        BUFG_PS (Prop_BUFG_PS_I_O)
                                                      0.022     0.151 r  design_1_i/zynq_ultra_ps_e_0/inst/buffer_pl_clk_0.PL_CLK_0_BUFG/O
    X0Y1 (CLOCK_ROOT)    net (fo=23506, routed)       1.301     1.452    design_1_i/vedic_mult_64x64_par_0/inst/clk
    SLICE_X6Y50          FDRE                                         r  design_1_i/vedic_mult_64x64_par_0/inst/mult_res_reg[81]/C
  -------------------------------------------------------------------    -------------------
    SLICE_X6Y50          FDRE (Prop_HFF_SLICEL_C_Q)
                                                      0.084     1.536 r  design_1_i/vedic_mult_64x64_par_0/inst/mult_res_reg[81]/Q
                         net (fo=1, routed)           0.058     1.594    design_1_i/axi_gpio_2/U0/gpio_core_1/Not_Dual.INPUT_DOUBLE_REGS3/gpio_io_i[17]
    SLICE_X6Y49          FDRE                                         r  design_1_i/axi_gpio_2/U0/gpio_core_1/Not_Dual.INPUT_DOUBLE_REGS3/GENERATE_LEVEL_P_S_CDC.MULTI_BIT.FOR_IN_cdc_to[17].CROSS2_PLEVEL_IN2SCNDRY_IN_cdc_to/D
  -------------------------------------------------------------------    -------------------

                         (clock clk_pl_0 rise edge)
                                                      0.000     0.000 r  
    PS8_X0Y0             PS8                          0.000     0.000 r  design_1_i/zynq_ultra_ps_e_0/inst/PS8_i/PLCLK[0]
                         net (fo=1, routed)           0.164     0.164    design_1_i/zynq_ultra_ps_e_0/inst/pl_clk_unbuffered[0]
    BUFG_PS_X0Y80        BUFG_PS (Prop_BUFG_PS_I_O)
                                                      0.023     0.187 r  design_1_i/zynq_ultra_ps_e_0/inst/buffer_pl_clk_0.PL_CLK_0_BUFG/O
    X0Y1 (CLOCK_ROOT)    net (fo=23506, routed)       1.415     1.602    design_1_i/axi_gpio_2/U0/gpio_core_1/Not_Dual.INPUT_DOUBLE_REGS3/s_axi_aclk
    SLICE_X6Y49          FDRE                                         r  design_1_i/axi_gpio_2/U0/gpio_core_1/Not_Dual.INPUT_DOUBLE_REGS3/GENERATE_LEVEL_P_S_CDC.MULTI_BIT.FOR_IN_cdc_to[17].CROSS2_PLEVEL_IN2SCNDRY_IN_cdc_to/C





