#-----------------------------------------------------------
# Vivado v2023.2 (64-bit)
# SW Build 4029153 on Fri Oct 13 20:13:54 MDT 2023
# IP Build 4028589 on Sat Oct 14 00:45:43 MDT 2023
# SharedData Build 4025554 on Tue Oct 10 17:18:54 MDT 2023
# Start of session at: Wed Feb 11 01:39:31 2026
# Process ID: 3328112
# Current directory: /home/jgaitan/Documents/proyecto_1_borrador
# Command line: vivado
# Log file: /home/jgaitan/Documents/proyecto_1_borrador/vivado.log
# Journal file: /home/jgaitan/Documents/proyecto_1_borrador/vivado.jou
# Running On: 73bff328fa37, OS: Linux, CPU Frequency: 900.138 MHz, CPU Physical cores: 4, Host memory: 33330 MB
#-----------------------------------------------------------
start_gui
WARNING: [Board 49-26] cannot add Board Part xilinx.com:vek280_es:part0:1.0 available at /tools/Xilinx-2023.2/Vivado/2023.2/data/xhub/boards/XilinxBoardStore/boards/Xilinx/vek280/es/rev_a/1.0/board.xml as part xcve2802-vsvh1760-2lp-e-s-es1 specified in board_part file is either invalid or not available
WARNING: [Board 49-26] cannot add Board Part xilinx.com:vek280_es:part0:1.1 available at /tools/Xilinx-2023.2/Vivado/2023.2/data/xhub/boards/XilinxBoardStore/boards/Xilinx/vek280/es/rev_a/1.1/board.xml as part xcve2802-vsvh1760-2lp-e-s-es1 specified in board_part file is either invalid or not available
WARNING: [Board 49-26] cannot add Board Part xilinx.com:vek280_es_revb:part0:1.0 available at /tools/Xilinx-2023.2/Vivado/2023.2/data/xhub/boards/XilinxBoardStore/boards/Xilinx/vek280/es/rev_b/1.0/board.xml as part xcve2802-vsvh1760-2mp-e-s-es1 specified in board_part file is either invalid or not available
WARNING: [Board 49-26] cannot add Board Part xilinx.com:vek280_es_revb:part0:1.1 available at /tools/Xilinx-2023.2/Vivado/2023.2/data/xhub/boards/XilinxBoardStore/boards/Xilinx/vek280/es/rev_b/1.1/board.xml as part xcve2802-vsvh1760-2mp-e-s-es1 specified in board_part file is either invalid or not available
WARNING: [Board 49-26] cannot add Board Part xilinx.com:vhk158_es:part0:1.0 available at /tools/Xilinx-2023.2/Vivado/2023.2/data/xhub/boards/XilinxBoardStore/boards/Xilinx/vhk158/es/1.0/board.xml as part xcvh1582-vsva3697-2mp-e-s-es1 specified in board_part file is either invalid or not available
WARNING: [Board 49-26] cannot add Board Part xilinx.com:vhk158_es:part0:1.1 available at /tools/Xilinx-2023.2/Vivado/2023.2/data/xhub/boards/XilinxBoardStore/boards/Xilinx/vhk158/es/1.1/board.xml as part xcvh1582-vsva3697-2mp-e-s-es1 specified in board_part file is either invalid or not available
WARNING: [Board 49-26] cannot add Board Part xilinx.com:zcu208ld:part0:2.0 available at /tools/Xilinx-2023.2/Vivado/2023.2/data/xhub/boards/XilinxBoardStore/boards/Xilinx/zcu208ld/production/2.0/board.xml as part xczu58dr-fsvg1517-2-i specified in board_part file is either invalid or not available
WARNING: [Board 49-26] cannot add Board Part xilinx.com:zcu216ld:part0:2.0 available at /tools/Xilinx-2023.2/Vivado/2023.2/data/xhub/boards/XilinxBoardStore/boards/Xilinx/zcu216ld/production/2.0/board.xml as part xczu59dr-ffvf1760-2-i specified in board_part file is either invalid or not available
WARNING: [Board 49-26] cannot add Board Part xilinx.com:zcu670:part0:2.0 available at /tools/Xilinx-2023.2/Vivado/2023.2/data/xhub/boards/XilinxBoardStore/boards/Xilinx/zcu670/2.0/board.xml as part xczu67dr-fsve1156-2-i specified in board_part file is either invalid or not available
WARNING: [Board 49-26] cannot add Board Part xilinx.com:zcu670ld:part0:1.0 available at /tools/Xilinx-2023.2/Vivado/2023.2/data/xhub/boards/XilinxBoardStore/boards/Xilinx/zcu670ld/1.0/board.xml as part xczu57dr-fsve1156-2-i specified in board_part file is either invalid or not available
WARNING: [Board 49-26] cannot add Board Part xilinx.com:vek280_es:part0:1.0 available at /tools/Xilinx-2023.2/Vivado/2023.2/data/xhub/boards/XilinxBoardStore/boards/Xilinx/vek280/es/rev_a/1.0/board.xml as part xcve2802-vsvh1760-2lp-e-s-es1 specified in board_part file is either invalid or not available
WARNING: [Board 49-26] cannot add Board Part xilinx.com:vek280_es:part0:1.1 available at /tools/Xilinx-2023.2/Vivado/2023.2/data/xhub/boards/XilinxBoardStore/boards/Xilinx/vek280/es/rev_a/1.1/board.xml as part xcve2802-vsvh1760-2lp-e-s-es1 specified in board_part file is either invalid or not available
WARNING: [Board 49-26] cannot add Board Part xilinx.com:vek280_es_revb:part0:1.0 available at /tools/Xilinx-2023.2/Vivado/2023.2/data/xhub/boards/XilinxBoardStore/boards/Xilinx/vek280/es/rev_b/1.0/board.xml as part xcve2802-vsvh1760-2mp-e-s-es1 specified in board_part file is either invalid or not available
WARNING: [Board 49-26] cannot add Board Part xilinx.com:vek280_es_revb:part0:1.1 available at /tools/Xilinx-2023.2/Vivado/2023.2/data/xhub/boards/XilinxBoardStore/boards/Xilinx/vek280/es/rev_b/1.1/board.xml as part xcve2802-vsvh1760-2mp-e-s-es1 specified in board_part file is either invalid or not available
WARNING: [Board 49-26] cannot add Board Part xilinx.com:vhk158_es:part0:1.0 available at /tools/Xilinx-2023.2/Vivado/2023.2/data/xhub/boards/XilinxBoardStore/boards/Xilinx/vhk158/es/1.0/board.xml as part xcvh1582-vsva3697-2mp-e-s-es1 specified in board_part file is either invalid or not available
WARNING: [Board 49-26] cannot add Board Part xilinx.com:vhk158_es:part0:1.1 available at /tools/Xilinx-2023.2/Vivado/2023.2/data/xhub/boards/XilinxBoardStore/boards/Xilinx/vhk158/es/1.1/board.xml as part xcvh1582-vsva3697-2mp-e-s-es1 specified in board_part file is either invalid or not available
WARNING: [Board 49-26] cannot add Board Part xilinx.com:zcu208ld:part0:2.0 available at /tools/Xilinx-2023.2/Vivado/2023.2/data/xhub/boards/XilinxBoardStore/boards/Xilinx/zcu208ld/production/2.0/board.xml as part xczu58dr-fsvg1517-2-i specified in board_part file is either invalid or not available
WARNING: [Board 49-26] cannot add Board Part xilinx.com:zcu216ld:part0:2.0 available at /tools/Xilinx-2023.2/Vivado/2023.2/data/xhub/boards/XilinxBoardStore/boards/Xilinx/zcu216ld/production/2.0/board.xml as part xczu59dr-ffvf1760-2-i specified in board_part file is either invalid or not available
WARNING: [Board 49-26] cannot add Board Part xilinx.com:zcu670:part0:2.0 available at /tools/Xilinx-2023.2/Vivado/2023.2/data/xhub/boards/XilinxBoardStore/boards/Xilinx/zcu670/2.0/board.xml as part xczu67dr-fsve1156-2-i specified in board_part file is either invalid or not available
WARNING: [Board 49-26] cannot add Board Part xilinx.com:zcu670ld:part0:1.0 available at /tools/Xilinx-2023.2/Vivado/2023.2/data/xhub/boards/XilinxBoardStore/boards/Xilinx/zcu670ld/1.0/board.xml as part xczu57dr-fsve1156-2-i specified in board_part file is either invalid or not available
WARNING: [Board 49-26] cannot add Board Part xilinx.com:vek280_es:part0:1.0 available at /tools/Xilinx-2023.2/Vivado/2023.2/data/xhub/boards/XilinxBoardStore/boards/Xilinx/vek280/es/rev_a/1.0/board.xml as part xcve2802-vsvh1760-2lp-e-s-es1 specified in board_part file is either invalid or not available
WARNING: [Board 49-26] cannot add Board Part xilinx.com:vek280_es:part0:1.1 available at /tools/Xilinx-2023.2/Vivado/2023.2/data/xhub/boards/XilinxBoardStore/boards/Xilinx/vek280/es/rev_a/1.1/board.xml as part xcve2802-vsvh1760-2lp-e-s-es1 specified in board_part file is either invalid or not available
WARNING: [Board 49-26] cannot add Board Part xilinx.com:vek280_es_revb:part0:1.0 available at /tools/Xilinx-2023.2/Vivado/2023.2/data/xhub/boards/XilinxBoardStore/boards/Xilinx/vek280/es/rev_b/1.0/board.xml as part xcve2802-vsvh1760-2mp-e-s-es1 specified in board_part file is either invalid or not available
WARNING: [Board 49-26] cannot add Board Part xilinx.com:vek280_es_revb:part0:1.1 available at /tools/Xilinx-2023.2/Vivado/2023.2/data/xhub/boards/XilinxBoardStore/boards/Xilinx/vek280/es/rev_b/1.1/board.xml as part xcve2802-vsvh1760-2mp-e-s-es1 specified in board_part file is either invalid or not available
WARNING: [Board 49-26] cannot add Board Part xilinx.com:vhk158_es:part0:1.0 available at /tools/Xilinx-2023.2/Vivado/2023.2/data/xhub/boards/XilinxBoardStore/boards/Xilinx/vhk158/es/1.0/board.xml as part xcvh1582-vsva3697-2mp-e-s-es1 specified in board_part file is either invalid or not available
WARNING: [Board 49-26] cannot add Board Part xilinx.com:vhk158_es:part0:1.1 available at /tools/Xilinx-2023.2/Vivado/2023.2/data/xhub/boards/XilinxBoardStore/boards/Xilinx/vhk158/es/1.1/board.xml as part xcvh1582-vsva3697-2mp-e-s-es1 specified in board_part file is either invalid or not available
WARNING: [Board 49-26] cannot add Board Part xilinx.com:zcu208ld:part0:2.0 available at /tools/Xilinx-2023.2/Vivado/2023.2/data/xhub/boards/XilinxBoardStore/boards/Xilinx/zcu208ld/production/2.0/board.xml as part xczu58dr-fsvg1517-2-i specified in board_part file is either invalid or not available
WARNING: [Board 49-26] cannot add Board Part xilinx.com:zcu216ld:part0:2.0 available at /tools/Xilinx-2023.2/Vivado/2023.2/data/xhub/boards/XilinxBoardStore/boards/Xilinx/zcu216ld/production/2.0/board.xml as part xczu59dr-ffvf1760-2-i specified in board_part file is either invalid or not available
WARNING: [Board 49-26] cannot add Board Part xilinx.com:zcu670:part0:2.0 available at /tools/Xilinx-2023.2/Vivado/2023.2/data/xhub/boards/XilinxBoardStore/boards/Xilinx/zcu670/2.0/board.xml as part xczu67dr-fsve1156-2-i specified in board_part file is either invalid or not available
WARNING: [Board 49-26] cannot add Board Part xilinx.com:zcu670ld:part0:1.0 available at /tools/Xilinx-2023.2/Vivado/2023.2/data/xhub/boards/XilinxBoardStore/boards/Xilinx/zcu670ld/1.0/board.xml as part xczu57dr-fsve1156-2-i specified in board_part file is either invalid or not available
WARNING: [Board 49-26] cannot add Board Part xilinx.com:vek280_es:part0:1.1 available at /tools/Xilinx-2023.2/Vivado/2023.2/data/xhub/boards/XilinxBoardStore/boards/Xilinx/vek280/es/rev_a/1.1/board.xml as part xcve2802-vsvh1760-2lp-e-s-es1 specified in board_part file is either invalid or not available
WARNING: [Board 49-26] cannot add Board Part xilinx.com:vek280_es_revb:part0:1.1 available at /tools/Xilinx-2023.2/Vivado/2023.2/data/xhub/boards/XilinxBoardStore/boards/Xilinx/vek280/es/rev_b/1.1/board.xml as part xcve2802-vsvh1760-2mp-e-s-es1 specified in board_part file is either invalid or not available
WARNING: [Board 49-26] cannot add Board Part xilinx.com:vhk158_es:part0:1.1 available at /tools/Xilinx-2023.2/Vivado/2023.2/data/xhub/boards/XilinxBoardStore/boards/Xilinx/vhk158/es/1.1/board.xml as part xcvh1582-vsva3697-2mp-e-s-es1 specified in board_part file is either invalid or not available
WARNING: [Board 49-26] cannot add Board Part xilinx.com:zcu208ld:part0:2.0 available at /tools/Xilinx-2023.2/Vivado/2023.2/data/xhub/boards/XilinxBoardStore/boards/Xilinx/zcu208ld/production/2.0/board.xml as part xczu58dr-fsvg1517-2-i specified in board_part file is either invalid or not available
WARNING: [Board 49-26] cannot add Board Part xilinx.com:zcu216ld:part0:2.0 available at /tools/Xilinx-2023.2/Vivado/2023.2/data/xhub/boards/XilinxBoardStore/boards/Xilinx/zcu216ld/production/2.0/board.xml as part xczu59dr-ffvf1760-2-i specified in board_part file is either invalid or not available
WARNING: [Board 49-26] cannot add Board Part xilinx.com:zcu670:part0:2.0 available at /tools/Xilinx-2023.2/Vivado/2023.2/data/xhub/boards/XilinxBoardStore/boards/Xilinx/zcu670/2.0/board.xml as part xczu67dr-fsve1156-2-i specified in board_part file is either invalid or not available
WARNING: [Board 49-26] cannot add Board Part xilinx.com:zcu670ld:part0:1.0 available at /tools/Xilinx-2023.2/Vivado/2023.2/data/xhub/boards/XilinxBoardStore/boards/Xilinx/zcu670ld/1.0/board.xml as part xczu57dr-fsve1156-2-i specified in board_part file is either invalid or not available
create_project project_1 /home/jgaitan/Documents/proyecto_1_borrador/project_1 -part xck26-sfvc784-2LV-c
INFO: [IP_Flow 19-234] Refreshing IP repositories
INFO: [IP_Flow 19-1704] No user IP repositories specified
INFO: [IP_Flow 19-2313] Loaded Vivado IP repository '/tools/Xilinx-2023.2/Vivado/2023.2/data/ip'.
create_project: Time (s): cpu = 00:00:10 ; elapsed = 00:00:08 . Memory (MB): peak = 7793.668 ; gain = 151.641 ; free physical = 17954 ; free virtual = 30932
set_property board_part xilinx.com:kv260_som:part0:1.4 [current_project]
add_files -norecurse /home/jgaitan/Documents/proyecto_1_borrador/single_cycle_multiplier.v
update_compile_order -fileset sources_1
create_bd_design "design_1"
Wrote  : </home/jgaitan/Documents/proyecto_1_borrador/project_1/project_1.srcs/sources_1/bd/design_1/design_1.bd> 
create_bd_design: Time (s): cpu = 00:00:05 ; elapsed = 00:00:07 . Memory (MB): peak = 7896.750 ; gain = 69.996 ; free physical = 17802 ; free virtual = 30883
update_compile_order -fileset sources_1
startgroup
create_bd_cell -type ip -vlnv xilinx.com:ip:zynq_ultra_ps_e:3.5 zynq_ultra_ps_e_0
create_bd_cell: Time (s): cpu = 00:00:04 ; elapsed = 00:00:05 . Memory (MB): peak = 8119.375 ; gain = 171.609 ; free physical = 17620 ; free virtual = 30722
endgroup
startgroup
create_bd_cell -type ip -vlnv xilinx.com:ip:axi_gpio:2.0 axi_gpio_0
endgroup
apply_bd_automation -rule xilinx.com:bd_rule:zynq_ultra_ps_e -config {apply_board_preset "1" }  [get_bd_cells zynq_ultra_ps_e_0]
startgroup
apply_bd_automation -rule xilinx.com:bd_rule:board -config { Manual_Source {Auto}}  [get_bd_intf_pins axi_gpio_0/GPIO]
INFO: [BoardRule 102-8] create_bd_intf_port -mode Master -vlnv xilinx.com:interface:gpio_rtl:1.0 gpio_rtl
INFO: [BoardRule 102-9] connect_bd_intf_net /gpio_rtl /axi_gpio_0/GPIO
WARNING: [BoardRule 102-1] Board automation did not generate location constraint for /axi_gpio_0/GPIO. Users may need to specify the location constraint manually.
apply_bd_automation -rule xilinx.com:bd_rule:axi4 -config { Clk_master {Auto} Clk_slave {Auto} Clk_xbar {Auto} Master {/zynq_ultra_ps_e_0/M_AXI_HPM0_FPD} Slave {/axi_gpio_0/S_AXI} ddr_seg {Auto} intc_ip {New AXI Interconnect} master_apm {0}}  [get_bd_intf_pins axi_gpio_0/S_AXI]
INFO: [Ipptcl 7-1463] No Compatible Board Interface found. Board Tab not created in customize GUI
Slave segment '/axi_gpio_0/S_AXI/Reg' is being assigned into address space '/zynq_ultra_ps_e_0/Data' at <0xA000_0000 [ 64K ]>.
endgroup
apply_bd_automation -rule xilinx.com:bd_rule:axi4 -config { Clk_master {Auto} Clk_slave {/zynq_ultra_ps_e_0/pl_clk0 (99 MHz)} Clk_xbar {/zynq_ultra_ps_e_0/pl_clk0 (99 MHz)} Master {/zynq_ultra_ps_e_0/M_AXI_HPM1_FPD} Slave {/axi_gpio_0/S_AXI} ddr_seg {Auto} intc_ip {/ps8_0_axi_periph} master_apm {0}}  [get_bd_intf_pins zynq_ultra_ps_e_0/M_AXI_HPM1_FPD]
delete_bd_objs [get_bd_intf_nets axi_gpio_0_GPIO] [get_bd_intf_ports gpio_rtl]
make_wrapper -files [get_files /home/jgaitan/Documents/proyecto_1_borrador/project_1/project_1.srcs/sources_1/bd/design_1/design_1.bd] -top
WARNING: [BD 41-237] Bus Interface property AWUSER_WIDTH does not match between /ps8_0_axi_periph/s00_couplers/auto_ds/S_AXI(0) and /zynq_ultra_ps_e_0/M_AXI_HPM0_FPD(16)
WARNING: [BD 41-237] Bus Interface property ARUSER_WIDTH does not match between /ps8_0_axi_periph/s00_couplers/auto_ds/S_AXI(0) and /zynq_ultra_ps_e_0/M_AXI_HPM0_FPD(16)
WARNING: [BD 41-237] Bus Interface property AWUSER_WIDTH does not match between /ps8_0_axi_periph/s01_couplers/auto_ds/S_AXI(0) and /zynq_ultra_ps_e_0/M_AXI_HPM1_FPD(16)
WARNING: [BD 41-237] Bus Interface property ARUSER_WIDTH does not match between /ps8_0_axi_periph/s01_couplers/auto_ds/S_AXI(0) and /zynq_ultra_ps_e_0/M_AXI_HPM1_FPD(16)
Wrote  : </home/jgaitan/Documents/proyecto_1_borrador/project_1/project_1.srcs/sources_1/bd/design_1/design_1.bd> 
Wrote  : </home/jgaitan/Documents/proyecto_1_borrador/project_1/project_1.srcs/sources_1/bd/design_1/ui/bd_1f5defd0.ui> 
Verilog Output written to : /home/jgaitan/Documents/proyecto_1_borrador/project_1/project_1.gen/sources_1/bd/design_1/synth/design_1.v
Verilog Output written to : /home/jgaitan/Documents/proyecto_1_borrador/project_1/project_1.gen/sources_1/bd/design_1/sim/design_1.v
Verilog Output written to : /home/jgaitan/Documents/proyecto_1_borrador/project_1/project_1.gen/sources_1/bd/design_1/hdl/design_1_wrapper.v
make_wrapper: Time (s): cpu = 00:00:05 ; elapsed = 00:00:07 . Memory (MB): peak = 8386.930 ; gain = 212.457 ; free physical = 17397 ; free virtual = 30531
add_files -norecurse /home/jgaitan/Documents/proyecto_1_borrador/project_1/project_1.gen/sources_1/bd/design_1/hdl/design_1_wrapper.v
update_compile_order -fileset sources_1
set_property top design_1_wrapper [current_fileset]
update_compile_order -fileset sources_1
apply_bd_automation -rule xilinx.com:bd_rule:board -config { Manual_Source {Auto}}  [get_bd_intf_pins axi_gpio_0/GPIO]
INFO: [BoardRule 102-8] create_bd_intf_port -mode Master -vlnv xilinx.com:interface:gpio_rtl:1.0 gpio_rtl
INFO: [BoardRule 102-9] connect_bd_intf_net /gpio_rtl /axi_gpio_0/GPIO
WARNING: [BoardRule 102-1] Board automation did not generate location constraint for /axi_gpio_0/GPIO. Users may need to specify the location constraint manually.
create_bd_cell -type module -reference single_cycle_multiplier single_cycle_multipl_0
delete_bd_objs [get_bd_intf_nets axi_gpio_0_GPIO] [get_bd_intf_ports gpio_rtl]
INFO: [Ipptcl 7-1463] No Compatible Board Interface found. Board Tab not created in customize GUI
INFO: [Ipptcl 7-1463] No Compatible Board Interface found. Board Tab not created in customize GUI
INFO: [Ipptcl 7-1463] No Compatible Board Interface found. Board Tab not created in customize GUI
delete_bd_objs [get_bd_cells single_cycle_multipl_0]
create_bd_cell -type module -reference single_cycle_multiplier single_cycle_multipl_0
add_files -norecurse /home/jgaitan/Documents/proyecto_1_borrador/128to32_spliter.v
update_compile_order -fileset sources_1
WARNING: [filemgmt 56-199] Attempt to get parsing info during refresh. "On-the-fly" syntax checking information may be incorrect. [/home/jgaitan/Documents/proyecto_1_borrador/single_cycle_multiplier.v:]
WARNING: [filemgmt 56-199] Attempt to get parsing info during refresh. "On-the-fly" syntax checking information may be incorrect. [/home/jgaitan/Documents/proyecto_1_borrador/128to32_spliter.v:]
update_module_reference {design_1_single_cycle_multipl_0_0 design_1_single_cycle_multipl_0_1}
Upgrading '/home/jgaitan/Documents/proyecto_1_borrador/project_1/project_1.srcs/sources_1/bd/design_1/design_1.bd'
INFO: [IP_Flow 19-3420] Updated design_1_single_cycle_multipl_0_1 to use current project options
Wrote  : </home/jgaitan/Documents/proyecto_1_borrador/project_1/project_1.srcs/sources_1/bd/design_1/design_1.bd> 
Wrote  : </home/jgaitan/Documents/proyecto_1_borrador/project_1/project_1.srcs/sources_1/bd/design_1/ui/bd_1f5defd0.ui> 
update_compile_order -fileset sources_1
WARNING: [filemgmt 56-199] Attempt to get parsing info during refresh. "On-the-fly" syntax checking information may be incorrect. [/home/jgaitan/Documents/proyecto_1_borrador/single_cycle_multiplier.v:]
WARNING: [filemgmt 56-199] Attempt to get parsing info during refresh. "On-the-fly" syntax checking information may be incorrect. [/home/jgaitan/Documents/proyecto_1_borrador/128to32_spliter.v:]
create_bd_cell -type module -reference spliter_128to32 spliter_128to32_0
connect_bd_net [get_bd_pins single_cycle_multipl_0/product] [get_bd_pins spliter_128to32_0/product]
INFO: [Ipptcl 7-1463] No Compatible Board Interface found. Board Tab not created in customize GUI
startgroup
set_property CONFIG.C_IS_DUAL {1} [get_bd_cells axi_gpio_0]
endgroup
startgroup
connect_bd_net [get_bd_pins spliter_128to32_0/product_0] [get_bd_pins axi_gpio_0/gpio_io_i]
WARNING: [BD 41-1306] The connection to interface pin </axi_gpio_0/gpio_io_i> is being overridden by the user with net <spliter_128to32_0_product_0>. This pin will not be connected as a part of interface connection <GPIO>.
endgroup
connect_bd_net [get_bd_pins spliter_128to32_0/product_1] [get_bd_pins axi_gpio_0/gpio2_io_i]
WARNING: [BD 41-1306] The connection to interface pin </axi_gpio_0/gpio2_io_i> is being overridden by the user with net <spliter_128to32_0_product_1>. This pin will not be connected as a part of interface connection <GPIO2>.
INFO: [Ipptcl 7-1463] No Compatible Board Interface found. Board Tab not created in customize GUI
WARNING: [filemgmt 56-199] Attempt to get parsing info during refresh. "On-the-fly" syntax checking information may be incorrect. [/home/jgaitan/Documents/proyecto_1_borrador/single_cycle_multiplier.v:]
WARNING: [filemgmt 56-199] Attempt to get parsing info during refresh. "On-the-fly" syntax checking information may be incorrect. [/home/jgaitan/Documents/proyecto_1_borrador/128to32_spliter.v:]
update_module_reference design_1_spliter_128to32_0_0
ERROR: [filemgmt 56-587] Failed to resolve reference. Nothing was found in the project to match the name spliter_128to32 Try changing the compile order from manual to automatic. 
ERROR: [Common 17-39] 'update_module_reference' failed due to earlier errors.
delete_bd_objs [get_bd_nets spliter_128to32_0_product_0] [get_bd_nets spliter_128to32_0_product_1] [get_bd_nets single_cycle_multipl_0_product] [get_bd_cells spliter_128to32_0]
create_bd_cell -type module -reference product_mux_2gpio product_mux_2gpio_0
delete_bd_objs [get_bd_cells product_mux_2gpio_0]
WARNING: [filemgmt 56-199] Attempt to get parsing info during refresh. "On-the-fly" syntax checking information may be incorrect. [/home/jgaitan/Documents/proyecto_1_borrador/single_cycle_multiplier.v:]
WARNING: [filemgmt 56-199] Attempt to get parsing info during refresh. "On-the-fly" syntax checking information may be incorrect. [/home/jgaitan/Documents/proyecto_1_borrador/128to32_spliter.v:]
update_module_reference design_1_product_mux_2gpio_0_0
ERROR: [filemgmt 56-587] Failed to resolve reference. Nothing was found in the project to match the name product_mux_2gpio Try changing the compile order from manual to automatic. 
ERROR: [Common 17-39] 'update_module_reference' failed due to earlier errors.
startgroup
create_bd_cell -type ip -vlnv xilinx.com:ip:axi_gpio:2.0 axi_gpio_1
endgroup
startgroup
apply_bd_automation -rule xilinx.com:bd_rule:board -config { Manual_Source {Auto}}  [get_bd_intf_pins axi_gpio_1/GPIO]
INFO: [BoardRule 102-8] create_bd_intf_port -mode Master -vlnv xilinx.com:interface:gpio_rtl:1.0 gpio_rtl
INFO: [BoardRule 102-9] connect_bd_intf_net /gpio_rtl /axi_gpio_1/GPIO
WARNING: [BoardRule 102-1] Board automation did not generate location constraint for /axi_gpio_1/GPIO. Users may need to specify the location constraint manually.
apply_bd_automation -rule xilinx.com:bd_rule:axi4 -config { Clk_master {/zynq_ultra_ps_e_0/pl_clk0 (99 MHz)} Clk_slave {Auto} Clk_xbar {/zynq_ultra_ps_e_0/pl_clk0 (99 MHz)} Master {/zynq_ultra_ps_e_0/M_AXI_HPM0_FPD} Slave {/axi_gpio_1/S_AXI} ddr_seg {Auto} intc_ip {/ps8_0_axi_periph} master_apm {0}}  [get_bd_intf_pins axi_gpio_1/S_AXI]
Slave segment '/axi_gpio_1/S_AXI/Reg' is being assigned into address space '/zynq_ultra_ps_e_0/Data' at <0xA001_0000 [ 64K ]>.
endgroup
delete_bd_objs [get_bd_intf_nets axi_gpio_1_GPIO] [get_bd_intf_ports gpio_rtl]
INFO: [Ipptcl 7-1463] No Compatible Board Interface found. Board Tab not created in customize GUI
startgroup
set_property CONFIG.C_IS_DUAL {1} [get_bd_cells axi_gpio_1]
endgroup
set_property location {3 1210 -258} [get_bd_cells single_cycle_multipl_0]
create_bd_cell -type module -reference spliter_128to32 spliter_128to32_0
connect_bd_net [get_bd_pins single_cycle_multipl_0/product] [get_bd_pins spliter_128to32_0/product]
connect_bd_net [get_bd_pins spliter_128to32_0/product_0] [get_bd_pins axi_gpio_0/gpio_io_i]
WARNING: [BD 41-1306] The connection to interface pin </axi_gpio_0/gpio_io_i> is being overridden by the user with net <spliter_128to32_0_product_0>. This pin will not be connected as a part of interface connection <GPIO>.
connect_bd_net [get_bd_pins spliter_128to32_0/product_1] [get_bd_pins axi_gpio_1/gpio_io_i]
WARNING: [BD 41-1306] The connection to interface pin </axi_gpio_1/gpio_io_i> is being overridden by the user with net <spliter_128to32_0_product_1>. This pin will not be connected as a part of interface connection <GPIO>.
connect_bd_net [get_bd_pins spliter_128to32_0/product_2] [get_bd_pins axi_gpio_0/gpio2_io_i]
WARNING: [BD 41-1306] The connection to interface pin </axi_gpio_0/gpio2_io_i> is being overridden by the user with net <spliter_128to32_0_product_2>. This pin will not be connected as a part of interface connection <GPIO2>.
connect_bd_net [get_bd_pins spliter_128to32_0/product_3] [get_bd_pins axi_gpio_1/gpio2_io_i]
WARNING: [BD 41-1306] The connection to interface pin </axi_gpio_1/gpio2_io_i> is being overridden by the user with net <spliter_128to32_0_product_3>. This pin will not be connected as a part of interface connection <GPIO2>.
startgroup
create_bd_cell -type ip -vlnv xilinx.com:ip:xlconcat:2.1 xlconcat_0
endgroup
connect_bd_net [get_bd_pins axi_gpio_0/gpio_io_o] [get_bd_pins xlconcat_0/In0]
WARNING: [BD 41-1306] The connection to interface pin </axi_gpio_0/gpio_io_o> is being overridden by the user with net <axi_gpio_0_gpio_io_o>. This pin will not be connected as a part of interface connection <GPIO>.
connect_bd_net [get_bd_pins axi_gpio_0/gpio2_io_o] [get_bd_pins xlconcat_0/In1]
WARNING: [BD 41-1306] The connection to interface pin </axi_gpio_0/gpio2_io_o> is being overridden by the user with net <axi_gpio_0_gpio2_io_o>. This pin will not be connected as a part of interface connection <GPIO2>.
connect_bd_net [get_bd_pins xlconcat_0/dout] [get_bd_pins single_cycle_multipl_0/a]
startgroup
create_bd_cell -type ip -vlnv xilinx.com:ip:xlconcat:2.1 xlconcat_1
endgroup
connect_bd_net [get_bd_pins axi_gpio_1/gpio_io_o] [get_bd_pins xlconcat_1/In0]
WARNING: [BD 41-1306] The connection to interface pin </axi_gpio_1/gpio_io_o> is being overridden by the user with net <axi_gpio_1_gpio_io_o>. This pin will not be connected as a part of interface connection <GPIO>.
connect_bd_net [get_bd_pins axi_gpio_1/gpio2_io_o] [get_bd_pins xlconcat_1/In1]
WARNING: [BD 41-1306] The connection to interface pin </axi_gpio_1/gpio2_io_o> is being overridden by the user with net <axi_gpio_1_gpio2_io_o>. This pin will not be connected as a part of interface connection <GPIO2>.
connect_bd_net [get_bd_pins xlconcat_1/dout] [get_bd_pins single_cycle_multipl_0/b]
regenerate_bd_layout
validate_bd_design
WARNING: [BD 41-237] Bus Interface property AWUSER_WIDTH does not match between /ps8_0_axi_periph/s00_couplers/auto_ds/S_AXI(0) and /zynq_ultra_ps_e_0/M_AXI_HPM0_FPD(16)
WARNING: [BD 41-237] Bus Interface property ARUSER_WIDTH does not match between /ps8_0_axi_periph/s00_couplers/auto_ds/S_AXI(0) and /zynq_ultra_ps_e_0/M_AXI_HPM0_FPD(16)
WARNING: [BD 41-237] Bus Interface property AWUSER_WIDTH does not match between /ps8_0_axi_periph/s01_couplers/auto_ds/S_AXI(0) and /zynq_ultra_ps_e_0/M_AXI_HPM1_FPD(16)
WARNING: [BD 41-237] Bus Interface property ARUSER_WIDTH does not match between /ps8_0_axi_periph/s01_couplers/auto_ds/S_AXI(0) and /zynq_ultra_ps_e_0/M_AXI_HPM1_FPD(16)
save_bd_design
Wrote  : </home/jgaitan/Documents/proyecto_1_borrador/project_1/project_1.srcs/sources_1/bd/design_1/design_1.bd> 
Wrote  : </home/jgaitan/Documents/proyecto_1_borrador/project_1/project_1.srcs/sources_1/bd/design_1/ui/bd_1f5defd0.ui> 
update_compile_order -fileset sources_1
WARNING: [filemgmt 56-199] Attempt to get parsing info during refresh. "On-the-fly" syntax checking information may be incorrect. [/home/jgaitan/Documents/proyecto_1_borrador/single_cycle_multiplier.v:]
WARNING: [filemgmt 56-199] Attempt to get parsing info during refresh. "On-the-fly" syntax checking information may be incorrect. [/home/jgaitan/Documents/proyecto_1_borrador/128to32_spliter.v:]
WARNING: [IP_Flow 19-474] Invalid Parameter 'Component_Name'
startgroup
set_property -dict [list \
  CONFIG.PSU__CRL_APB__PL0_REF_CTRL__FREQMHZ {300} \
  CONFIG.PSU__FPGA_PL1_ENABLE {0} \
] [get_bd_cells zynq_ultra_ps_e_0]
endgroup
validate_bd_design
WARNING: [BD 41-237] Bus Interface property AWUSER_WIDTH does not match between /ps8_0_axi_periph/s00_couplers/auto_ds/S_AXI(0) and /zynq_ultra_ps_e_0/M_AXI_HPM0_FPD(16)
WARNING: [BD 41-237] Bus Interface property ARUSER_WIDTH does not match between /ps8_0_axi_periph/s00_couplers/auto_ds/S_AXI(0) and /zynq_ultra_ps_e_0/M_AXI_HPM0_FPD(16)
WARNING: [BD 41-237] Bus Interface property AWUSER_WIDTH does not match between /ps8_0_axi_periph/s01_couplers/auto_ds/S_AXI(0) and /zynq_ultra_ps_e_0/M_AXI_HPM1_FPD(16)
WARNING: [BD 41-237] Bus Interface property ARUSER_WIDTH does not match between /ps8_0_axi_periph/s01_couplers/auto_ds/S_AXI(0) and /zynq_ultra_ps_e_0/M_AXI_HPM1_FPD(16)
save_bd_design
Wrote  : </home/jgaitan/Documents/proyecto_1_borrador/project_1/project_1.srcs/sources_1/bd/design_1/design_1.bd> 
Wrote  : </home/jgaitan/Documents/proyecto_1_borrador/project_1/project_1.srcs/sources_1/bd/design_1/ui/bd_1f5defd0.ui> 
generate_target all [get_files /home/jgaitan/Documents/proyecto_1_borrador/project_1/project_1.srcs/sources_1/bd/design_1/design_1.bd]
INFO: [BD 41-1662] The design 'design_1.bd' is already validated. Therefore parameter propagation will not be re-run.
Verilog Output written to : /home/jgaitan/Documents/proyecto_1_borrador/project_1/project_1.gen/sources_1/bd/design_1/synth/design_1.v
Verilog Output written to : /home/jgaitan/Documents/proyecto_1_borrador/project_1/project_1.gen/sources_1/bd/design_1/sim/design_1.v
Verilog Output written to : /home/jgaitan/Documents/proyecto_1_borrador/project_1/project_1.gen/sources_1/bd/design_1/hdl/design_1_wrapper.v
INFO: [IP_Flow 19-234] Refreshing IP repositories
INFO: [IP_Flow 19-1704] No user IP repositories specified
INFO: [xilinx.com:ip:zynq_ultra_ps_e:3.5-0] design_1_zynq_ultra_ps_e_0_0: 
Changes in your design (including the PCW configuration settings) are not automatically exported from Vivado to Xilinx's SDK, Petalinux or Yocto.
This is by design to avoid disrupting existing embedded development efforts. To have any changes of your design taking effect in the embedded software flow please export your
design by going through Vivado's main menu, click on File, then Export finally select Export Hardware, please ensure you click on the Include BitStream option.
The auto-generated HDF file is all you need to import in Xilinx's SDK, Petalinux or Yocto for your changes to be reflected in the Embedded Software Flow.
For more information, please consult PG201, section: Exporting PCW Settings to Embedded Software Flows
INFO: [PSU-0] Address Range of DDR (0x7ff00000 to 0x7fffffff) is reserved by PMU for internal purpose.
INFO: [IP_Flow 19-5611] Unable to find an associated reset port for the interface 'M_AXI_HPM0_FPD'. A default connection has been created.
INFO: [IP_Flow 19-5611] Unable to find an associated reset port for the interface 'M_AXI_HPM1_FPD'. A default connection has been created.
INFO: [BD 41-1029] Generation completed for the IP Integrator block zynq_ultra_ps_e_0 .
INFO: [BD 41-1029] Generation completed for the IP Integrator block axi_gpio_0 .
INFO: [BD 41-1029] Generation completed for the IP Integrator block ps8_0_axi_periph/xbar .
INFO: [BD 41-1029] Generation completed for the IP Integrator block rst_ps8_0_99M .
INFO: [BD 41-1029] Generation completed for the IP Integrator block single_cycle_multipl_0 .
INFO: [BD 41-1029] Generation completed for the IP Integrator block axi_gpio_1 .
INFO: [BD 41-1029] Generation completed for the IP Integrator block spliter_128to32_0 .
INFO: [BD 41-1029] Generation completed for the IP Integrator block xlconcat_0 .
INFO: [BD 41-1029] Generation completed for the IP Integrator block xlconcat_1 .
WARNING: [IP_Flow 19-4994] Overwriting existing constraint file '/home/jgaitan/Documents/proyecto_1_borrador/project_1/project_1.gen/sources_1/bd/design_1/ip/design_1_auto_ds_0/design_1_auto_ds_0_ooc.xdc'
INFO: [IP_Flow 19-5611] Unable to find an associated reset port for the interface 'S_AXI'. A default connection has been created.
INFO: [IP_Flow 19-5611] Unable to find an associated reset port for the interface 'M_AXI'. A default connection has been created.
INFO: [BD 41-1029] Generation completed for the IP Integrator block ps8_0_axi_periph/s00_couplers/auto_ds .
WARNING: [IP_Flow 19-4994] Overwriting existing constraint file '/home/jgaitan/Documents/proyecto_1_borrador/project_1/project_1.gen/sources_1/bd/design_1/ip/design_1_auto_pc_0/design_1_auto_pc_0_ooc.xdc'
INFO: [BD 41-1029] Generation completed for the IP Integrator block ps8_0_axi_periph/s00_couplers/auto_pc .
WARNING: [IP_Flow 19-4994] Overwriting existing constraint file '/home/jgaitan/Documents/proyecto_1_borrador/project_1/project_1.gen/sources_1/bd/design_1/ip/design_1_auto_ds_1/design_1_auto_ds_1_ooc.xdc'
INFO: [IP_Flow 19-5611] Unable to find an associated reset port for the interface 'S_AXI'. A default connection has been created.
INFO: [IP_Flow 19-5611] Unable to find an associated reset port for the interface 'M_AXI'. A default connection has been created.
INFO: [BD 41-1029] Generation completed for the IP Integrator block ps8_0_axi_periph/s01_couplers/auto_ds .
WARNING: [IP_Flow 19-4994] Overwriting existing constraint file '/home/jgaitan/Documents/proyecto_1_borrador/project_1/project_1.gen/sources_1/bd/design_1/ip/design_1_auto_pc_1/design_1_auto_pc_1_ooc.xdc'
INFO: [BD 41-1029] Generation completed for the IP Integrator block ps8_0_axi_periph/s01_couplers/auto_pc .
Exporting to file /home/jgaitan/Documents/proyecto_1_borrador/project_1/project_1.gen/sources_1/bd/design_1/hw_handoff/design_1.hwh
Generated Hardware Definition File /home/jgaitan/Documents/proyecto_1_borrador/project_1/project_1.gen/sources_1/bd/design_1/synth/design_1.hwdef
generate_target: Time (s): cpu = 00:00:19 ; elapsed = 00:00:20 . Memory (MB): peak = 9152.934 ; gain = 19.004 ; free physical = 17031 ; free virtual = 30273
create_ip_run [get_files -of_objects [get_fileset sources_1] /home/jgaitan/Documents/proyecto_1_borrador/project_1/project_1.srcs/sources_1/bd/design_1/design_1.bd]
WARNING: [filemgmt 56-199] Attempt to get parsing info during refresh. "On-the-fly" syntax checking information may be incorrect. [/home/jgaitan/Documents/proyecto_1_borrador/single_cycle_multiplier.v:]
WARNING: [filemgmt 56-199] Attempt to get parsing info during refresh. "On-the-fly" syntax checking information may be incorrect. [/home/jgaitan/Documents/proyecto_1_borrador/128to32_spliter.v:]
launch_runs design_1_auto_ds_0_synth_1
INFO: [IP_Flow 19-6924] IPCACHE: Running cache check for IP inst: design_1_auto_ds_0
WARNING: [filemgmt 56-199] Attempt to get parsing info during refresh. "On-the-fly" syntax checking information may be incorrect. [/home/jgaitan/Documents/proyecto_1_borrador/single_cycle_multiplier.v:]
WARNING: [filemgmt 56-199] Attempt to get parsing info during refresh. "On-the-fly" syntax checking information may be incorrect. [/home/jgaitan/Documents/proyecto_1_borrador/128to32_spliter.v:]
WARNING: [filemgmt 56-199] Attempt to get parsing info during refresh. "On-the-fly" syntax checking information may be incorrect. [/home/jgaitan/Documents/proyecto_1_borrador/single_cycle_multiplier.v:]
WARNING: [filemgmt 56-199] Attempt to get parsing info during refresh. "On-the-fly" syntax checking information may be incorrect. [/home/jgaitan/Documents/proyecto_1_borrador/128to32_spliter.v:]
[Wed Feb 11 03:09:32 2026] Launched design_1_auto_ds_0_synth_1...
Run output will be captured here: /home/jgaitan/Documents/proyecto_1_borrador/project_1/project_1.runs/design_1_auto_ds_0_synth_1/runme.log
wait_on_run design_1_auto_ds_0_synth_1
[Wed Feb 11 03:09:32 2026] Waiting for design_1_auto_ds_0_synth_1 to finish...
[Wed Feb 11 03:09:37 2026] Waiting for design_1_auto_ds_0_synth_1 to finish...
[Wed Feb 11 03:09:42 2026] Waiting for design_1_auto_ds_0_synth_1 to finish...
[Wed Feb 11 03:09:47 2026] Waiting for design_1_auto_ds_0_synth_1 to finish...
[Wed Feb 11 03:09:57 2026] Waiting for design_1_auto_ds_0_synth_1 to finish...
[Wed Feb 11 03:10:07 2026] Waiting for design_1_auto_ds_0_synth_1 to finish...
[Wed Feb 11 03:10:17 2026] Waiting for design_1_auto_ds_0_synth_1 to finish...
[Wed Feb 11 03:10:27 2026] Waiting for design_1_auto_ds_0_synth_1 to finish...
[Wed Feb 11 03:10:47 2026] Waiting for design_1_auto_ds_0_synth_1 to finish...

*** Running vivado
    with args -log design_1_auto_ds_0.vds -m64 -product Vivado -mode batch -messageDb vivado.pb -notrace -source design_1_auto_ds_0.tcl


****** Vivado v2023.2 (64-bit)
  **** SW Build 4029153 on Fri Oct 13 20:13:54 MDT 2023
  **** IP Build 4028589 on Sat Oct 14 00:45:43 MDT 2023
  **** SharedData Build 4025554 on Tue Oct 10 17:18:54 MDT 2023
    ** Copyright 1986-2022 Xilinx, Inc. All Rights Reserved.
    ** Copyright 2022-2023 Advanced Micro Devices, Inc. All Rights Reserved.

source design_1_auto_ds_0.tcl -notrace
create_project: Time (s): cpu = 00:00:06 ; elapsed = 00:00:06 . Memory (MB): peak = 1335.750 ; gain = 36.836 ; free physical = 16573 ; free virtual = 29817
INFO: [IP_Flow 19-6924] IPCACHE: Running cache check for IP inst: design_1_auto_ds_0
Command: synth_design -top design_1_auto_ds_0 -part xck26-sfvc784-2LV-c -incremental_mode off -mode out_of_context
Starting synth_design
Attempting to get a license for feature 'Synthesis' and/or device 'xck26'
INFO: [Common 17-349] Got license for feature 'Synthesis' and/or device 'xck26'
INFO: [Device 21-403] Loading part xck26-sfvc784-2LV-c
INFO: [Synth 8-7079] Multithreading enabled for synth_design using a maximum of 4 processes.
INFO: [Synth 8-7078] Launching helper process for spawning children vivado processes
INFO: [Synth 8-7075] Helper process launched with PID 3420481
---------------------------------------------------------------------------------
Starting RTL Elaboration : Time (s): cpu = 00:00:04 ; elapsed = 00:00:06 . Memory (MB): peak = 2600.457 ; gain = 285.863 ; free physical = 14896 ; free virtual = 28277
---------------------------------------------------------------------------------
INFO: [Synth 8-6157] synthesizing module 'design_1_auto_ds_0' [/home/jgaitan/Documents/proyecto_1_borrador/project_1/project_1.gen/sources_1/bd/design_1/ip/design_1_auto_ds_0/synth/design_1_auto_ds_0.v:53]
INFO: [Synth 8-6157] synthesizing module 'axi_dwidth_converter_v2_1_29_top' [/home/jgaitan/Documents/proyecto_1_borrador/project_1/project_1.gen/sources_1/bd/design_1/ipshared/670d/hdl/axi_dwidth_converter_v2_1_vlsyn_rfs.v:14446]
INFO: [Synth 8-6157] synthesizing module 'axi_dwidth_converter_v2_1_29_axi_downsizer' [/home/jgaitan/Documents/proyecto_1_borrador/project_1/project_1.gen/sources_1/bd/design_1/ipshared/670d/hdl/axi_dwidth_converter_v2_1_vlsyn_rfs.v:2374]
INFO: [Synth 8-6157] synthesizing module 'axi_dwidth_converter_v2_1_29_b_downsizer' [/home/jgaitan/Documents/proyecto_1_borrador/project_1/project_1.gen/sources_1/bd/design_1/ipshared/670d/hdl/axi_dwidth_converter_v2_1_vlsyn_rfs.v:1248]
INFO: [Synth 8-6155] done synthesizing module 'axi_dwidth_converter_v2_1_29_b_downsizer' (0#1) [/home/jgaitan/Documents/proyecto_1_borrador/project_1/project_1.gen/sources_1/bd/design_1/ipshared/670d/hdl/axi_dwidth_converter_v2_1_vlsyn_rfs.v:1248]
INFO: [Synth 8-6157] synthesizing module 'axi_dwidth_converter_v2_1_29_a_downsizer' [/home/jgaitan/Documents/proyecto_1_borrador/project_1/project_1.gen/sources_1/bd/design_1/ipshared/670d/hdl/axi_dwidth_converter_v2_1_vlsyn_rfs.v:62]
INFO: [Synth 8-6157] synthesizing module 'axi_data_fifo_v2_1_28_axic_fifo' [/home/jgaitan/Documents/proyecto_1_borrador/project_1/project_1.gen/sources_1/bd/design_1/ipshared/279e/hdl/axi_data_fifo_v2_1_vl_rfs.v:62]
INFO: [Synth 8-6157] synthesizing module 'axi_data_fifo_v2_1_28_fifo_gen' [/home/jgaitan/Documents/proyecto_1_borrador/project_1/project_1.gen/sources_1/bd/design_1/ipshared/279e/hdl/axi_data_fifo_v2_1_vl_rfs.v:165]
INFO: [Synth 8-6157] synthesizing module 'xpm_cdc_async_rst' [/tools/Xilinx-2023.2/Vivado/2023.2/data/ip/xpm/xpm_cdc/hdl/xpm_cdc.sv:1175]
INFO: [Synth 8-6155] done synthesizing module 'xpm_cdc_async_rst' (0#1) [/tools/Xilinx-2023.2/Vivado/2023.2/data/ip/xpm/xpm_cdc/hdl/xpm_cdc.sv:1175]
INFO: [Synth 8-6155] done synthesizing module 'axi_data_fifo_v2_1_28_fifo_gen' (0#1) [/home/jgaitan/Documents/proyecto_1_borrador/project_1/project_1.gen/sources_1/bd/design_1/ipshared/279e/hdl/axi_data_fifo_v2_1_vl_rfs.v:165]
INFO: [Synth 8-6155] done synthesizing module 'axi_data_fifo_v2_1_28_axic_fifo' (0#1) [/home/jgaitan/Documents/proyecto_1_borrador/project_1/project_1.gen/sources_1/bd/design_1/ipshared/279e/hdl/axi_data_fifo_v2_1_vl_rfs.v:62]
INFO: [Synth 8-6157] synthesizing module 'axi_data_fifo_v2_1_28_axic_fifo__parameterized0' [/home/jgaitan/Documents/proyecto_1_borrador/project_1/project_1.gen/sources_1/bd/design_1/ipshared/279e/hdl/axi_data_fifo_v2_1_vl_rfs.v:62]
INFO: [Synth 8-6157] synthesizing module 'axi_data_fifo_v2_1_28_fifo_gen__parameterized0' [/home/jgaitan/Documents/proyecto_1_borrador/project_1/project_1.gen/sources_1/bd/design_1/ipshared/279e/hdl/axi_data_fifo_v2_1_vl_rfs.v:165]
INFO: [Synth 8-6155] done synthesizing module 'axi_data_fifo_v2_1_28_fifo_gen__parameterized0' (0#1) [/home/jgaitan/Documents/proyecto_1_borrador/project_1/project_1.gen/sources_1/bd/design_1/ipshared/279e/hdl/axi_data_fifo_v2_1_vl_rfs.v:165]
INFO: [Synth 8-6155] done synthesizing module 'axi_data_fifo_v2_1_28_axic_fifo__parameterized0' (0#1) [/home/jgaitan/Documents/proyecto_1_borrador/project_1/project_1.gen/sources_1/bd/design_1/ipshared/279e/hdl/axi_data_fifo_v2_1_vl_rfs.v:62]
INFO: [Synth 8-6155] done synthesizing module 'axi_dwidth_converter_v2_1_29_a_downsizer' (0#1) [/home/jgaitan/Documents/proyecto_1_borrador/project_1/project_1.gen/sources_1/bd/design_1/ipshared/670d/hdl/axi_dwidth_converter_v2_1_vlsyn_rfs.v:62]
INFO: [Synth 8-6157] synthesizing module 'axi_dwidth_converter_v2_1_29_w_downsizer' [/home/jgaitan/Documents/proyecto_1_borrador/project_1/project_1.gen/sources_1/bd/design_1/ipshared/670d/hdl/axi_dwidth_converter_v2_1_vlsyn_rfs.v:2011]
INFO: [Synth 8-6155] done synthesizing module 'axi_dwidth_converter_v2_1_29_w_downsizer' (0#1) [/home/jgaitan/Documents/proyecto_1_borrador/project_1/project_1.gen/sources_1/bd/design_1/ipshared/670d/hdl/axi_dwidth_converter_v2_1_vlsyn_rfs.v:2011]
INFO: [Synth 8-6157] synthesizing module 'axi_dwidth_converter_v2_1_29_a_downsizer__parameterized0' [/home/jgaitan/Documents/proyecto_1_borrador/project_1/project_1.gen/sources_1/bd/design_1/ipshared/670d/hdl/axi_dwidth_converter_v2_1_vlsyn_rfs.v:62]
INFO: [Synth 8-6155] done synthesizing module 'axi_dwidth_converter_v2_1_29_a_downsizer__parameterized0' (0#1) [/home/jgaitan/Documents/proyecto_1_borrador/project_1/project_1.gen/sources_1/bd/design_1/ipshared/670d/hdl/axi_dwidth_converter_v2_1_vlsyn_rfs.v:62]
INFO: [Synth 8-6157] synthesizing module 'axi_dwidth_converter_v2_1_29_r_downsizer' [/home/jgaitan/Documents/proyecto_1_borrador/project_1/project_1.gen/sources_1/bd/design_1/ipshared/670d/hdl/axi_dwidth_converter_v2_1_vlsyn_rfs.v:1529]
INFO: [Synth 8-6155] done synthesizing module 'axi_dwidth_converter_v2_1_29_r_downsizer' (0#1) [/home/jgaitan/Documents/proyecto_1_borrador/project_1/project_1.gen/sources_1/bd/design_1/ipshared/670d/hdl/axi_dwidth_converter_v2_1_vlsyn_rfs.v:1529]
INFO: [Synth 8-6155] done synthesizing module 'axi_dwidth_converter_v2_1_29_axi_downsizer' (0#1) [/home/jgaitan/Documents/proyecto_1_borrador/project_1/project_1.gen/sources_1/bd/design_1/ipshared/670d/hdl/axi_dwidth_converter_v2_1_vlsyn_rfs.v:2374]
INFO: [Synth 8-6155] done synthesizing module 'axi_dwidth_converter_v2_1_29_top' (0#1) [/home/jgaitan/Documents/proyecto_1_borrador/project_1/project_1.gen/sources_1/bd/design_1/ipshared/670d/hdl/axi_dwidth_converter_v2_1_vlsyn_rfs.v:14446]
INFO: [Synth 8-6155] done synthesizing module 'design_1_auto_ds_0' (0#1) [/home/jgaitan/Documents/proyecto_1_borrador/project_1/project_1.gen/sources_1/bd/design_1/ip/design_1_auto_ds_0/synth/design_1_auto_ds_0.v:53]
WARNING: [Synth 8-6014] Unused sequential element cmd_empty_reg was removed.  [/home/jgaitan/Documents/proyecto_1_borrador/project_1/project_1.gen/sources_1/bd/design_1/ipshared/670d/hdl/axi_dwidth_converter_v2_1_vlsyn_rfs.v:1052]
WARNING: [Synth 8-6014] Unused sequential element cmd_depth_reg was removed.  [/home/jgaitan/Documents/proyecto_1_borrador/project_1/project_1.gen/sources_1/bd/design_1/ipshared/670d/hdl/axi_dwidth_converter_v2_1_vlsyn_rfs.v:1053]
WARNING: [Synth 8-6014] Unused sequential element cmd_b_push_block_reg was removed.  [/home/jgaitan/Documents/proyecto_1_borrador/project_1/project_1.gen/sources_1/bd/design_1/ipshared/670d/hdl/axi_dwidth_converter_v2_1_vlsyn_rfs.v:975]
WARNING: [Synth 8-7129] Port ALMOST_FULL_I in module output_blk__parameterized0 is either unconnected or has no load
WARNING: [Synth 8-7129] Port PROG_FULL_I in module output_blk__parameterized0 is either unconnected or has no load
WARNING: [Synth 8-7129] Port ALMOST_EMPTY_I in module output_blk__parameterized0 is either unconnected or has no load
WARNING: [Synth 8-7129] Port PROG_EMPTY_I in module output_blk__parameterized0 is either unconnected or has no load
WARNING: [Synth 8-7129] Port WR_ACK_I in module output_blk__parameterized0 is either unconnected or has no load
WARNING: [Synth 8-7129] Port VALID_I in module output_blk__parameterized0 is either unconnected or has no load
WARNING: [Synth 8-7129] Port OVERFLOW_I in module output_blk__parameterized0 is either unconnected or has no load
WARNING: [Synth 8-7129] Port UNDERFLOW_I in module output_blk__parameterized0 is either unconnected or has no load
WARNING: [Synth 8-7129] Port DATA_COUNT_I[5] in module output_blk__parameterized0 is either unconnected or has no load
WARNING: [Synth 8-7129] Port DATA_COUNT_I[4] in module output_blk__parameterized0 is either unconnected or has no load
WARNING: [Synth 8-7129] Port DATA_COUNT_I[3] in module output_blk__parameterized0 is either unconnected or has no load
WARNING: [Synth 8-7129] Port DATA_COUNT_I[2] in module output_blk__parameterized0 is either unconnected or has no load
WARNING: [Synth 8-7129] Port DATA_COUNT_I[1] in module output_blk__parameterized0 is either unconnected or has no load
WARNING: [Synth 8-7129] Port DATA_COUNT_I[0] in module output_blk__parameterized0 is either unconnected or has no load
WARNING: [Synth 8-7129] Port WR_DATA_COUNT_I[5] in module output_blk__parameterized0 is either unconnected or has no load
WARNING: [Synth 8-7129] Port WR_DATA_COUNT_I[4] in module output_blk__parameterized0 is either unconnected or has no load
WARNING: [Synth 8-7129] Port WR_DATA_COUNT_I[3] in module output_blk__parameterized0 is either unconnected or has no load
WARNING: [Synth 8-7129] Port WR_DATA_COUNT_I[2] in module output_blk__parameterized0 is either unconnected or has no load
WARNING: [Synth 8-7129] Port WR_DATA_COUNT_I[1] in module output_blk__parameterized0 is either unconnected or has no load
WARNING: [Synth 8-7129] Port WR_DATA_COUNT_I[0] in module output_blk__parameterized0 is either unconnected or has no load
WARNING: [Synth 8-7129] Port RD_DATA_COUNT_I[5] in module output_blk__parameterized0 is either unconnected or has no load
WARNING: [Synth 8-7129] Port RD_DATA_COUNT_I[4] in module output_blk__parameterized0 is either unconnected or has no load
WARNING: [Synth 8-7129] Port RD_DATA_COUNT_I[3] in module output_blk__parameterized0 is either unconnected or has no load
WARNING: [Synth 8-7129] Port RD_DATA_COUNT_I[2] in module output_blk__parameterized0 is either unconnected or has no load
WARNING: [Synth 8-7129] Port RD_DATA_COUNT_I[1] in module output_blk__parameterized0 is either unconnected or has no load
WARNING: [Synth 8-7129] Port RD_DATA_COUNT_I[0] in module output_blk__parameterized0 is either unconnected or has no load
WARNING: [Synth 8-7129] Port SBITERR_I in module output_blk__parameterized0 is either unconnected or has no load
WARNING: [Synth 8-7129] Port DBITERR_I in module output_blk__parameterized0 is either unconnected or has no load
WARNING: [Synth 8-7129] Port SRST_FULL_FF in module wr_status_flags_ss is either unconnected or has no load
WARNING: [Synth 8-7129] Port WR_RST in module wr_status_flags_ss is either unconnected or has no load
WARNING: [Synth 8-7129] Port SRST in module wr_status_flags_ss is either unconnected or has no load
WARNING: [Synth 8-7129] Port SAFETY_CKT_WR_RST in module wr_status_flags_ss is either unconnected or has no load
WARNING: [Synth 8-7129] Port WR_PNTR_PLUS2[4] in module wr_status_flags_ss is either unconnected or has no load
WARNING: [Synth 8-7129] Port WR_PNTR_PLUS2[3] in module wr_status_flags_ss is either unconnected or has no load
WARNING: [Synth 8-7129] Port WR_PNTR_PLUS2[2] in module wr_status_flags_ss is either unconnected or has no load
WARNING: [Synth 8-7129] Port WR_PNTR_PLUS2[1] in module wr_status_flags_ss is either unconnected or has no load
WARNING: [Synth 8-7129] Port WR_PNTR_PLUS2[0] in module wr_status_flags_ss is either unconnected or has no load
WARNING: [Synth 8-7129] Port WR_PNTR_PLUS3[4] in module wr_status_flags_ss is either unconnected or has no load
WARNING: [Synth 8-7129] Port WR_PNTR_PLUS3[3] in module wr_status_flags_ss is either unconnected or has no load
WARNING: [Synth 8-7129] Port WR_PNTR_PLUS3[2] in module wr_status_flags_ss is either unconnected or has no load
WARNING: [Synth 8-7129] Port WR_PNTR_PLUS3[1] in module wr_status_flags_ss is either unconnected or has no load
WARNING: [Synth 8-7129] Port WR_PNTR_PLUS3[0] in module wr_status_flags_ss is either unconnected or has no load
WARNING: [Synth 8-7129] Port SRST in module wr_bin_cntr is either unconnected or has no load
WARNING: [Synth 8-7129] Port WR_EN_INTO_LOGIC in module wr_logic is either unconnected or has no load
WARNING: [Synth 8-7129] Port WR_RST_INTO_LOGIC in module wr_logic is either unconnected or has no load
WARNING: [Synth 8-7129] Port RD_EN in module wr_logic is either unconnected or has no load
WARNING: [Synth 8-7129] Port WR_RST_BUSY in module wr_logic is either unconnected or has no load
WARNING: [Synth 8-7129] Port EMPTY in module wr_logic is either unconnected or has no load
WARNING: [Synth 8-7129] Port ALMOST_EMPTY in module wr_logic is either unconnected or has no load
WARNING: [Synth 8-7129] Port PROG_FULL_THRESH[4] in module wr_logic is either unconnected or has no load
WARNING: [Synth 8-7129] Port PROG_FULL_THRESH[3] in module wr_logic is either unconnected or has no load
WARNING: [Synth 8-7129] Port PROG_FULL_THRESH[2] in module wr_logic is either unconnected or has no load
WARNING: [Synth 8-7129] Port PROG_FULL_THRESH[1] in module wr_logic is either unconnected or has no load
WARNING: [Synth 8-7129] Port PROG_FULL_THRESH[0] in module wr_logic is either unconnected or has no load
WARNING: [Synth 8-7129] Port PROG_FULL_THRESH_ASSERT[4] in module wr_logic is either unconnected or has no load
WARNING: [Synth 8-7129] Port PROG_FULL_THRESH_ASSERT[3] in module wr_logic is either unconnected or has no load
WARNING: [Synth 8-7129] Port PROG_FULL_THRESH_ASSERT[2] in module wr_logic is either unconnected or has no load
WARNING: [Synth 8-7129] Port PROG_FULL_THRESH_ASSERT[1] in module wr_logic is either unconnected or has no load
WARNING: [Synth 8-7129] Port PROG_FULL_THRESH_ASSERT[0] in module wr_logic is either unconnected or has no load
WARNING: [Synth 8-7129] Port PROG_FULL_THRESH_NEGATE[4] in module wr_logic is either unconnected or has no load
WARNING: [Synth 8-7129] Port PROG_FULL_THRESH_NEGATE[3] in module wr_logic is either unconnected or has no load
WARNING: [Synth 8-7129] Port PROG_FULL_THRESH_NEGATE[2] in module wr_logic is either unconnected or has no load
WARNING: [Synth 8-7129] Port PROG_FULL_THRESH_NEGATE[1] in module wr_logic is either unconnected or has no load
WARNING: [Synth 8-7129] Port PROG_FULL_THRESH_NEGATE[0] in module wr_logic is either unconnected or has no load
WARNING: [Synth 8-7129] Port SRST in module rd_fwft is either unconnected or has no load
WARNING: [Synth 8-7129] Port SAFETY_CKT_RD_RST in module rd_fwft is either unconnected or has no load
WARNING: [Synth 8-7129] Port RAM_ALMOST_EMPTY in module rd_fwft is either unconnected or has no load
WARNING: [Synth 8-7129] Port SRST in module rd_status_flags_ss is either unconnected or has no load
WARNING: [Synth 8-7129] Port SAFETY_CKT_RD_RST in module rd_status_flags_ss is either unconnected or has no load
WARNING: [Synth 8-7129] Port RD_PNTR_PLUS2[4] in module rd_status_flags_ss is either unconnected or has no load
WARNING: [Synth 8-7129] Port RD_PNTR_PLUS2[3] in module rd_status_flags_ss is either unconnected or has no load
WARNING: [Synth 8-7129] Port RD_PNTR_PLUS2[2] in module rd_status_flags_ss is either unconnected or has no load
WARNING: [Synth 8-7129] Port RD_PNTR_PLUS2[1] in module rd_status_flags_ss is either unconnected or has no load
WARNING: [Synth 8-7129] Port RD_PNTR_PLUS2[0] in module rd_status_flags_ss is either unconnected or has no load
WARNING: [Synth 8-7129] Port SRST in module rd_bin_cntr is either unconnected or has no load
WARNING: [Synth 8-7129] Port RD_EN_INTO_LOGIC in module rd_logic is either unconnected or has no load
WARNING: [Synth 8-7129] Port RD_RST_INTO_LOGIC in module rd_logic is either unconnected or has no load
WARNING: [Synth 8-7129] Port RD_RST_BUSY in module rd_logic is either unconnected or has no load
WARNING: [Synth 8-7129] Port RST_FULL_FF in module rd_logic is either unconnected or has no load
WARNING: [Synth 8-7129] Port ALMOST_FULL_FB in module rd_logic is either unconnected or has no load
WARNING: [Synth 8-7129] Port FULL in module rd_logic is either unconnected or has no load
WARNING: [Synth 8-7129] Port WR_PNTR_PLUS1_RD[4] in module rd_logic is either unconnected or has no load
WARNING: [Synth 8-7129] Port WR_PNTR_PLUS1_RD[3] in module rd_logic is either unconnected or has no load
WARNING: [Synth 8-7129] Port WR_PNTR_PLUS1_RD[2] in module rd_logic is either unconnected or has no load
WARNING: [Synth 8-7129] Port WR_PNTR_PLUS1_RD[1] in module rd_logic is either unconnected or has no load
WARNING: [Synth 8-7129] Port WR_PNTR_PLUS1_RD[0] in module rd_logic is either unconnected or has no load
WARNING: [Synth 8-7129] Port PROG_EMPTY_THRESH[4] in module rd_logic is either unconnected or has no load
WARNING: [Synth 8-7129] Port PROG_EMPTY_THRESH[3] in module rd_logic is either unconnected or has no load
WARNING: [Synth 8-7129] Port PROG_EMPTY_THRESH[2] in module rd_logic is either unconnected or has no load
WARNING: [Synth 8-7129] Port PROG_EMPTY_THRESH[1] in module rd_logic is either unconnected or has no load
WARNING: [Synth 8-7129] Port PROG_EMPTY_THRESH[0] in module rd_logic is either unconnected or has no load
WARNING: [Synth 8-7129] Port PROG_EMPTY_THRESH_ASSERT[4] in module rd_logic is either unconnected or has no load
WARNING: [Synth 8-7129] Port PROG_EMPTY_THRESH_ASSERT[3] in module rd_logic is either unconnected or has no load
WARNING: [Synth 8-7129] Port PROG_EMPTY_THRESH_ASSERT[2] in module rd_logic is either unconnected or has no load
WARNING: [Synth 8-7129] Port PROG_EMPTY_THRESH_ASSERT[1] in module rd_logic is either unconnected or has no load
WARNING: [Synth 8-7129] Port PROG_EMPTY_THRESH_ASSERT[0] in module rd_logic is either unconnected or has no load
WARNING: [Synth 8-7129] Port PROG_EMPTY_THRESH_NEGATE[4] in module rd_logic is either unconnected or has no load
WARNING: [Synth 8-7129] Port PROG_EMPTY_THRESH_NEGATE[3] in module rd_logic is either unconnected or has no load
WARNING: [Synth 8-7129] Port PROG_EMPTY_THRESH_NEGATE[2] in module rd_logic is either unconnected or has no load
WARNING: [Synth 8-7129] Port PROG_EMPTY_THRESH_NEGATE[1] in module rd_logic is either unconnected or has no load
INFO: [Common 17-14] Message 'Synth 8-7129' appears 100 times and further instances of the messages will be disabled. Use the Tcl command set_msg_config to change the current settings.
---------------------------------------------------------------------------------
Finished RTL Elaboration : Time (s): cpu = 00:00:09 ; elapsed = 00:00:11 . Memory (MB): peak = 2801.395 ; gain = 486.801 ; free physical = 14668 ; free virtual = 28053
---------------------------------------------------------------------------------
---------------------------------------------------------------------------------
Start Handling Custom Attributes
---------------------------------------------------------------------------------
---------------------------------------------------------------------------------
Finished Handling Custom Attributes : Time (s): cpu = 00:00:09 ; elapsed = 00:00:11 . Memory (MB): peak = 2801.395 ; gain = 486.801 ; free physical = 14668 ; free virtual = 28053
---------------------------------------------------------------------------------
---------------------------------------------------------------------------------
Finished RTL Optimization Phase 1 : Time (s): cpu = 00:00:09 ; elapsed = 00:00:11 . Memory (MB): peak = 2801.395 ; gain = 486.801 ; free physical = 14668 ; free virtual = 28053
---------------------------------------------------------------------------------
Netlist sorting complete. Time (s): cpu = 00:00:00.03 ; elapsed = 00:00:00.04 . Memory (MB): peak = 2809.395 ; gain = 0.000 ; free physical = 14669 ; free virtual = 28053
INFO: [Project 1-570] Preparing netlist for logic optimization

Processing XDC Constraints
Initializing timing engine
Parsing XDC File [/home/jgaitan/Documents/proyecto_1_borrador/project_1/project_1.gen/sources_1/bd/design_1/ip/design_1_auto_ds_0/design_1_auto_ds_0_ooc.xdc] for cell 'inst'
Finished Parsing XDC File [/home/jgaitan/Documents/proyecto_1_borrador/project_1/project_1.gen/sources_1/bd/design_1/ip/design_1_auto_ds_0/design_1_auto_ds_0_ooc.xdc] for cell 'inst'
Parsing XDC File [/home/jgaitan/Documents/proyecto_1_borrador/project_1/project_1.runs/design_1_auto_ds_0_synth_1/dont_touch.xdc]
Finished Parsing XDC File [/home/jgaitan/Documents/proyecto_1_borrador/project_1/project_1.runs/design_1_auto_ds_0_synth_1/dont_touch.xdc]
INFO: [Project 1-1714] 3 XPM XDC files have been applied to the design.
Completed Processing XDC Constraints

Netlist sorting complete. Time (s): cpu = 00:00:00 ; elapsed = 00:00:00 . Memory (MB): peak = 2888.270 ; gain = 0.000 ; free physical = 14645 ; free virtual = 28041
INFO: [Project 1-111] Unisim Transformation Summary:
No Unisim elements were transformed.

Constraint Validation Runtime : Time (s): cpu = 00:00:00.1 ; elapsed = 00:00:00.1 . Memory (MB): peak = 2888.305 ; gain = 0.000 ; free physical = 14645 ; free virtual = 28041
INFO: [Designutils 20-5008] Incremental synthesis strategy off
---------------------------------------------------------------------------------
Finished Constraint Validation : Time (s): cpu = 00:00:19 ; elapsed = 00:00:21 . Memory (MB): peak = 2888.305 ; gain = 573.711 ; free physical = 14636 ; free virtual = 28034
---------------------------------------------------------------------------------
---------------------------------------------------------------------------------
Start Loading Part and Timing Information
---------------------------------------------------------------------------------
Loading part: xck26-sfvc784-2LV-c
INFO: [Synth 8-6742] Reading net delay rules and data
---------------------------------------------------------------------------------
Finished Loading Part and Timing Information : Time (s): cpu = 00:00:19 ; elapsed = 00:00:21 . Memory (MB): peak = 2888.305 ; gain = 573.711 ; free physical = 14636 ; free virtual = 28034
---------------------------------------------------------------------------------
---------------------------------------------------------------------------------
Start Applying 'set_property' XDC Constraints
---------------------------------------------------------------------------------
Applied set_property KEEP_HIERARCHY = SOFT for inst. (constraint file  /home/jgaitan/Documents/proyecto_1_borrador/project_1/project_1.runs/design_1_auto_ds_0_synth_1/dont_touch.xdc, line 9).
Applied set_property KEEP_HIERARCHY = SOFT for inst/\gen_downsizer.gen_simple_downsizer.axi_downsizer_inst /\USE_WRITE.write_addr_inst /\USE_B_CHANNEL.cmd_b_queue /inst/fifo_gen_inst/inst_fifo_gen/\gconvfifo.rf /\grf.rf /rstblk/\ngwrdrst.grst.g7serrst.gnsckt_wrst.rst_wr_reg2_inst . (constraint file  auto generated constraint).
Applied set_property KEEP_HIERARCHY = SOFT for inst/\gen_downsizer.gen_simple_downsizer.axi_downsizer_inst /\USE_WRITE.write_addr_inst /cmd_queue/inst/fifo_gen_inst/inst_fifo_gen/\gconvfifo.rf /\grf.rf /rstblk/\ngwrdrst.grst.g7serrst.gnsckt_wrst.rst_wr_reg2_inst . (constraint file  auto generated constraint).
Applied set_property KEEP_HIERARCHY = SOFT for inst/\gen_downsizer.gen_simple_downsizer.axi_downsizer_inst /\USE_READ.read_addr_inst /cmd_queue/inst/fifo_gen_inst/inst_fifo_gen/\gconvfifo.rf /\grf.rf /rstblk/\ngwrdrst.grst.g7serrst.gnsckt_wrst.rst_wr_reg2_inst . (constraint file  auto generated constraint).
---------------------------------------------------------------------------------
Finished applying 'set_property' XDC Constraints : Time (s): cpu = 00:00:19 ; elapsed = 00:00:21 . Memory (MB): peak = 2888.305 ; gain = 573.711 ; free physical = 14636 ; free virtual = 28034
---------------------------------------------------------------------------------
INFO: [Synth 8-802] inferred FSM for state register 'gpregsm1.curr_fwft_state_reg' in module 'rd_fwft'
INFO: [Synth 8-6159] Found Keep on FSM register 'gpregsm1.curr_fwft_state_reg' in module 'rd_fwft', re-encoding will not be performed
---------------------------------------------------------------------------------------------------
                   State |                     New Encoding |                Previous Encoding 
---------------------------------------------------------------------------------------------------
                 invalid |                               00 |                               00
            stage1_valid |                               10 |                               10
       both_stages_valid |                               11 |                               11
            stage2_valid |                               01 |                               01
---------------------------------------------------------------------------------------------------
---------------------------------------------------------------------------------
Finished RTL Optimization Phase 2 : Time (s): cpu = 00:00:19 ; elapsed = 00:00:22 . Memory (MB): peak = 2888.305 ; gain = 573.711 ; free physical = 14636 ; free virtual = 28034
---------------------------------------------------------------------------------
---------------------------------------------------------------------------------
Start RTL Component Statistics 
---------------------------------------------------------------------------------
Detailed RTL Component Info : 
+---Adders : 
	   2 Input   40 Bit       Adders := 2     
	   2 Input    8 Bit       Adders := 7     
	   3 Input    8 Bit       Adders := 2     
	   2 Input    6 Bit       Adders := 2     
	   2 Input    5 Bit       Adders := 6     
	   2 Input    4 Bit       Adders := 4     
+---XORs : 
	   2 Input      1 Bit         XORs := 60    
+---Registers : 
	               40 Bit    Registers := 8     
	               32 Bit    Registers := 4     
	               29 Bit    Registers := 4     
	               16 Bit    Registers := 4     
	               12 Bit    Registers := 2     
	                9 Bit    Registers := 2     
	                8 Bit    Registers := 13    
	                7 Bit    Registers := 2     
	                6 Bit    Registers := 2     
	                5 Bit    Registers := 14    
	                4 Bit    Registers := 15    
	                3 Bit    Registers := 4     
	                2 Bit    Registers := 11    
	                1 Bit    Registers := 62    
+---Muxes : 
	   8 Input   40 Bit        Muxes := 2     
	   2 Input   40 Bit        Muxes := 4     
	   4 Input   32 Bit        Muxes := 1     
	   2 Input   32 Bit        Muxes := 4     
	   2 Input   12 Bit        Muxes := 2     
	   2 Input    8 Bit        Muxes := 11    
	   8 Input    7 Bit        Muxes := 2     
	   8 Input    5 Bit        Muxes := 2     
	   2 Input    4 Bit        Muxes := 4     
	   8 Input    4 Bit        Muxes := 4     
	   2 Input    3 Bit        Muxes := 2     
	   2 Input    2 Bit        Muxes := 44    
	   4 Input    2 Bit        Muxes := 3     
	   5 Input    2 Bit        Muxes := 3     
	   3 Input    1 Bit        Muxes := 3     
	   2 Input    1 Bit        Muxes := 27    
	   4 Input    1 Bit        Muxes := 7     
---------------------------------------------------------------------------------
Finished RTL Component Statistics 
---------------------------------------------------------------------------------
---------------------------------------------------------------------------------
Start Part Resource Summary
---------------------------------------------------------------------------------
Part Resources:
DSPs: 1248 (col length:96)
BRAMs: 288 (col length: RAMB18 96 RAMB36 48)
---------------------------------------------------------------------------------
Finished Part Resource Summary
---------------------------------------------------------------------------------
---------------------------------------------------------------------------------
Start Cross Boundary and Area Optimization
---------------------------------------------------------------------------------
WARNING: [Synth 8-7080] Parallel synthesis criteria is not met
---------------------------------------------------------------------------------
Finished Cross Boundary and Area Optimization : Time (s): cpu = 00:00:24 ; elapsed = 00:00:27 . Memory (MB): peak = 2888.305 ; gain = 573.711 ; free physical = 14636 ; free virtual = 28037
---------------------------------------------------------------------------------
---------------------------------------------------------------------------------
Start ROM, RAM, DSP, Shift Register and Retiming Reporting
---------------------------------------------------------------------------------

Distributed RAM: Preliminary Mapping Report (see note below)
+------------------------------------------------------------------------------------------------------------------------------------+-------------------------------------------------------------------------------+----------------+----------------------+---------------+
|Module Name                                                                                                                         | RTL Object                                                                    | Inference      | Size (Depth x Width) | Primitives    | 
+------------------------------------------------------------------------------------------------------------------------------------+-------------------------------------------------------------------------------+----------------+----------------------+---------------+
|inst/\gen_downsizer.gen_simple_downsizer.axi_downsizer_inst/USE_WRITE.write_addr_inst/USE_B_CHANNEL.cmd_b_queue/inst/fifo_gen_inst  | inst_fifo_gen/gconvfifo.rf/grf.rf/gntv_or_sync_fifo.mem/gdm.dm_gen.dm/RAM_reg | User Attribute | 32 x 9               | RAM32M16 x 1  | 
|inst/\gen_downsizer.gen_simple_downsizer.axi_downsizer_inst/USE_WRITE.write_addr_inst/cmd_queue/inst/fifo_gen_inst                  | inst_fifo_gen/gconvfifo.rf/grf.rf/gntv_or_sync_fifo.mem/gdm.dm_gen.dm/RAM_reg | User Attribute | 32 x 29              | RAM32M16 x 3  | 
|inst/\gen_downsizer.gen_simple_downsizer.axi_downsizer_inst/USE_READ.read_addr_inst/cmd_queue/inst/fifo_gen_inst                    | inst_fifo_gen/gconvfifo.rf/grf.rf/gntv_or_sync_fifo.mem/gdm.dm_gen.dm/RAM_reg | User Attribute | 32 x 29              | RAM32M16 x 3  | 
+------------------------------------------------------------------------------------------------------------------------------------+-------------------------------------------------------------------------------+----------------+----------------------+---------------+

Note: The table above is a preliminary report that shows the Distributed RAMs at the current stage of the synthesis flow. Some Distributed RAMs may be reimplemented as non Distributed RAM primitives later in the synthesis flow. Multiple instantiated RAMs are reported only once.
---------------------------------------------------------------------------------
Finished ROM, RAM, DSP, Shift Register and Retiming Reporting
---------------------------------------------------------------------------------
---------------------------------------------------------------------------------
Start Applying XDC Timing Constraints
---------------------------------------------------------------------------------
---------------------------------------------------------------------------------
Finished Applying XDC Timing Constraints : Time (s): cpu = 00:00:31 ; elapsed = 00:00:36 . Memory (MB): peak = 3261.168 ; gain = 946.574 ; free physical = 14259 ; free virtual = 27705
---------------------------------------------------------------------------------
---------------------------------------------------------------------------------
Start Timing Optimization
---------------------------------------------------------------------------------
---------------------------------------------------------------------------------
Finished Timing Optimization : Time (s): cpu = 00:00:36 ; elapsed = 00:00:40 . Memory (MB): peak = 3356.035 ; gain = 1041.441 ; free physical = 14163 ; free virtual = 27609
---------------------------------------------------------------------------------
---------------------------------------------------------------------------------
Start ROM, RAM, DSP, Shift Register and Retiming Reporting
---------------------------------------------------------------------------------

Distributed RAM: Final Mapping Report
+------------------------------------------------------------------------------------------------------------------------------------+-------------------------------------------------------------------------------+----------------+----------------------+---------------+
|Module Name                                                                                                                         | RTL Object                                                                    | Inference      | Size (Depth x Width) | Primitives    | 
+------------------------------------------------------------------------------------------------------------------------------------+-------------------------------------------------------------------------------+----------------+----------------------+---------------+
|inst/\gen_downsizer.gen_simple_downsizer.axi_downsizer_inst/USE_WRITE.write_addr_inst/USE_B_CHANNEL.cmd_b_queue/inst/fifo_gen_inst  | inst_fifo_gen/gconvfifo.rf/grf.rf/gntv_or_sync_fifo.mem/gdm.dm_gen.dm/RAM_reg | User Attribute | 32 x 9               | RAM32M16 x 1  | 
|inst/\gen_downsizer.gen_simple_downsizer.axi_downsizer_inst/USE_WRITE.write_addr_inst/cmd_queue/inst/fifo_gen_inst                  | inst_fifo_gen/gconvfifo.rf/grf.rf/gntv_or_sync_fifo.mem/gdm.dm_gen.dm/RAM_reg | User Attribute | 32 x 29              | RAM32M16 x 3  | 
|inst/\gen_downsizer.gen_simple_downsizer.axi_downsizer_inst/USE_READ.read_addr_inst/cmd_queue/inst/fifo_gen_inst                    | inst_fifo_gen/gconvfifo.rf/grf.rf/gntv_or_sync_fifo.mem/gdm.dm_gen.dm/RAM_reg | User Attribute | 32 x 29              | RAM32M16 x 3  | 
+------------------------------------------------------------------------------------------------------------------------------------+-------------------------------------------------------------------------------+----------------+----------------------+---------------+

---------------------------------------------------------------------------------
Finished ROM, RAM, DSP, Shift Register and Retiming Reporting
---------------------------------------------------------------------------------
---------------------------------------------------------------------------------
Start Technology Mapping
---------------------------------------------------------------------------------
---------------------------------------------------------------------------------
Finished Technology Mapping : Time (s): cpu = 00:00:36 ; elapsed = 00:00:41 . Memory (MB): peak = 3364.043 ; gain = 1049.449 ; free physical = 14160 ; free virtual = 27606
---------------------------------------------------------------------------------
---------------------------------------------------------------------------------
Start IO Insertion
---------------------------------------------------------------------------------
---------------------------------------------------------------------------------
Start Flattening Before IO Insertion
---------------------------------------------------------------------------------
---------------------------------------------------------------------------------
Finished Flattening Before IO Insertion
---------------------------------------------------------------------------------
---------------------------------------------------------------------------------
Start Final Netlist Cleanup
---------------------------------------------------------------------------------
---------------------------------------------------------------------------------
Finished Final Netlist Cleanup
---------------------------------------------------------------------------------
---------------------------------------------------------------------------------
Finished IO Insertion : Time (s): cpu = 00:00:39 ; elapsed = 00:00:44 . Memory (MB): peak = 3364.043 ; gain = 1049.449 ; free physical = 14161 ; free virtual = 27607
---------------------------------------------------------------------------------
---------------------------------------------------------------------------------
Start Renaming Generated Instances
---------------------------------------------------------------------------------
---------------------------------------------------------------------------------
Finished Renaming Generated Instances : Time (s): cpu = 00:00:39 ; elapsed = 00:00:44 . Memory (MB): peak = 3364.043 ; gain = 1049.449 ; free physical = 14161 ; free virtual = 27607
---------------------------------------------------------------------------------
---------------------------------------------------------------------------------
Start Rebuilding User Hierarchy
---------------------------------------------------------------------------------
---------------------------------------------------------------------------------
Finished Rebuilding User Hierarchy : Time (s): cpu = 00:00:39 ; elapsed = 00:00:44 . Memory (MB): peak = 3364.043 ; gain = 1049.449 ; free physical = 14161 ; free virtual = 27607
---------------------------------------------------------------------------------
---------------------------------------------------------------------------------
Start Renaming Generated Ports
---------------------------------------------------------------------------------
---------------------------------------------------------------------------------
Finished Renaming Generated Ports : Time (s): cpu = 00:00:39 ; elapsed = 00:00:44 . Memory (MB): peak = 3364.043 ; gain = 1049.449 ; free physical = 14161 ; free virtual = 27607
---------------------------------------------------------------------------------
---------------------------------------------------------------------------------
Start Handling Custom Attributes
---------------------------------------------------------------------------------
---------------------------------------------------------------------------------
Finished Handling Custom Attributes : Time (s): cpu = 00:00:40 ; elapsed = 00:00:44 . Memory (MB): peak = 3364.043 ; gain = 1049.449 ; free physical = 14161 ; free virtual = 27607
---------------------------------------------------------------------------------
---------------------------------------------------------------------------------
Start Renaming Generated Nets
---------------------------------------------------------------------------------
---------------------------------------------------------------------------------
Finished Renaming Generated Nets : Time (s): cpu = 00:00:40 ; elapsed = 00:00:44 . Memory (MB): peak = 3364.043 ; gain = 1049.449 ; free physical = 14161 ; free virtual = 27607
---------------------------------------------------------------------------------
---------------------------------------------------------------------------------
Start Writing Synthesis Report
---------------------------------------------------------------------------------

Report BlackBoxes: 
+-+--------------+----------+
| |BlackBox name |Instances |
+-+--------------+----------+
+-+--------------+----------+

Report Cell Usage: 
+------+---------+------+
|      |Cell     |Count |
+------+---------+------+
|1     |CARRY8   |     8|
|2     |LUT1     |    49|
|3     |LUT2     |    83|
|4     |LUT3     |    78|
|5     |LUT4     |    75|
|6     |LUT5     |   260|
|7     |LUT6     |   396|
|8     |RAM32M   |     1|
|9     |RAM32M16 |     4|
|10    |RAM32X1D |     2|
|11    |FDCE     |    69|
|12    |FDPE     |    33|
|13    |FDRE     |   809|
|14    |FDSE     |     5|
+------+---------+------+
---------------------------------------------------------------------------------
Finished Writing Synthesis Report : Time (s): cpu = 00:00:40 ; elapsed = 00:00:44 . Memory (MB): peak = 3364.043 ; gain = 1049.449 ; free physical = 14161 ; free virtual = 27607
---------------------------------------------------------------------------------
Synthesis finished with 0 errors, 0 critical warnings and 1607 warnings.
Synthesis Optimization Runtime : Time (s): cpu = 00:00:34 ; elapsed = 00:00:38 . Memory (MB): peak = 3364.043 ; gain = 962.539 ; free physical = 14161 ; free virtual = 27607
Synthesis Optimization Complete : Time (s): cpu = 00:00:40 ; elapsed = 00:00:44 . Memory (MB): peak = 3364.051 ; gain = 1049.449 ; free physical = 14161 ; free virtual = 27607
INFO: [Project 1-571] Translating synthesized netlist
Netlist sorting complete. Time (s): cpu = 00:00:00.02 ; elapsed = 00:00:00.03 . Memory (MB): peak = 3364.051 ; gain = 0.000 ; free physical = 14160 ; free virtual = 27609
INFO: [Netlist 29-17] Analyzing 15 Unisim elements for replacement
INFO: [Netlist 29-28] Unisim Transformation completed in 0 CPU seconds
INFO: [Project 1-570] Preparing netlist for logic optimization
INFO: [Opt 31-138] Pushed 0 inverter(s) to 0 load pin(s).
Netlist sorting complete. Time (s): cpu = 00:00:00 ; elapsed = 00:00:00 . Memory (MB): peak = 3405.965 ; gain = 0.000 ; free physical = 14440 ; free virtual = 27890
INFO: [Project 1-111] Unisim Transformation Summary:
  A total of 7 instances were transformed.
  RAM32M => RAM32M (RAMD32(x6), RAMS32(x2)): 1 instance 
  RAM32M16 => RAM32M16 (RAMD32(x14), RAMS32(x2)): 4 instances
  RAM32X1D => RAM32X1D (RAMD32(x2)): 2 instances

Synth Design complete | Checksum: 64cbe93
INFO: [Common 17-83] Releasing license: Synthesis
47 Infos, 104 Warnings, 0 Critical Warnings and 0 Errors encountered.
synth_design completed successfully
synth_design: Time (s): cpu = 00:00:47 ; elapsed = 00:00:51 . Memory (MB): peak = 3406.000 ; gain = 2020.469 ; free physical = 14439 ; free virtual = 27889
INFO: [Common 17-2834] synth_design peak Physical Memory [PSS] (MB): overall = 2969.450; main = 2643.188; forked = 383.715
INFO: [Common 17-2834] synth_design peak Virtual Memory [VSS] (MB): overall = 4337.477; main = 3405.969; forked = 981.438
Write ShapeDB Complete: Time (s): cpu = 00:00:00 ; elapsed = 00:00:00 . Memory (MB): peak = 3429.977 ; gain = 0.000 ; free physical = 14439 ; free virtual = 27889
INFO: [Common 17-1381] The checkpoint '/home/jgaitan/Documents/proyecto_1_borrador/project_1/project_1.runs/design_1_auto_ds_0_synth_1/design_1_auto_ds_0.dcp' has been generated.
INFO: [Coretcl 2-1648] Added synthesis output to IP cache for IP design_1_auto_ds_0, cache-ID = 5a13e1c143815096
INFO: [Coretcl 2-1174] Renamed 58 cell refs.
Write ShapeDB Complete: Time (s): cpu = 00:00:00 ; elapsed = 00:00:00 . Memory (MB): peak = 3429.977 ; gain = 0.000 ; free physical = 14433 ; free virtual = 27886
INFO: [Common 17-1381] The checkpoint '/home/jgaitan/Documents/proyecto_1_borrador/project_1/project_1.runs/design_1_auto_ds_0_synth_1/design_1_auto_ds_0.dcp' has been generated.
INFO: [runtcl-4] Executing : report_utilization -file design_1_auto_ds_0_utilization_synth.rpt -pb design_1_auto_ds_0_utilization_synth.pb
INFO: [Common 17-206] Exiting Vivado at Wed Feb 11 03:10:36 2026...
[Wed Feb 11 03:10:52 2026] design_1_auto_ds_0_synth_1 finished
wait_on_runs: Time (s): cpu = 00:00:05 ; elapsed = 00:01:20 . Memory (MB): peak = 9591.121 ; gain = 0.000 ; free physical = 16804 ; free virtual = 30258
launch_runs design_1_auto_ds_1_synth_1
INFO: [IP_Flow 19-6924] IPCACHE: Running cache check for IP inst: design_1_auto_ds_1
INFO: [IP_Flow 19-6922] IPCACHE: Exporting cached entry 5a13e1c143815096 to dir: /home/jgaitan/Documents/proyecto_1_borrador/project_1/project_1.gen/sources_1/bd/design_1/ip/design_1_auto_ds_1
INFO: [IP_Flow 19-6928] IPCACHE: copied cached file /home/jgaitan/Documents/proyecto_1_borrador/project_1/project_1.cache/ip/2023.2/5/a/5a13e1c143815096/design_1_auto_ds_0_stub.vhdl to /home/jgaitan/Documents/proyecto_1_borrador/project_1/project_1.gen/sources_1/bd/design_1/ip/design_1_auto_ds_1/design_1_auto_ds_1_stub.vhdl.
INFO: [IP_Flow 19-6926] IPCACHE: added file to list for BOM: /home/jgaitan/Documents/proyecto_1_borrador/project_1/project_1.gen/sources_1/bd/design_1/ip/design_1_auto_ds_1/design_1_auto_ds_1_stub.vhdl
INFO: [IP_Flow 19-6928] IPCACHE: copied cached file /home/jgaitan/Documents/proyecto_1_borrador/project_1/project_1.cache/ip/2023.2/5/a/5a13e1c143815096/design_1_auto_ds_0_stub.v to /home/jgaitan/Documents/proyecto_1_borrador/project_1/project_1.gen/sources_1/bd/design_1/ip/design_1_auto_ds_1/design_1_auto_ds_1_stub.v.
INFO: [IP_Flow 19-6926] IPCACHE: added file to list for BOM: /home/jgaitan/Documents/proyecto_1_borrador/project_1/project_1.gen/sources_1/bd/design_1/ip/design_1_auto_ds_1/design_1_auto_ds_1_stub.v
INFO: [IP_Flow 19-6928] IPCACHE: copied cached file /home/jgaitan/Documents/proyecto_1_borrador/project_1/project_1.cache/ip/2023.2/5/a/5a13e1c143815096/design_1_auto_ds_0_sim_netlist.vhdl to /home/jgaitan/Documents/proyecto_1_borrador/project_1/project_1.gen/sources_1/bd/design_1/ip/design_1_auto_ds_1/design_1_auto_ds_1_sim_netlist.vhdl.
INFO: [IP_Flow 19-6926] IPCACHE: added file to list for BOM: /home/jgaitan/Documents/proyecto_1_borrador/project_1/project_1.gen/sources_1/bd/design_1/ip/design_1_auto_ds_1/design_1_auto_ds_1_sim_netlist.vhdl
INFO: [IP_Flow 19-6928] IPCACHE: copied cached file /home/jgaitan/Documents/proyecto_1_borrador/project_1/project_1.cache/ip/2023.2/5/a/5a13e1c143815096/design_1_auto_ds_0_sim_netlist.v to /home/jgaitan/Documents/proyecto_1_borrador/project_1/project_1.gen/sources_1/bd/design_1/ip/design_1_auto_ds_1/design_1_auto_ds_1_sim_netlist.v.
INFO: [IP_Flow 19-6926] IPCACHE: added file to list for BOM: /home/jgaitan/Documents/proyecto_1_borrador/project_1/project_1.gen/sources_1/bd/design_1/ip/design_1_auto_ds_1/design_1_auto_ds_1_sim_netlist.v
INFO: [IP_Flow 19-6928] IPCACHE: copied cached file /home/jgaitan/Documents/proyecto_1_borrador/project_1/project_1.cache/ip/2023.2/5/a/5a13e1c143815096/design_1_auto_ds_0.dcp to /home/jgaitan/Documents/proyecto_1_borrador/project_1/project_1.gen/sources_1/bd/design_1/ip/design_1_auto_ds_1/design_1_auto_ds_1.dcp.
INFO: [IP_Flow 19-6926] IPCACHE: added file to list for BOM: /home/jgaitan/Documents/proyecto_1_borrador/project_1/project_1.gen/sources_1/bd/design_1/ip/design_1_auto_ds_1/design_1_auto_ds_1.dcp
INFO: [IP_Flow 19-4993] Using cached IP synthesis design for IP design_1_auto_ds_1, cache-ID = 5a13e1c143815096; cache size = 2.537 MB.
[Wed Feb 11 03:10:53 2026] Launched design_1_auto_ds_1_synth_1...
Run output will be captured here: /home/jgaitan/Documents/proyecto_1_borrador/project_1/project_1.runs/design_1_auto_ds_1_synth_1/runme.log
wait_on_run design_1_auto_ds_1_synth_1
[Wed Feb 11 03:10:53 2026] Waiting for design_1_auto_ds_1_synth_1 to finish...
[Wed Feb 11 03:10:58 2026] Waiting for design_1_auto_ds_1_synth_1 to finish...
[Wed Feb 11 03:11:03 2026] Waiting for design_1_auto_ds_1_synth_1 to finish...
[Wed Feb 11 03:11:08 2026] Waiting for design_1_auto_ds_1_synth_1 to finish...
[Wed Feb 11 03:11:18 2026] Waiting for design_1_auto_ds_1_synth_1 to finish...

*** Running vivado
    with args -log design_1_auto_ds_1.vds -m64 -product Vivado -mode batch -messageDb vivado.pb -notrace -source design_1_auto_ds_1.tcl


****** Vivado v2023.2 (64-bit)
  **** SW Build 4029153 on Fri Oct 13 20:13:54 MDT 2023
  **** IP Build 4028589 on Sat Oct 14 00:45:43 MDT 2023
  **** SharedData Build 4025554 on Tue Oct 10 17:18:54 MDT 2023
    ** Copyright 1986-2022 Xilinx, Inc. All Rights Reserved.
    ** Copyright 2022-2023 Advanced Micro Devices, Inc. All Rights Reserved.

source design_1_auto_ds_1.tcl -notrace
create_project: Time (s): cpu = 00:00:05 ; elapsed = 00:00:05 . Memory (MB): peak = 1337.809 ; gain = 0.023 ; free physical = 16333 ; free virtual = 29788
INFO: [IP_Flow 19-6924] IPCACHE: Running cache check for IP inst: design_1_auto_ds_1
INFO: [IP_Flow 19-6922] IPCACHE: Exporting cached entry 5a13e1c143815096 to dir: /home/jgaitan/Documents/proyecto_1_borrador/project_1/project_1.runs/design_1_auto_ds_1_synth_1
INFO: [IP_Flow 19-6928] IPCACHE: copied cached file /home/jgaitan/Documents/proyecto_1_borrador/project_1/project_1.cache/ip/2023.2/5/a/5a13e1c143815096/design_1_auto_ds_0_stub.vhdl to /home/jgaitan/Documents/proyecto_1_borrador/project_1/project_1.runs/design_1_auto_ds_1_synth_1/design_1_auto_ds_1_stub.vhdl.
INFO: [IP_Flow 19-6928] IPCACHE: copied cached file /home/jgaitan/Documents/proyecto_1_borrador/project_1/project_1.cache/ip/2023.2/5/a/5a13e1c143815096/design_1_auto_ds_0_stub.v to /home/jgaitan/Documents/proyecto_1_borrador/project_1/project_1.runs/design_1_auto_ds_1_synth_1/design_1_auto_ds_1_stub.v.
INFO: [IP_Flow 19-6928] IPCACHE: copied cached file /home/jgaitan/Documents/proyecto_1_borrador/project_1/project_1.cache/ip/2023.2/5/a/5a13e1c143815096/design_1_auto_ds_0_sim_netlist.vhdl to /home/jgaitan/Documents/proyecto_1_borrador/project_1/project_1.runs/design_1_auto_ds_1_synth_1/design_1_auto_ds_1_sim_netlist.vhdl.
INFO: [IP_Flow 19-6928] IPCACHE: copied cached file /home/jgaitan/Documents/proyecto_1_borrador/project_1/project_1.cache/ip/2023.2/5/a/5a13e1c143815096/design_1_auto_ds_0_sim_netlist.v to /home/jgaitan/Documents/proyecto_1_borrador/project_1/project_1.runs/design_1_auto_ds_1_synth_1/design_1_auto_ds_1_sim_netlist.v.
INFO: [IP_Flow 19-6928] IPCACHE: copied cached file /home/jgaitan/Documents/proyecto_1_borrador/project_1/project_1.cache/ip/2023.2/5/a/5a13e1c143815096/design_1_auto_ds_0.dcp to /home/jgaitan/Documents/proyecto_1_borrador/project_1/project_1.runs/design_1_auto_ds_1_synth_1/design_1_auto_ds_1.dcp.
INFO: [IP_Flow 19-4838] Using cached IP synthesis design for IP design_1_auto_ds_1, cache-ID = 5a13e1c143815096.
INFO: [Common 17-206] Exiting Vivado at Wed Feb 11 03:11:05 2026...
[Wed Feb 11 03:11:18 2026] design_1_auto_ds_1_synth_1 finished
wait_on_runs: Time (s): cpu = 00:00:02 ; elapsed = 00:00:25 . Memory (MB): peak = 9874.211 ; gain = 0.000 ; free physical = 16794 ; free virtual = 30251
launch_runs design_1_auto_pc_0_synth_1
INFO: [IP_Flow 19-6924] IPCACHE: Running cache check for IP inst: design_1_auto_pc_0
[Wed Feb 11 03:11:19 2026] Launched design_1_auto_pc_0_synth_1...
Run output will be captured here: /home/jgaitan/Documents/proyecto_1_borrador/project_1/project_1.runs/design_1_auto_pc_0_synth_1/runme.log
wait_on_run design_1_auto_pc_0_synth_1
[Wed Feb 11 03:11:19 2026] Waiting for design_1_auto_pc_0_synth_1 to finish...
[Wed Feb 11 03:11:24 2026] Waiting for design_1_auto_pc_0_synth_1 to finish...
[Wed Feb 11 03:11:29 2026] Waiting for design_1_auto_pc_0_synth_1 to finish...
[Wed Feb 11 03:11:34 2026] Waiting for design_1_auto_pc_0_synth_1 to finish...
[Wed Feb 11 03:11:44 2026] Waiting for design_1_auto_pc_0_synth_1 to finish...
[Wed Feb 11 03:11:54 2026] Waiting for design_1_auto_pc_0_synth_1 to finish...
[Wed Feb 11 03:12:04 2026] Waiting for design_1_auto_pc_0_synth_1 to finish...
[Wed Feb 11 03:12:14 2026] Waiting for design_1_auto_pc_0_synth_1 to finish...

*** Running vivado
    with args -log design_1_auto_pc_0.vds -m64 -product Vivado -mode batch -messageDb vivado.pb -notrace -source design_1_auto_pc_0.tcl


****** Vivado v2023.2 (64-bit)
  **** SW Build 4029153 on Fri Oct 13 20:13:54 MDT 2023
  **** IP Build 4028589 on Sat Oct 14 00:45:43 MDT 2023
  **** SharedData Build 4025554 on Tue Oct 10 17:18:54 MDT 2023
    ** Copyright 1986-2022 Xilinx, Inc. All Rights Reserved.
    ** Copyright 2022-2023 Advanced Micro Devices, Inc. All Rights Reserved.

source design_1_auto_pc_0.tcl -notrace
create_project: Time (s): cpu = 00:00:05 ; elapsed = 00:00:06 . Memory (MB): peak = 1340.777 ; gain = 0.023 ; free physical = 16300 ; free virtual = 29758
INFO: [IP_Flow 19-6924] IPCACHE: Running cache check for IP inst: design_1_auto_pc_0
Command: synth_design -top design_1_auto_pc_0 -part xck26-sfvc784-2LV-c -incremental_mode off -mode out_of_context
Starting synth_design
Attempting to get a license for feature 'Synthesis' and/or device 'xck26'
INFO: [Common 17-349] Got license for feature 'Synthesis' and/or device 'xck26'
INFO: [Device 21-403] Loading part xck26-sfvc784-2LV-c
INFO: [Synth 8-7079] Multithreading enabled for synth_design using a maximum of 4 processes.
INFO: [Synth 8-7078] Launching helper process for spawning children vivado processes
INFO: [Synth 8-7075] Helper process launched with PID 3422515
---------------------------------------------------------------------------------
Starting RTL Elaboration : Time (s): cpu = 00:00:04 ; elapsed = 00:00:05 . Memory (MB): peak = 2599.492 ; gain = 285.777 ; free physical = 14803 ; free virtual = 28261
---------------------------------------------------------------------------------
INFO: [Synth 8-6157] synthesizing module 'design_1_auto_pc_0' [/home/jgaitan/Documents/proyecto_1_borrador/project_1/project_1.gen/sources_1/bd/design_1/ip/design_1_auto_pc_0/synth/design_1_auto_pc_0.v:53]
INFO: [Synth 8-6157] synthesizing module 'axi_protocol_converter_v2_1_29_axi_protocol_converter' [/home/jgaitan/Documents/proyecto_1_borrador/project_1/project_1.gen/sources_1/bd/design_1/ipshared/a63f/hdl/axi_protocol_converter_v2_1_vl_rfs.v:5285]
INFO: [Synth 8-6157] synthesizing module 'axi_protocol_converter_v2_1_29_b2s' [/home/jgaitan/Documents/proyecto_1_borrador/project_1/project_1.gen/sources_1/bd/design_1/ipshared/a63f/hdl/axi_protocol_converter_v2_1_vl_rfs.v:4704]
INFO: [Synth 8-6157] synthesizing module 'axi_protocol_converter_v2_1_29_b2s_aw_channel' [/home/jgaitan/Documents/proyecto_1_borrador/project_1/project_1.gen/sources_1/bd/design_1/ipshared/a63f/hdl/axi_protocol_converter_v2_1_vl_rfs.v:4360]
INFO: [Synth 8-6157] synthesizing module 'axi_protocol_converter_v2_1_29_b2s_cmd_translator' [/home/jgaitan/Documents/proyecto_1_borrador/project_1/project_1.gen/sources_1/bd/design_1/ipshared/a63f/hdl/axi_protocol_converter_v2_1_vl_rfs.v:3720]
INFO: [Synth 8-6157] synthesizing module 'axi_protocol_converter_v2_1_29_b2s_incr_cmd' [/home/jgaitan/Documents/proyecto_1_borrador/project_1/project_1.gen/sources_1/bd/design_1/ipshared/a63f/hdl/axi_protocol_converter_v2_1_vl_rfs.v:3216]
INFO: [Synth 8-6155] done synthesizing module 'axi_protocol_converter_v2_1_29_b2s_incr_cmd' (0#1) [/home/jgaitan/Documents/proyecto_1_borrador/project_1/project_1.gen/sources_1/bd/design_1/ipshared/a63f/hdl/axi_protocol_converter_v2_1_vl_rfs.v:3216]
INFO: [Synth 8-6157] synthesizing module 'axi_protocol_converter_v2_1_29_b2s_wrap_cmd' [/home/jgaitan/Documents/proyecto_1_borrador/project_1/project_1.gen/sources_1/bd/design_1/ipshared/a63f/hdl/axi_protocol_converter_v2_1_vl_rfs.v:2982]
INFO: [Synth 8-6155] done synthesizing module 'axi_protocol_converter_v2_1_29_b2s_wrap_cmd' (0#1) [/home/jgaitan/Documents/proyecto_1_borrador/project_1/project_1.gen/sources_1/bd/design_1/ipshared/a63f/hdl/axi_protocol_converter_v2_1_vl_rfs.v:2982]
INFO: [Synth 8-6155] done synthesizing module 'axi_protocol_converter_v2_1_29_b2s_cmd_translator' (0#1) [/home/jgaitan/Documents/proyecto_1_borrador/project_1/project_1.gen/sources_1/bd/design_1/ipshared/a63f/hdl/axi_protocol_converter_v2_1_vl_rfs.v:3720]
INFO: [Synth 8-6157] synthesizing module 'axi_protocol_converter_v2_1_29_b2s_wr_cmd_fsm' [/home/jgaitan/Documents/proyecto_1_borrador/project_1/project_1.gen/sources_1/bd/design_1/ipshared/a63f/hdl/axi_protocol_converter_v2_1_vl_rfs.v:3392]
INFO: [Synth 8-226] default block is never used [/home/jgaitan/Documents/proyecto_1_borrador/project_1/project_1.gen/sources_1/bd/design_1/ipshared/a63f/hdl/axi_protocol_converter_v2_1_vl_rfs.v:3446]
INFO: [Synth 8-6155] done synthesizing module 'axi_protocol_converter_v2_1_29_b2s_wr_cmd_fsm' (0#1) [/home/jgaitan/Documents/proyecto_1_borrador/project_1/project_1.gen/sources_1/bd/design_1/ipshared/a63f/hdl/axi_protocol_converter_v2_1_vl_rfs.v:3392]
INFO: [Synth 8-6155] done synthesizing module 'axi_protocol_converter_v2_1_29_b2s_aw_channel' (0#1) [/home/jgaitan/Documents/proyecto_1_borrador/project_1/project_1.gen/sources_1/bd/design_1/ipshared/a63f/hdl/axi_protocol_converter_v2_1_vl_rfs.v:4360]
INFO: [Synth 8-6157] synthesizing module 'axi_protocol_converter_v2_1_29_b2s_b_channel' [/home/jgaitan/Documents/proyecto_1_borrador/project_1/project_1.gen/sources_1/bd/design_1/ipshared/a63f/hdl/axi_protocol_converter_v2_1_vl_rfs.v:3906]
INFO: [Synth 8-6157] synthesizing module 'axi_protocol_converter_v2_1_29_b2s_simple_fifo' [/home/jgaitan/Documents/proyecto_1_borrador/project_1/project_1.gen/sources_1/bd/design_1/ipshared/a63f/hdl/axi_protocol_converter_v2_1_vl_rfs.v:2852]
INFO: [Synth 8-6155] done synthesizing module 'axi_protocol_converter_v2_1_29_b2s_simple_fifo' (0#1) [/home/jgaitan/Documents/proyecto_1_borrador/project_1/project_1.gen/sources_1/bd/design_1/ipshared/a63f/hdl/axi_protocol_converter_v2_1_vl_rfs.v:2852]
INFO: [Synth 8-6157] synthesizing module 'axi_protocol_converter_v2_1_29_b2s_simple_fifo__parameterized0' [/home/jgaitan/Documents/proyecto_1_borrador/project_1/project_1.gen/sources_1/bd/design_1/ipshared/a63f/hdl/axi_protocol_converter_v2_1_vl_rfs.v:2852]
INFO: [Synth 8-6155] done synthesizing module 'axi_protocol_converter_v2_1_29_b2s_simple_fifo__parameterized0' (0#1) [/home/jgaitan/Documents/proyecto_1_borrador/project_1/project_1.gen/sources_1/bd/design_1/ipshared/a63f/hdl/axi_protocol_converter_v2_1_vl_rfs.v:2852]
INFO: [Synth 8-6155] done synthesizing module 'axi_protocol_converter_v2_1_29_b2s_b_channel' (0#1) [/home/jgaitan/Documents/proyecto_1_borrador/project_1/project_1.gen/sources_1/bd/design_1/ipshared/a63f/hdl/axi_protocol_converter_v2_1_vl_rfs.v:3906]
INFO: [Synth 8-6157] synthesizing module 'axi_protocol_converter_v2_1_29_b2s_ar_channel' [/home/jgaitan/Documents/proyecto_1_borrador/project_1/project_1.gen/sources_1/bd/design_1/ipshared/a63f/hdl/axi_protocol_converter_v2_1_vl_rfs.v:4516]
INFO: [Synth 8-6157] synthesizing module 'axi_protocol_converter_v2_1_29_b2s_rd_cmd_fsm' [/home/jgaitan/Documents/proyecto_1_borrador/project_1/project_1.gen/sources_1/bd/design_1/ipshared/a63f/hdl/axi_protocol_converter_v2_1_vl_rfs.v:3546]
INFO: [Synth 8-226] default block is never used [/home/jgaitan/Documents/proyecto_1_borrador/project_1/project_1.gen/sources_1/bd/design_1/ipshared/a63f/hdl/axi_protocol_converter_v2_1_vl_rfs.v:3608]
INFO: [Synth 8-6155] done synthesizing module 'axi_protocol_converter_v2_1_29_b2s_rd_cmd_fsm' (0#1) [/home/jgaitan/Documents/proyecto_1_borrador/project_1/project_1.gen/sources_1/bd/design_1/ipshared/a63f/hdl/axi_protocol_converter_v2_1_vl_rfs.v:3546]
INFO: [Synth 8-6155] done synthesizing module 'axi_protocol_converter_v2_1_29_b2s_ar_channel' (0#1) [/home/jgaitan/Documents/proyecto_1_borrador/project_1/project_1.gen/sources_1/bd/design_1/ipshared/a63f/hdl/axi_protocol_converter_v2_1_vl_rfs.v:4516]
INFO: [Synth 8-6157] synthesizing module 'axi_protocol_converter_v2_1_29_b2s_r_channel' [/home/jgaitan/Documents/proyecto_1_borrador/project_1/project_1.gen/sources_1/bd/design_1/ipshared/a63f/hdl/axi_protocol_converter_v2_1_vl_rfs.v:4155]
INFO: [Synth 8-6157] synthesizing module 'axi_protocol_converter_v2_1_29_b2s_simple_fifo__parameterized1' [/home/jgaitan/Documents/proyecto_1_borrador/project_1/project_1.gen/sources_1/bd/design_1/ipshared/a63f/hdl/axi_protocol_converter_v2_1_vl_rfs.v:2852]
INFO: [Synth 8-6155] done synthesizing module 'axi_protocol_converter_v2_1_29_b2s_simple_fifo__parameterized1' (0#1) [/home/jgaitan/Documents/proyecto_1_borrador/project_1/project_1.gen/sources_1/bd/design_1/ipshared/a63f/hdl/axi_protocol_converter_v2_1_vl_rfs.v:2852]
INFO: [Synth 8-6157] synthesizing module 'axi_protocol_converter_v2_1_29_b2s_simple_fifo__parameterized2' [/home/jgaitan/Documents/proyecto_1_borrador/project_1/project_1.gen/sources_1/bd/design_1/ipshared/a63f/hdl/axi_protocol_converter_v2_1_vl_rfs.v:2852]
INFO: [Synth 8-6155] done synthesizing module 'axi_protocol_converter_v2_1_29_b2s_simple_fifo__parameterized2' (0#1) [/home/jgaitan/Documents/proyecto_1_borrador/project_1/project_1.gen/sources_1/bd/design_1/ipshared/a63f/hdl/axi_protocol_converter_v2_1_vl_rfs.v:2852]
INFO: [Synth 8-6155] done synthesizing module 'axi_protocol_converter_v2_1_29_b2s_r_channel' (0#1) [/home/jgaitan/Documents/proyecto_1_borrador/project_1/project_1.gen/sources_1/bd/design_1/ipshared/a63f/hdl/axi_protocol_converter_v2_1_vl_rfs.v:4155]
INFO: [Synth 8-6157] synthesizing module 'axi_register_slice_v2_1_29_axi_register_slice' [/home/jgaitan/Documents/proyecto_1_borrador/project_1/project_1.gen/sources_1/bd/design_1/ipshared/ff9f/hdl/axi_register_slice_v2_1_vl_rfs.v:3718]
INFO: [Synth 8-6157] synthesizing module 'axi_infrastructure_v1_1_0_axi2vector' [/home/jgaitan/Documents/proyecto_1_borrador/project_1/project_1.gen/sources_1/bd/design_1/ipshared/ec67/hdl/axi_infrastructure_v1_1_vl_rfs.v:59]
INFO: [Synth 8-6155] done synthesizing module 'axi_infrastructure_v1_1_0_axi2vector' (0#1) [/home/jgaitan/Documents/proyecto_1_borrador/project_1/project_1.gen/sources_1/bd/design_1/ipshared/ec67/hdl/axi_infrastructure_v1_1_vl_rfs.v:59]
INFO: [Synth 8-6157] synthesizing module 'axi_infrastructure_v1_1_0_vector2axi' [/home/jgaitan/Documents/proyecto_1_borrador/project_1/project_1.gen/sources_1/bd/design_1/ipshared/ec67/hdl/axi_infrastructure_v1_1_vl_rfs.v:473]
INFO: [Synth 8-6155] done synthesizing module 'axi_infrastructure_v1_1_0_vector2axi' (0#1) [/home/jgaitan/Documents/proyecto_1_borrador/project_1/project_1.gen/sources_1/bd/design_1/ipshared/ec67/hdl/axi_infrastructure_v1_1_vl_rfs.v:473]
INFO: [Synth 8-6157] synthesizing module 'axi_register_slice_v2_1_29_axic_register_slice' [/home/jgaitan/Documents/proyecto_1_borrador/project_1/project_1.gen/sources_1/bd/design_1/ipshared/ff9f/hdl/axi_register_slice_v2_1_vl_rfs.v:1492]
INFO: [Synth 8-6155] done synthesizing module 'axi_register_slice_v2_1_29_axic_register_slice' (0#1) [/home/jgaitan/Documents/proyecto_1_borrador/project_1/project_1.gen/sources_1/bd/design_1/ipshared/ff9f/hdl/axi_register_slice_v2_1_vl_rfs.v:1492]
INFO: [Synth 8-6157] synthesizing module 'axi_register_slice_v2_1_29_axic_register_slice__parameterized0' [/home/jgaitan/Documents/proyecto_1_borrador/project_1/project_1.gen/sources_1/bd/design_1/ipshared/ff9f/hdl/axi_register_slice_v2_1_vl_rfs.v:1492]
INFO: [Synth 8-6155] done synthesizing module 'axi_register_slice_v2_1_29_axic_register_slice__parameterized0' (0#1) [/home/jgaitan/Documents/proyecto_1_borrador/project_1/project_1.gen/sources_1/bd/design_1/ipshared/ff9f/hdl/axi_register_slice_v2_1_vl_rfs.v:1492]
INFO: [Synth 8-6157] synthesizing module 'axi_register_slice_v2_1_29_axic_register_slice__parameterized1' [/home/jgaitan/Documents/proyecto_1_borrador/project_1/project_1.gen/sources_1/bd/design_1/ipshared/ff9f/hdl/axi_register_slice_v2_1_vl_rfs.v:1492]
INFO: [Synth 8-6155] done synthesizing module 'axi_register_slice_v2_1_29_axic_register_slice__parameterized1' (0#1) [/home/jgaitan/Documents/proyecto_1_borrador/project_1/project_1.gen/sources_1/bd/design_1/ipshared/ff9f/hdl/axi_register_slice_v2_1_vl_rfs.v:1492]
INFO: [Synth 8-6157] synthesizing module 'axi_register_slice_v2_1_29_axic_register_slice__parameterized2' [/home/jgaitan/Documents/proyecto_1_borrador/project_1/project_1.gen/sources_1/bd/design_1/ipshared/ff9f/hdl/axi_register_slice_v2_1_vl_rfs.v:1492]
INFO: [Synth 8-6155] done synthesizing module 'axi_register_slice_v2_1_29_axic_register_slice__parameterized2' (0#1) [/home/jgaitan/Documents/proyecto_1_borrador/project_1/project_1.gen/sources_1/bd/design_1/ipshared/ff9f/hdl/axi_register_slice_v2_1_vl_rfs.v:1492]
INFO: [Synth 8-6155] done synthesizing module 'axi_register_slice_v2_1_29_axi_register_slice' (0#1) [/home/jgaitan/Documents/proyecto_1_borrador/project_1/project_1.gen/sources_1/bd/design_1/ipshared/ff9f/hdl/axi_register_slice_v2_1_vl_rfs.v:3718]
WARNING: [Synth 8-7071] port 'aclk2x' of module 'axi_register_slice_v2_1_29_axi_register_slice' is unconnected for instance 'SI_REG' [/home/jgaitan/Documents/proyecto_1_borrador/project_1/project_1.gen/sources_1/bd/design_1/ipshared/a63f/hdl/axi_protocol_converter_v2_1_vl_rfs.v:4871]
WARNING: [Synth 8-7023] instance 'SI_REG' of module 'axi_register_slice_v2_1_29_axi_register_slice' has 93 connections declared, but only 92 given [/home/jgaitan/Documents/proyecto_1_borrador/project_1/project_1.gen/sources_1/bd/design_1/ipshared/a63f/hdl/axi_protocol_converter_v2_1_vl_rfs.v:4871]
INFO: [Synth 8-6157] synthesizing module 'axi_register_slice_v2_1_29_axi_register_slice__parameterized0' [/home/jgaitan/Documents/proyecto_1_borrador/project_1/project_1.gen/sources_1/bd/design_1/ipshared/ff9f/hdl/axi_register_slice_v2_1_vl_rfs.v:3718]
INFO: [Synth 8-6157] synthesizing module 'axi_infrastructure_v1_1_0_axi2vector__parameterized0' [/home/jgaitan/Documents/proyecto_1_borrador/project_1/project_1.gen/sources_1/bd/design_1/ipshared/ec67/hdl/axi_infrastructure_v1_1_vl_rfs.v:59]
INFO: [Synth 8-6155] done synthesizing module 'axi_infrastructure_v1_1_0_axi2vector__parameterized0' (0#1) [/home/jgaitan/Documents/proyecto_1_borrador/project_1/project_1.gen/sources_1/bd/design_1/ipshared/ec67/hdl/axi_infrastructure_v1_1_vl_rfs.v:59]
INFO: [Synth 8-6157] synthesizing module 'axi_infrastructure_v1_1_0_vector2axi__parameterized0' [/home/jgaitan/Documents/proyecto_1_borrador/project_1/project_1.gen/sources_1/bd/design_1/ipshared/ec67/hdl/axi_infrastructure_v1_1_vl_rfs.v:473]
INFO: [Synth 8-6155] done synthesizing module 'axi_infrastructure_v1_1_0_vector2axi__parameterized0' (0#1) [/home/jgaitan/Documents/proyecto_1_borrador/project_1/project_1.gen/sources_1/bd/design_1/ipshared/ec67/hdl/axi_infrastructure_v1_1_vl_rfs.v:473]
INFO: [Synth 8-6157] synthesizing module 'axi_register_slice_v2_1_29_axic_register_slice__parameterized3' [/home/jgaitan/Documents/proyecto_1_borrador/project_1/project_1.gen/sources_1/bd/design_1/ipshared/ff9f/hdl/axi_register_slice_v2_1_vl_rfs.v:1492]
INFO: [Synth 8-6155] done synthesizing module 'axi_register_slice_v2_1_29_axic_register_slice__parameterized3' (0#1) [/home/jgaitan/Documents/proyecto_1_borrador/project_1/project_1.gen/sources_1/bd/design_1/ipshared/ff9f/hdl/axi_register_slice_v2_1_vl_rfs.v:1492]
INFO: [Synth 8-6157] synthesizing module 'axi_register_slice_v2_1_29_axic_register_slice__parameterized4' [/home/jgaitan/Documents/proyecto_1_borrador/project_1/project_1.gen/sources_1/bd/design_1/ipshared/ff9f/hdl/axi_register_slice_v2_1_vl_rfs.v:1492]
INFO: [Synth 8-6155] done synthesizing module 'axi_register_slice_v2_1_29_axic_register_slice__parameterized4' (0#1) [/home/jgaitan/Documents/proyecto_1_borrador/project_1/project_1.gen/sources_1/bd/design_1/ipshared/ff9f/hdl/axi_register_slice_v2_1_vl_rfs.v:1492]
INFO: [Synth 8-6157] synthesizing module 'axi_register_slice_v2_1_29_axic_register_slice__parameterized5' [/home/jgaitan/Documents/proyecto_1_borrador/project_1/project_1.gen/sources_1/bd/design_1/ipshared/ff9f/hdl/axi_register_slice_v2_1_vl_rfs.v:1492]
INFO: [Synth 8-6155] done synthesizing module 'axi_register_slice_v2_1_29_axic_register_slice__parameterized5' (0#1) [/home/jgaitan/Documents/proyecto_1_borrador/project_1/project_1.gen/sources_1/bd/design_1/ipshared/ff9f/hdl/axi_register_slice_v2_1_vl_rfs.v:1492]
INFO: [Synth 8-6157] synthesizing module 'axi_register_slice_v2_1_29_axic_register_slice__parameterized6' [/home/jgaitan/Documents/proyecto_1_borrador/project_1/project_1.gen/sources_1/bd/design_1/ipshared/ff9f/hdl/axi_register_slice_v2_1_vl_rfs.v:1492]
INFO: [Synth 8-6155] done synthesizing module 'axi_register_slice_v2_1_29_axic_register_slice__parameterized6' (0#1) [/home/jgaitan/Documents/proyecto_1_borrador/project_1/project_1.gen/sources_1/bd/design_1/ipshared/ff9f/hdl/axi_register_slice_v2_1_vl_rfs.v:1492]
INFO: [Synth 8-6155] done synthesizing module 'axi_register_slice_v2_1_29_axi_register_slice__parameterized0' (0#1) [/home/jgaitan/Documents/proyecto_1_borrador/project_1/project_1.gen/sources_1/bd/design_1/ipshared/ff9f/hdl/axi_register_slice_v2_1_vl_rfs.v:3718]
WARNING: [Synth 8-7071] port 'aclk2x' of module 'axi_register_slice_v2_1_29_axi_register_slice' is unconnected for instance 'MI_REG' [/home/jgaitan/Documents/proyecto_1_borrador/project_1/project_1.gen/sources_1/bd/design_1/ipshared/a63f/hdl/axi_protocol_converter_v2_1_vl_rfs.v:5126]
WARNING: [Synth 8-7023] instance 'MI_REG' of module 'axi_register_slice_v2_1_29_axi_register_slice' has 93 connections declared, but only 92 given [/home/jgaitan/Documents/proyecto_1_borrador/project_1/project_1.gen/sources_1/bd/design_1/ipshared/a63f/hdl/axi_protocol_converter_v2_1_vl_rfs.v:5126]
INFO: [Synth 8-6155] done synthesizing module 'axi_protocol_converter_v2_1_29_b2s' (0#1) [/home/jgaitan/Documents/proyecto_1_borrador/project_1/project_1.gen/sources_1/bd/design_1/ipshared/a63f/hdl/axi_protocol_converter_v2_1_vl_rfs.v:4704]
INFO: [Synth 8-6155] done synthesizing module 'axi_protocol_converter_v2_1_29_axi_protocol_converter' (0#1) [/home/jgaitan/Documents/proyecto_1_borrador/project_1/project_1.gen/sources_1/bd/design_1/ipshared/a63f/hdl/axi_protocol_converter_v2_1_vl_rfs.v:5285]
INFO: [Synth 8-6155] done synthesizing module 'design_1_auto_pc_0' (0#1) [/home/jgaitan/Documents/proyecto_1_borrador/project_1/project_1.gen/sources_1/bd/design_1/ip/design_1_auto_pc_0/synth/design_1_auto_pc_0.v:53]
WARNING: [Synth 8-6014] Unused sequential element state_r1_reg was removed.  [/home/jgaitan/Documents/proyecto_1_borrador/project_1/project_1.gen/sources_1/bd/design_1/ipshared/a63f/hdl/axi_protocol_converter_v2_1_vl_rfs.v:3596]
WARNING: [Synth 8-6014] Unused sequential element s_arlen_r_reg was removed.  [/home/jgaitan/Documents/proyecto_1_borrador/project_1/project_1.gen/sources_1/bd/design_1/ipshared/a63f/hdl/axi_protocol_converter_v2_1_vl_rfs.v:3597]
WARNING: [Synth 8-7129] Port ACLK in module axi_register_slice_v2_1_29_axic_register_slice__parameterized6 is either unconnected or has no load
WARNING: [Synth 8-7129] Port ARESET in module axi_register_slice_v2_1_29_axic_register_slice__parameterized6 is either unconnected or has no load
WARNING: [Synth 8-7129] Port ACLK in module axi_register_slice_v2_1_29_axic_register_slice__parameterized3 is either unconnected or has no load
WARNING: [Synth 8-7129] Port ARESET in module axi_register_slice_v2_1_29_axic_register_slice__parameterized3 is either unconnected or has no load
WARNING: [Synth 8-7129] Port ACLK in module axi_register_slice_v2_1_29_axic_register_slice__parameterized5 is either unconnected or has no load
WARNING: [Synth 8-7129] Port ARESET in module axi_register_slice_v2_1_29_axic_register_slice__parameterized5 is either unconnected or has no load
WARNING: [Synth 8-7129] Port ACLK in module axi_register_slice_v2_1_29_axic_register_slice__parameterized4 is either unconnected or has no load
WARNING: [Synth 8-7129] Port ARESET in module axi_register_slice_v2_1_29_axic_register_slice__parameterized4 is either unconnected or has no load
WARNING: [Synth 8-7129] Port m_axi_bid[0] in module axi_infrastructure_v1_1_0_vector2axi__parameterized0 is either unconnected or has no load
WARNING: [Synth 8-7129] Port m_axi_buser[0] in module axi_infrastructure_v1_1_0_vector2axi__parameterized0 is either unconnected or has no load
WARNING: [Synth 8-7129] Port m_axi_rid[0] in module axi_infrastructure_v1_1_0_vector2axi__parameterized0 is either unconnected or has no load
WARNING: [Synth 8-7129] Port m_axi_rlast in module axi_infrastructure_v1_1_0_vector2axi__parameterized0 is either unconnected or has no load
WARNING: [Synth 8-7129] Port m_axi_ruser[0] in module axi_infrastructure_v1_1_0_vector2axi__parameterized0 is either unconnected or has no load
WARNING: [Synth 8-7129] Port s_axi_awid[0] in module axi_infrastructure_v1_1_0_axi2vector__parameterized0 is either unconnected or has no load
WARNING: [Synth 8-7129] Port s_axi_awlen[7] in module axi_infrastructure_v1_1_0_axi2vector__parameterized0 is either unconnected or has no load
WARNING: [Synth 8-7129] Port s_axi_awlen[6] in module axi_infrastructure_v1_1_0_axi2vector__parameterized0 is either unconnected or has no load
WARNING: [Synth 8-7129] Port s_axi_awlen[5] in module axi_infrastructure_v1_1_0_axi2vector__parameterized0 is either unconnected or has no load
WARNING: [Synth 8-7129] Port s_axi_awlen[4] in module axi_infrastructure_v1_1_0_axi2vector__parameterized0 is either unconnected or has no load
WARNING: [Synth 8-7129] Port s_axi_awlen[3] in module axi_infrastructure_v1_1_0_axi2vector__parameterized0 is either unconnected or has no load
WARNING: [Synth 8-7129] Port s_axi_awlen[2] in module axi_infrastructure_v1_1_0_axi2vector__parameterized0 is either unconnected or has no load
WARNING: [Synth 8-7129] Port s_axi_awlen[1] in module axi_infrastructure_v1_1_0_axi2vector__parameterized0 is either unconnected or has no load
WARNING: [Synth 8-7129] Port s_axi_awlen[0] in module axi_infrastructure_v1_1_0_axi2vector__parameterized0 is either unconnected or has no load
WARNING: [Synth 8-7129] Port s_axi_awsize[2] in module axi_infrastructure_v1_1_0_axi2vector__parameterized0 is either unconnected or has no load
WARNING: [Synth 8-7129] Port s_axi_awsize[1] in module axi_infrastructure_v1_1_0_axi2vector__parameterized0 is either unconnected or has no load
WARNING: [Synth 8-7129] Port s_axi_awsize[0] in module axi_infrastructure_v1_1_0_axi2vector__parameterized0 is either unconnected or has no load
WARNING: [Synth 8-7129] Port s_axi_awburst[1] in module axi_infrastructure_v1_1_0_axi2vector__parameterized0 is either unconnected or has no load
WARNING: [Synth 8-7129] Port s_axi_awburst[0] in module axi_infrastructure_v1_1_0_axi2vector__parameterized0 is either unconnected or has no load
WARNING: [Synth 8-7129] Port s_axi_awlock[0] in module axi_infrastructure_v1_1_0_axi2vector__parameterized0 is either unconnected or has no load
WARNING: [Synth 8-7129] Port s_axi_awcache[3] in module axi_infrastructure_v1_1_0_axi2vector__parameterized0 is either unconnected or has no load
WARNING: [Synth 8-7129] Port s_axi_awcache[2] in module axi_infrastructure_v1_1_0_axi2vector__parameterized0 is either unconnected or has no load
WARNING: [Synth 8-7129] Port s_axi_awcache[1] in module axi_infrastructure_v1_1_0_axi2vector__parameterized0 is either unconnected or has no load
WARNING: [Synth 8-7129] Port s_axi_awcache[0] in module axi_infrastructure_v1_1_0_axi2vector__parameterized0 is either unconnected or has no load
WARNING: [Synth 8-7129] Port s_axi_awregion[3] in module axi_infrastructure_v1_1_0_axi2vector__parameterized0 is either unconnected or has no load
WARNING: [Synth 8-7129] Port s_axi_awregion[2] in module axi_infrastructure_v1_1_0_axi2vector__parameterized0 is either unconnected or has no load
WARNING: [Synth 8-7129] Port s_axi_awregion[1] in module axi_infrastructure_v1_1_0_axi2vector__parameterized0 is either unconnected or has no load
WARNING: [Synth 8-7129] Port s_axi_awregion[0] in module axi_infrastructure_v1_1_0_axi2vector__parameterized0 is either unconnected or has no load
WARNING: [Synth 8-7129] Port s_axi_awqos[3] in module axi_infrastructure_v1_1_0_axi2vector__parameterized0 is either unconnected or has no load
WARNING: [Synth 8-7129] Port s_axi_awqos[2] in module axi_infrastructure_v1_1_0_axi2vector__parameterized0 is either unconnected or has no load
WARNING: [Synth 8-7129] Port s_axi_awqos[1] in module axi_infrastructure_v1_1_0_axi2vector__parameterized0 is either unconnected or has no load
WARNING: [Synth 8-7129] Port s_axi_awqos[0] in module axi_infrastructure_v1_1_0_axi2vector__parameterized0 is either unconnected or has no load
WARNING: [Synth 8-7129] Port s_axi_awuser[0] in module axi_infrastructure_v1_1_0_axi2vector__parameterized0 is either unconnected or has no load
WARNING: [Synth 8-7129] Port s_axi_wid[0] in module axi_infrastructure_v1_1_0_axi2vector__parameterized0 is either unconnected or has no load
WARNING: [Synth 8-7129] Port s_axi_wlast in module axi_infrastructure_v1_1_0_axi2vector__parameterized0 is either unconnected or has no load
WARNING: [Synth 8-7129] Port s_axi_wuser[0] in module axi_infrastructure_v1_1_0_axi2vector__parameterized0 is either unconnected or has no load
WARNING: [Synth 8-7129] Port s_axi_arid[0] in module axi_infrastructure_v1_1_0_axi2vector__parameterized0 is either unconnected or has no load
WARNING: [Synth 8-7129] Port s_axi_arlen[7] in module axi_infrastructure_v1_1_0_axi2vector__parameterized0 is either unconnected or has no load
WARNING: [Synth 8-7129] Port s_axi_arlen[6] in module axi_infrastructure_v1_1_0_axi2vector__parameterized0 is either unconnected or has no load
WARNING: [Synth 8-7129] Port s_axi_arlen[5] in module axi_infrastructure_v1_1_0_axi2vector__parameterized0 is either unconnected or has no load
WARNING: [Synth 8-7129] Port s_axi_arlen[4] in module axi_infrastructure_v1_1_0_axi2vector__parameterized0 is either unconnected or has no load
WARNING: [Synth 8-7129] Port s_axi_arlen[3] in module axi_infrastructure_v1_1_0_axi2vector__parameterized0 is either unconnected or has no load
WARNING: [Synth 8-7129] Port s_axi_arlen[2] in module axi_infrastructure_v1_1_0_axi2vector__parameterized0 is either unconnected or has no load
WARNING: [Synth 8-7129] Port s_axi_arlen[1] in module axi_infrastructure_v1_1_0_axi2vector__parameterized0 is either unconnected or has no load
WARNING: [Synth 8-7129] Port s_axi_arlen[0] in module axi_infrastructure_v1_1_0_axi2vector__parameterized0 is either unconnected or has no load
WARNING: [Synth 8-7129] Port s_axi_arsize[2] in module axi_infrastructure_v1_1_0_axi2vector__parameterized0 is either unconnected or has no load
WARNING: [Synth 8-7129] Port s_axi_arsize[1] in module axi_infrastructure_v1_1_0_axi2vector__parameterized0 is either unconnected or has no load
WARNING: [Synth 8-7129] Port s_axi_arsize[0] in module axi_infrastructure_v1_1_0_axi2vector__parameterized0 is either unconnected or has no load
WARNING: [Synth 8-7129] Port s_axi_arburst[1] in module axi_infrastructure_v1_1_0_axi2vector__parameterized0 is either unconnected or has no load
WARNING: [Synth 8-7129] Port s_axi_arburst[0] in module axi_infrastructure_v1_1_0_axi2vector__parameterized0 is either unconnected or has no load
WARNING: [Synth 8-7129] Port s_axi_arlock[0] in module axi_infrastructure_v1_1_0_axi2vector__parameterized0 is either unconnected or has no load
WARNING: [Synth 8-7129] Port s_axi_arcache[3] in module axi_infrastructure_v1_1_0_axi2vector__parameterized0 is either unconnected or has no load
WARNING: [Synth 8-7129] Port s_axi_arcache[2] in module axi_infrastructure_v1_1_0_axi2vector__parameterized0 is either unconnected or has no load
WARNING: [Synth 8-7129] Port s_axi_arcache[1] in module axi_infrastructure_v1_1_0_axi2vector__parameterized0 is either unconnected or has no load
WARNING: [Synth 8-7129] Port s_axi_arcache[0] in module axi_infrastructure_v1_1_0_axi2vector__parameterized0 is either unconnected or has no load
WARNING: [Synth 8-7129] Port s_axi_arregion[3] in module axi_infrastructure_v1_1_0_axi2vector__parameterized0 is either unconnected or has no load
WARNING: [Synth 8-7129] Port s_axi_arregion[2] in module axi_infrastructure_v1_1_0_axi2vector__parameterized0 is either unconnected or has no load
WARNING: [Synth 8-7129] Port s_axi_arregion[1] in module axi_infrastructure_v1_1_0_axi2vector__parameterized0 is either unconnected or has no load
WARNING: [Synth 8-7129] Port s_axi_arregion[0] in module axi_infrastructure_v1_1_0_axi2vector__parameterized0 is either unconnected or has no load
WARNING: [Synth 8-7129] Port s_axi_arqos[3] in module axi_infrastructure_v1_1_0_axi2vector__parameterized0 is either unconnected or has no load
WARNING: [Synth 8-7129] Port s_axi_arqos[2] in module axi_infrastructure_v1_1_0_axi2vector__parameterized0 is either unconnected or has no load
WARNING: [Synth 8-7129] Port s_axi_arqos[1] in module axi_infrastructure_v1_1_0_axi2vector__parameterized0 is either unconnected or has no load
WARNING: [Synth 8-7129] Port s_axi_arqos[0] in module axi_infrastructure_v1_1_0_axi2vector__parameterized0 is either unconnected or has no load
WARNING: [Synth 8-7129] Port s_axi_aruser[0] in module axi_infrastructure_v1_1_0_axi2vector__parameterized0 is either unconnected or has no load
WARNING: [Synth 8-7129] Port aclk2x in module axi_register_slice_v2_1_29_axi_register_slice__parameterized0 is either unconnected or has no load
WARNING: [Synth 8-7129] Port ACLK in module axi_register_slice_v2_1_29_axic_register_slice__parameterized0 is either unconnected or has no load
WARNING: [Synth 8-7129] Port ARESET in module axi_register_slice_v2_1_29_axic_register_slice__parameterized0 is either unconnected or has no load
WARNING: [Synth 8-7129] Port m_axi_buser[0] in module axi_infrastructure_v1_1_0_vector2axi is either unconnected or has no load
WARNING: [Synth 8-7129] Port m_axi_ruser[0] in module axi_infrastructure_v1_1_0_vector2axi is either unconnected or has no load
WARNING: [Synth 8-7129] Port s_axi_awuser[0] in module axi_infrastructure_v1_1_0_axi2vector is either unconnected or has no load
WARNING: [Synth 8-7129] Port s_axi_wid[0] in module axi_infrastructure_v1_1_0_axi2vector is either unconnected or has no load
WARNING: [Synth 8-7129] Port s_axi_wuser[0] in module axi_infrastructure_v1_1_0_axi2vector is either unconnected or has no load
WARNING: [Synth 8-7129] Port s_axi_aruser[0] in module axi_infrastructure_v1_1_0_axi2vector is either unconnected or has no load
WARNING: [Synth 8-7129] Port aclk2x in module axi_register_slice_v2_1_29_axi_register_slice is either unconnected or has no load
WARNING: [Synth 8-7129] Port s_arlen[7] in module axi_protocol_converter_v2_1_29_b2s_rd_cmd_fsm is either unconnected or has no load
WARNING: [Synth 8-7129] Port s_arlen[6] in module axi_protocol_converter_v2_1_29_b2s_rd_cmd_fsm is either unconnected or has no load
WARNING: [Synth 8-7129] Port s_arlen[5] in module axi_protocol_converter_v2_1_29_b2s_rd_cmd_fsm is either unconnected or has no load
WARNING: [Synth 8-7129] Port s_arlen[4] in module axi_protocol_converter_v2_1_29_b2s_rd_cmd_fsm is either unconnected or has no load
WARNING: [Synth 8-7129] Port s_arlen[3] in module axi_protocol_converter_v2_1_29_b2s_rd_cmd_fsm is either unconnected or has no load
WARNING: [Synth 8-7129] Port s_arlen[2] in module axi_protocol_converter_v2_1_29_b2s_rd_cmd_fsm is either unconnected or has no load
WARNING: [Synth 8-7129] Port s_arlen[1] in module axi_protocol_converter_v2_1_29_b2s_rd_cmd_fsm is either unconnected or has no load
WARNING: [Synth 8-7129] Port s_arlen[0] in module axi_protocol_converter_v2_1_29_b2s_rd_cmd_fsm is either unconnected or has no load
WARNING: [Synth 8-7129] Port axlen[7] in module axi_protocol_converter_v2_1_29_b2s_wrap_cmd is either unconnected or has no load
WARNING: [Synth 8-7129] Port axlen[6] in module axi_protocol_converter_v2_1_29_b2s_wrap_cmd is either unconnected or has no load
WARNING: [Synth 8-7129] Port axlen[5] in module axi_protocol_converter_v2_1_29_b2s_wrap_cmd is either unconnected or has no load
WARNING: [Synth 8-7129] Port axlen[4] in module axi_protocol_converter_v2_1_29_b2s_wrap_cmd is either unconnected or has no load
WARNING: [Synth 8-7129] Port axsize[2] in module axi_protocol_converter_v2_1_29_b2s_wrap_cmd is either unconnected or has no load
WARNING: [Synth 8-7129] Port axsize[2] in module axi_protocol_converter_v2_1_29_b2s_incr_cmd is either unconnected or has no load
WARNING: [Synth 8-7129] Port b_resp_rdy in module axi_protocol_converter_v2_1_29_b2s_b_channel is either unconnected or has no load
WARNING: [Synth 8-7129] Port s_axi_awlock[0] in module axi_protocol_converter_v2_1_29_axi_protocol_converter is either unconnected or has no load
WARNING: [Synth 8-7129] Port s_axi_awcache[3] in module axi_protocol_converter_v2_1_29_axi_protocol_converter is either unconnected or has no load
WARNING: [Synth 8-7129] Port s_axi_awcache[2] in module axi_protocol_converter_v2_1_29_axi_protocol_converter is either unconnected or has no load
INFO: [Common 17-14] Message 'Synth 8-7129' appears 100 times and further instances of the messages will be disabled. Use the Tcl command set_msg_config to change the current settings.
---------------------------------------------------------------------------------
Finished RTL Elaboration : Time (s): cpu = 00:00:09 ; elapsed = 00:00:10 . Memory (MB): peak = 2787.430 ; gain = 473.715 ; free physical = 14594 ; free virtual = 28052
---------------------------------------------------------------------------------
---------------------------------------------------------------------------------
Start Handling Custom Attributes
---------------------------------------------------------------------------------
---------------------------------------------------------------------------------
Finished Handling Custom Attributes : Time (s): cpu = 00:00:09 ; elapsed = 00:00:10 . Memory (MB): peak = 2787.430 ; gain = 473.715 ; free physical = 14594 ; free virtual = 28053
---------------------------------------------------------------------------------
---------------------------------------------------------------------------------
Finished RTL Optimization Phase 1 : Time (s): cpu = 00:00:09 ; elapsed = 00:00:10 . Memory (MB): peak = 2787.430 ; gain = 473.715 ; free physical = 14594 ; free virtual = 28053
---------------------------------------------------------------------------------
Netlist sorting complete. Time (s): cpu = 00:00:00.02 ; elapsed = 00:00:00.02 . Memory (MB): peak = 2787.430 ; gain = 0.000 ; free physical = 14595 ; free virtual = 28053
INFO: [Project 1-570] Preparing netlist for logic optimization

Processing XDC Constraints
Initializing timing engine
Parsing XDC File [/home/jgaitan/Documents/proyecto_1_borrador/project_1/project_1.gen/sources_1/bd/design_1/ip/design_1_auto_pc_0/design_1_auto_pc_0_ooc.xdc] for cell 'inst'
Finished Parsing XDC File [/home/jgaitan/Documents/proyecto_1_borrador/project_1/project_1.gen/sources_1/bd/design_1/ip/design_1_auto_pc_0/design_1_auto_pc_0_ooc.xdc] for cell 'inst'
Parsing XDC File [/home/jgaitan/Documents/proyecto_1_borrador/project_1/project_1.runs/design_1_auto_pc_0_synth_1/dont_touch.xdc]
Finished Parsing XDC File [/home/jgaitan/Documents/proyecto_1_borrador/project_1/project_1.runs/design_1_auto_pc_0_synth_1/dont_touch.xdc]
Completed Processing XDC Constraints

Netlist sorting complete. Time (s): cpu = 00:00:00 ; elapsed = 00:00:00 . Memory (MB): peak = 2875.242 ; gain = 0.000 ; free physical = 14573 ; free virtual = 28033
INFO: [Project 1-111] Unisim Transformation Summary:
No Unisim elements were transformed.

Constraint Validation Runtime : Time (s): cpu = 00:00:00.05 ; elapsed = 00:00:00.04 . Memory (MB): peak = 2875.277 ; gain = 0.000 ; free physical = 14572 ; free virtual = 28031
INFO: [Designutils 20-5008] Incremental synthesis strategy off
---------------------------------------------------------------------------------
Finished Constraint Validation : Time (s): cpu = 00:00:17 ; elapsed = 00:00:19 . Memory (MB): peak = 2875.277 ; gain = 561.562 ; free physical = 14570 ; free virtual = 28030
---------------------------------------------------------------------------------
---------------------------------------------------------------------------------
Start Loading Part and Timing Information
---------------------------------------------------------------------------------
Loading part: xck26-sfvc784-2LV-c
INFO: [Synth 8-6742] Reading net delay rules and data
---------------------------------------------------------------------------------
Finished Loading Part and Timing Information : Time (s): cpu = 00:00:17 ; elapsed = 00:00:19 . Memory (MB): peak = 2875.277 ; gain = 561.562 ; free physical = 14570 ; free virtual = 28030
---------------------------------------------------------------------------------
---------------------------------------------------------------------------------
Start Applying 'set_property' XDC Constraints
---------------------------------------------------------------------------------
Applied set_property KEEP_HIERARCHY = SOFT for inst. (constraint file  /home/jgaitan/Documents/proyecto_1_borrador/project_1/project_1.runs/design_1_auto_pc_0_synth_1/dont_touch.xdc, line 9).
---------------------------------------------------------------------------------
Finished applying 'set_property' XDC Constraints : Time (s): cpu = 00:00:17 ; elapsed = 00:00:19 . Memory (MB): peak = 2875.277 ; gain = 561.562 ; free physical = 14570 ; free virtual = 28030
---------------------------------------------------------------------------------
INFO: [Synth 8-802] inferred FSM for state register 'state_reg' in module 'axi_protocol_converter_v2_1_29_b2s_wr_cmd_fsm'
INFO: [Synth 8-802] inferred FSM for state register 'state_reg' in module 'axi_protocol_converter_v2_1_29_b2s_rd_cmd_fsm'
---------------------------------------------------------------------------------------------------
                   State |                     New Encoding |                Previous Encoding 
---------------------------------------------------------------------------------------------------
                 SM_IDLE |                               01 |                               00
               SM_CMD_EN |                               11 |                               01
         SM_CMD_ACCEPTED |                               10 |                               10
            SM_DONE_WAIT |                               00 |                               11
---------------------------------------------------------------------------------------------------
INFO: [Synth 8-3354] encoded FSM with state register 'state_reg' using encoding 'sequential' in module 'axi_protocol_converter_v2_1_29_b2s_wr_cmd_fsm'
---------------------------------------------------------------------------------------------------
                   State |                     New Encoding |                Previous Encoding 
---------------------------------------------------------------------------------------------------
                 SM_IDLE |                               01 |                               00
               SM_CMD_EN |                               11 |                               01
         SM_CMD_ACCEPTED |                               10 |                               10
                 SM_DONE |                               00 |                               11
---------------------------------------------------------------------------------------------------
INFO: [Synth 8-3354] encoded FSM with state register 'state_reg' using encoding 'sequential' in module 'axi_protocol_converter_v2_1_29_b2s_rd_cmd_fsm'
---------------------------------------------------------------------------------
Finished RTL Optimization Phase 2 : Time (s): cpu = 00:00:18 ; elapsed = 00:00:19 . Memory (MB): peak = 2875.277 ; gain = 561.562 ; free physical = 14568 ; free virtual = 28029
---------------------------------------------------------------------------------
---------------------------------------------------------------------------------
Start RTL Component Statistics 
---------------------------------------------------------------------------------
Detailed RTL Component Info : 
+---Adders : 
	   2 Input   12 Bit       Adders := 8     
	   2 Input    9 Bit       Adders := 2     
	   2 Input    8 Bit       Adders := 1     
	   2 Input    5 Bit       Adders := 4     
	   2 Input    4 Bit       Adders := 4     
	   2 Input    2 Bit       Adders := 2     
+---Registers : 
	               70 Bit    Registers := 4     
	               36 Bit    Registers := 2     
	               12 Bit    Registers := 6     
	                9 Bit    Registers := 2     
	                8 Bit    Registers := 2     
	                5 Bit    Registers := 4     
	                4 Bit    Registers := 6     
	                3 Bit    Registers := 2     
	                2 Bit    Registers := 7     
	                1 Bit    Registers := 31    
+---Muxes : 
	   2 Input   70 Bit        Muxes := 4     
	   2 Input   40 Bit        Muxes := 8     
	   2 Input   36 Bit        Muxes := 2     
	   2 Input   12 Bit        Muxes := 6     
	   2 Input    9 Bit        Muxes := 4     
	   2 Input    5 Bit        Muxes := 4     
	   2 Input    4 Bit        Muxes := 18    
	   2 Input    3 Bit        Muxes := 2     
	   2 Input    2 Bit        Muxes := 17    
	   4 Input    2 Bit        Muxes := 4     
	   2 Input    1 Bit        Muxes := 29    
---------------------------------------------------------------------------------
Finished RTL Component Statistics 
---------------------------------------------------------------------------------
---------------------------------------------------------------------------------
Start Part Resource Summary
---------------------------------------------------------------------------------
Part Resources:
DSPs: 1248 (col length:96)
BRAMs: 288 (col length: RAMB18 96 RAMB36 48)
---------------------------------------------------------------------------------
Finished Part Resource Summary
---------------------------------------------------------------------------------
---------------------------------------------------------------------------------
Start Cross Boundary and Area Optimization
---------------------------------------------------------------------------------
WARNING: [Synth 8-7080] Parallel synthesis criteria is not met
INFO: [Synth 8-3936] Found unconnected internal register 'gen_axilite.gen_b2s_conv.axilite_b2s/SI_REG/aw.aw_pipe/m_payload_i_reg' and it is trimmed from '70' to '62' bits. [/home/jgaitan/Documents/proyecto_1_borrador/project_1/project_1.gen/sources_1/bd/design_1/ipshared/ff9f/hdl/axi_register_slice_v2_1_vl_rfs.v:1726]
INFO: [Synth 8-3936] Found unconnected internal register 'gen_axilite.gen_b2s_conv.axilite_b2s/SI_REG/ar.ar_pipe/m_payload_i_reg' and it is trimmed from '70' to '62' bits. [/home/jgaitan/Documents/proyecto_1_borrador/project_1/project_1.gen/sources_1/bd/design_1/ipshared/ff9f/hdl/axi_register_slice_v2_1_vl_rfs.v:1726]
---------------------------------------------------------------------------------
Finished Cross Boundary and Area Optimization : Time (s): cpu = 00:00:20 ; elapsed = 00:00:21 . Memory (MB): peak = 2875.277 ; gain = 561.562 ; free physical = 14564 ; free virtual = 28025
---------------------------------------------------------------------------------
---------------------------------------------------------------------------------
Start Applying XDC Timing Constraints
---------------------------------------------------------------------------------
---------------------------------------------------------------------------------
Finished Applying XDC Timing Constraints : Time (s): cpu = 00:00:27 ; elapsed = 00:00:28 . Memory (MB): peak = 3256.141 ; gain = 942.426 ; free physical = 14215 ; free virtual = 27675
---------------------------------------------------------------------------------
---------------------------------------------------------------------------------
Start Timing Optimization
---------------------------------------------------------------------------------
---------------------------------------------------------------------------------
Finished Timing Optimization : Time (s): cpu = 00:00:28 ; elapsed = 00:00:30 . Memory (MB): peak = 3300.961 ; gain = 987.246 ; free physical = 14178 ; free virtual = 27639
---------------------------------------------------------------------------------
---------------------------------------------------------------------------------
Start Technology Mapping
---------------------------------------------------------------------------------
---------------------------------------------------------------------------------
Finished Technology Mapping : Time (s): cpu = 00:00:28 ; elapsed = 00:00:30 . Memory (MB): peak = 3316.977 ; gain = 1003.262 ; free physical = 14163 ; free virtual = 27624
---------------------------------------------------------------------------------
---------------------------------------------------------------------------------
Start IO Insertion
---------------------------------------------------------------------------------
---------------------------------------------------------------------------------
Start Flattening Before IO Insertion
---------------------------------------------------------------------------------
---------------------------------------------------------------------------------
Finished Flattening Before IO Insertion
---------------------------------------------------------------------------------
---------------------------------------------------------------------------------
Start Final Netlist Cleanup
---------------------------------------------------------------------------------
---------------------------------------------------------------------------------
Finished Final Netlist Cleanup
---------------------------------------------------------------------------------
---------------------------------------------------------------------------------
Finished IO Insertion : Time (s): cpu = 00:00:32 ; elapsed = 00:00:33 . Memory (MB): peak = 3316.977 ; gain = 1003.262 ; free physical = 14163 ; free virtual = 27623
---------------------------------------------------------------------------------
---------------------------------------------------------------------------------
Start Renaming Generated Instances
---------------------------------------------------------------------------------
---------------------------------------------------------------------------------
Finished Renaming Generated Instances : Time (s): cpu = 00:00:32 ; elapsed = 00:00:33 . Memory (MB): peak = 3316.977 ; gain = 1003.262 ; free physical = 14163 ; free virtual = 27623
---------------------------------------------------------------------------------
---------------------------------------------------------------------------------
Start Rebuilding User Hierarchy
---------------------------------------------------------------------------------
---------------------------------------------------------------------------------
Finished Rebuilding User Hierarchy : Time (s): cpu = 00:00:32 ; elapsed = 00:00:33 . Memory (MB): peak = 3316.977 ; gain = 1003.262 ; free physical = 14163 ; free virtual = 27623
---------------------------------------------------------------------------------
---------------------------------------------------------------------------------
Start Renaming Generated Ports
---------------------------------------------------------------------------------
---------------------------------------------------------------------------------
Finished Renaming Generated Ports : Time (s): cpu = 00:00:32 ; elapsed = 00:00:33 . Memory (MB): peak = 3316.977 ; gain = 1003.262 ; free physical = 14163 ; free virtual = 27623
---------------------------------------------------------------------------------
---------------------------------------------------------------------------------
Start Handling Custom Attributes
---------------------------------------------------------------------------------
---------------------------------------------------------------------------------
Finished Handling Custom Attributes : Time (s): cpu = 00:00:32 ; elapsed = 00:00:33 . Memory (MB): peak = 3316.977 ; gain = 1003.262 ; free physical = 14163 ; free virtual = 27623
---------------------------------------------------------------------------------
---------------------------------------------------------------------------------
Start Renaming Generated Nets
---------------------------------------------------------------------------------
---------------------------------------------------------------------------------
Finished Renaming Generated Nets : Time (s): cpu = 00:00:32 ; elapsed = 00:00:33 . Memory (MB): peak = 3316.977 ; gain = 1003.262 ; free physical = 14163 ; free virtual = 27623
---------------------------------------------------------------------------------
---------------------------------------------------------------------------------
Start ROM, RAM, DSP, Shift Register and Retiming Reporting
---------------------------------------------------------------------------------

Dynamic Shift Register Report:
+------------+----------------+--------+------------+--------+---------+--------+--------+--------+
|Module Name | RTL Name       | Length | Data Width | SRL16E | SRLC32E | Mux F7 | Mux F8 | Mux F9 | 
+------------+----------------+--------+------------+--------+---------+--------+--------+--------+
|dsrl        | memory_reg[3]  | 9      | 9          | 9      | 0       | 0      | 0      | 0      | 
|dsrl__1     | memory_reg[3]  | 2      | 2          | 2      | 0       | 0      | 0      | 0      | 
|dsrl__2     | memory_reg[31] | 34     | 34         | 0      | 34      | 0      | 0      | 0      | 
|dsrl__3     | memory_reg[31] | 2      | 2          | 0      | 2       | 0      | 0      | 0      | 
+------------+----------------+--------+------------+--------+---------+--------+--------+--------+

---------------------------------------------------------------------------------
Finished ROM, RAM, DSP, Shift Register and Retiming Reporting
---------------------------------------------------------------------------------
---------------------------------------------------------------------------------
Start Writing Synthesis Report
---------------------------------------------------------------------------------

Report BlackBoxes: 
+-+--------------+----------+
| |BlackBox name |Instances |
+-+--------------+----------+
+-+--------------+----------+

Report Cell Usage: 
+------+--------+------+
|      |Cell    |Count |
+------+--------+------+
|1     |LUT1    |     8|
|2     |LUT2    |    34|
|3     |LUT3    |   173|
|4     |LUT4    |    49|
|5     |LUT5    |    66|
|6     |LUT6    |   167|
|7     |MUXF7   |     2|
|8     |SRL16E  |    10|
|9     |SRLC32E |    35|
|10    |FDRE    |   465|
|11    |FDSE    |    16|
+------+--------+------+
---------------------------------------------------------------------------------
Finished Writing Synthesis Report : Time (s): cpu = 00:00:32 ; elapsed = 00:00:33 . Memory (MB): peak = 3316.977 ; gain = 1003.262 ; free physical = 14163 ; free virtual = 27623
---------------------------------------------------------------------------------
Synthesis finished with 0 errors, 0 critical warnings and 37 warnings.
Synthesis Optimization Runtime : Time (s): cpu = 00:00:27 ; elapsed = 00:00:28 . Memory (MB): peak = 3316.977 ; gain = 915.414 ; free physical = 14163 ; free virtual = 27623
Synthesis Optimization Complete : Time (s): cpu = 00:00:32 ; elapsed = 00:00:33 . Memory (MB): peak = 3316.984 ; gain = 1003.262 ; free physical = 14163 ; free virtual = 27623
INFO: [Project 1-571] Translating synthesized netlist
Netlist sorting complete. Time (s): cpu = 00:00:00.02 ; elapsed = 00:00:00.01 . Memory (MB): peak = 3324.977 ; gain = 0.000 ; free physical = 14463 ; free virtual = 27924
INFO: [Netlist 29-17] Analyzing 2 Unisim elements for replacement
INFO: [Netlist 29-28] Unisim Transformation completed in 0 CPU seconds
INFO: [Project 1-570] Preparing netlist for logic optimization
INFO: [Opt 31-138] Pushed 0 inverter(s) to 0 load pin(s).
Netlist sorting complete. Time (s): cpu = 00:00:00 ; elapsed = 00:00:00 . Memory (MB): peak = 3369.867 ; gain = 0.000 ; free physical = 14459 ; free virtual = 27920
INFO: [Project 1-111] Unisim Transformation Summary:
No Unisim elements were transformed.

Synth Design complete | Checksum: 6262dda5
INFO: [Common 17-83] Releasing license: Synthesis
86 Infos, 107 Warnings, 0 Critical Warnings and 0 Errors encountered.
synth_design completed successfully
synth_design: Time (s): cpu = 00:00:39 ; elapsed = 00:00:38 . Memory (MB): peak = 3369.902 ; gain = 1984.281 ; free physical = 14459 ; free virtual = 27919
INFO: [Common 17-2834] synth_design peak Physical Memory [PSS] (MB): overall = 2923.440; main = 2596.037; forked = 383.166
INFO: [Common 17-2834] synth_design peak Virtual Memory [VSS] (MB): overall = 4298.422; main = 3369.871; forked = 981.441
Write ShapeDB Complete: Time (s): cpu = 00:00:00 ; elapsed = 00:00:00 . Memory (MB): peak = 3393.879 ; gain = 0.000 ; free physical = 14459 ; free virtual = 27920
INFO: [Common 17-1381] The checkpoint '/home/jgaitan/Documents/proyecto_1_borrador/project_1/project_1.runs/design_1_auto_pc_0_synth_1/design_1_auto_pc_0.dcp' has been generated.
INFO: [Coretcl 2-1648] Added synthesis output to IP cache for IP design_1_auto_pc_0, cache-ID = 4936fc4ecf34d923
INFO: [Coretcl 2-1174] Renamed 23 cell refs.
Write ShapeDB Complete: Time (s): cpu = 00:00:00 ; elapsed = 00:00:00 . Memory (MB): peak = 3393.879 ; gain = 0.000 ; free physical = 14461 ; free virtual = 27923
INFO: [Common 17-1381] The checkpoint '/home/jgaitan/Documents/proyecto_1_borrador/project_1/project_1.runs/design_1_auto_pc_0_synth_1/design_1_auto_pc_0.dcp' has been generated.
INFO: [runtcl-4] Executing : report_utilization -file design_1_auto_pc_0_utilization_synth.rpt -pb design_1_auto_pc_0_utilization_synth.pb
INFO: [Common 17-206] Exiting Vivado at Wed Feb 11 03:12:10 2026...
[Wed Feb 11 03:12:24 2026] design_1_auto_pc_0_synth_1 finished
wait_on_runs: Time (s): cpu = 00:00:04 ; elapsed = 00:01:05 . Memory (MB): peak = 9874.211 ; gain = 0.000 ; free physical = 16792 ; free virtual = 30254
launch_runs design_1_auto_pc_1_synth_1
INFO: [IP_Flow 19-6924] IPCACHE: Running cache check for IP inst: design_1_auto_pc_1
INFO: [IP_Flow 19-6922] IPCACHE: Exporting cached entry 4936fc4ecf34d923 to dir: /home/jgaitan/Documents/proyecto_1_borrador/project_1/project_1.gen/sources_1/bd/design_1/ip/design_1_auto_pc_1
INFO: [IP_Flow 19-6928] IPCACHE: copied cached file /home/jgaitan/Documents/proyecto_1_borrador/project_1/project_1.cache/ip/2023.2/4/9/4936fc4ecf34d923/design_1_auto_pc_0_sim_netlist.vhdl to /home/jgaitan/Documents/proyecto_1_borrador/project_1/project_1.gen/sources_1/bd/design_1/ip/design_1_auto_pc_1/design_1_auto_pc_1_sim_netlist.vhdl.
INFO: [IP_Flow 19-6926] IPCACHE: added file to list for BOM: /home/jgaitan/Documents/proyecto_1_borrador/project_1/project_1.gen/sources_1/bd/design_1/ip/design_1_auto_pc_1/design_1_auto_pc_1_sim_netlist.vhdl
INFO: [IP_Flow 19-6928] IPCACHE: copied cached file /home/jgaitan/Documents/proyecto_1_borrador/project_1/project_1.cache/ip/2023.2/4/9/4936fc4ecf34d923/design_1_auto_pc_0_sim_netlist.v to /home/jgaitan/Documents/proyecto_1_borrador/project_1/project_1.gen/sources_1/bd/design_1/ip/design_1_auto_pc_1/design_1_auto_pc_1_sim_netlist.v.
INFO: [IP_Flow 19-6926] IPCACHE: added file to list for BOM: /home/jgaitan/Documents/proyecto_1_borrador/project_1/project_1.gen/sources_1/bd/design_1/ip/design_1_auto_pc_1/design_1_auto_pc_1_sim_netlist.v
INFO: [IP_Flow 19-6928] IPCACHE: copied cached file /home/jgaitan/Documents/proyecto_1_borrador/project_1/project_1.cache/ip/2023.2/4/9/4936fc4ecf34d923/design_1_auto_pc_0_stub.v to /home/jgaitan/Documents/proyecto_1_borrador/project_1/project_1.gen/sources_1/bd/design_1/ip/design_1_auto_pc_1/design_1_auto_pc_1_stub.v.
INFO: [IP_Flow 19-6926] IPCACHE: added file to list for BOM: /home/jgaitan/Documents/proyecto_1_borrador/project_1/project_1.gen/sources_1/bd/design_1/ip/design_1_auto_pc_1/design_1_auto_pc_1_stub.v
INFO: [IP_Flow 19-6928] IPCACHE: copied cached file /home/jgaitan/Documents/proyecto_1_borrador/project_1/project_1.cache/ip/2023.2/4/9/4936fc4ecf34d923/design_1_auto_pc_0_stub.vhdl to /home/jgaitan/Documents/proyecto_1_borrador/project_1/project_1.gen/sources_1/bd/design_1/ip/design_1_auto_pc_1/design_1_auto_pc_1_stub.vhdl.
INFO: [IP_Flow 19-6926] IPCACHE: added file to list for BOM: /home/jgaitan/Documents/proyecto_1_borrador/project_1/project_1.gen/sources_1/bd/design_1/ip/design_1_auto_pc_1/design_1_auto_pc_1_stub.vhdl
INFO: [IP_Flow 19-6928] IPCACHE: copied cached file /home/jgaitan/Documents/proyecto_1_borrador/project_1/project_1.cache/ip/2023.2/4/9/4936fc4ecf34d923/design_1_auto_pc_0.dcp to /home/jgaitan/Documents/proyecto_1_borrador/project_1/project_1.gen/sources_1/bd/design_1/ip/design_1_auto_pc_1/design_1_auto_pc_1.dcp.
INFO: [IP_Flow 19-6926] IPCACHE: added file to list for BOM: /home/jgaitan/Documents/proyecto_1_borrador/project_1/project_1.gen/sources_1/bd/design_1/ip/design_1_auto_pc_1/design_1_auto_pc_1.dcp
INFO: [IP_Flow 19-4993] Using cached IP synthesis design for IP design_1_auto_pc_1, cache-ID = 4936fc4ecf34d923; cache size = 3.615 MB.
[Wed Feb 11 03:12:26 2026] Launched design_1_auto_pc_1_synth_1...
Run output will be captured here: /home/jgaitan/Documents/proyecto_1_borrador/project_1/project_1.runs/design_1_auto_pc_1_synth_1/runme.log
wait_on_run design_1_auto_pc_1_synth_1
[Wed Feb 11 03:12:26 2026] Waiting for design_1_auto_pc_1_synth_1 to finish...
WARNING: [filemgmt 56-199] Attempt to get parsing info during refresh. "On-the-fly" syntax checking information may be incorrect. [/home/jgaitan/Documents/proyecto_1_borrador/single_cycle_multiplier.v:]
WARNING: [filemgmt 56-199] Attempt to get parsing info during refresh. "On-the-fly" syntax checking information may be incorrect. [/home/jgaitan/Documents/proyecto_1_borrador/128to32_spliter.v:]
[Wed Feb 11 03:12:31 2026] Waiting for design_1_auto_pc_1_synth_1 to finish...
[Wed Feb 11 03:12:36 2026] Waiting for design_1_auto_pc_1_synth_1 to finish...
[Wed Feb 11 03:12:41 2026] Waiting for design_1_auto_pc_1_synth_1 to finish...
[Wed Feb 11 03:12:51 2026] Waiting for design_1_auto_pc_1_synth_1 to finish...

*** Running vivado
    with args -log design_1_auto_pc_1.vds -m64 -product Vivado -mode batch -messageDb vivado.pb -notrace -source design_1_auto_pc_1.tcl


****** Vivado v2023.2 (64-bit)
  **** SW Build 4029153 on Fri Oct 13 20:13:54 MDT 2023
  **** IP Build 4028589 on Sat Oct 14 00:45:43 MDT 2023
  **** SharedData Build 4025554 on Tue Oct 10 17:18:54 MDT 2023
    ** Copyright 1986-2022 Xilinx, Inc. All Rights Reserved.
    ** Copyright 2022-2023 Advanced Micro Devices, Inc. All Rights Reserved.

source design_1_auto_pc_1.tcl -notrace
create_project: Time (s): cpu = 00:00:05 ; elapsed = 00:00:05 . Memory (MB): peak = 1341.773 ; gain = 0.023 ; free physical = 16285 ; free virtual = 29746
INFO: [IP_Flow 19-6924] IPCACHE: Running cache check for IP inst: design_1_auto_pc_1
INFO: [IP_Flow 19-6922] IPCACHE: Exporting cached entry 4936fc4ecf34d923 to dir: /home/jgaitan/Documents/proyecto_1_borrador/project_1/project_1.runs/design_1_auto_pc_1_synth_1
INFO: [IP_Flow 19-6928] IPCACHE: copied cached file /home/jgaitan/Documents/proyecto_1_borrador/project_1/project_1.cache/ip/2023.2/4/9/4936fc4ecf34d923/design_1_auto_pc_0_sim_netlist.vhdl to /home/jgaitan/Documents/proyecto_1_borrador/project_1/project_1.runs/design_1_auto_pc_1_synth_1/design_1_auto_pc_1_sim_netlist.vhdl.
INFO: [IP_Flow 19-6928] IPCACHE: copied cached file /home/jgaitan/Documents/proyecto_1_borrador/project_1/project_1.cache/ip/2023.2/4/9/4936fc4ecf34d923/design_1_auto_pc_0_sim_netlist.v to /home/jgaitan/Documents/proyecto_1_borrador/project_1/project_1.runs/design_1_auto_pc_1_synth_1/design_1_auto_pc_1_sim_netlist.v.
INFO: [IP_Flow 19-6928] IPCACHE: copied cached file /home/jgaitan/Documents/proyecto_1_borrador/project_1/project_1.cache/ip/2023.2/4/9/4936fc4ecf34d923/design_1_auto_pc_0_stub.v to /home/jgaitan/Documents/proyecto_1_borrador/project_1/project_1.runs/design_1_auto_pc_1_synth_1/design_1_auto_pc_1_stub.v.
INFO: [IP_Flow 19-6928] IPCACHE: copied cached file /home/jgaitan/Documents/proyecto_1_borrador/project_1/project_1.cache/ip/2023.2/4/9/4936fc4ecf34d923/design_1_auto_pc_0_stub.vhdl to /home/jgaitan/Documents/proyecto_1_borrador/project_1/project_1.runs/design_1_auto_pc_1_synth_1/design_1_auto_pc_1_stub.vhdl.
INFO: [IP_Flow 19-6928] IPCACHE: copied cached file /home/jgaitan/Documents/proyecto_1_borrador/project_1/project_1.cache/ip/2023.2/4/9/4936fc4ecf34d923/design_1_auto_pc_0.dcp to /home/jgaitan/Documents/proyecto_1_borrador/project_1/project_1.runs/design_1_auto_pc_1_synth_1/design_1_auto_pc_1.dcp.
INFO: [IP_Flow 19-4838] Using cached IP synthesis design for IP design_1_auto_pc_1, cache-ID = 4936fc4ecf34d923.
INFO: [Common 17-206] Exiting Vivado at Wed Feb 11 03:12:38 2026...
[Wed Feb 11 03:12:51 2026] design_1_auto_pc_1_synth_1 finished
wait_on_runs: Time (s): cpu = 00:00:04 ; elapsed = 00:00:25 . Memory (MB): peak = 10204.344 ; gain = 20.012 ; free physical = 16789 ; free virtual = 30252
launch_runs design_1_axi_gpio_0_0_synth_1
INFO: [IP_Flow 19-6924] IPCACHE: Running cache check for IP inst: design_1_axi_gpio_0_0
[Wed Feb 11 03:12:53 2026] Launched design_1_axi_gpio_0_0_synth_1...
Run output will be captured here: /home/jgaitan/Documents/proyecto_1_borrador/project_1/project_1.runs/design_1_axi_gpio_0_0_synth_1/runme.log
wait_on_run design_1_axi_gpio_0_0_synth_1
[Wed Feb 11 03:12:53 2026] Waiting for design_1_axi_gpio_0_0_synth_1 to finish...
[Wed Feb 11 03:12:58 2026] Waiting for design_1_axi_gpio_0_0_synth_1 to finish...
[Wed Feb 11 03:13:03 2026] Waiting for design_1_axi_gpio_0_0_synth_1 to finish...
[Wed Feb 11 03:13:08 2026] Waiting for design_1_axi_gpio_0_0_synth_1 to finish...
[Wed Feb 11 03:13:18 2026] Waiting for design_1_axi_gpio_0_0_synth_1 to finish...
[Wed Feb 11 03:13:28 2026] Waiting for design_1_axi_gpio_0_0_synth_1 to finish...
[Wed Feb 11 03:13:38 2026] Waiting for design_1_axi_gpio_0_0_synth_1 to finish...
[Wed Feb 11 03:13:48 2026] Waiting for design_1_axi_gpio_0_0_synth_1 to finish...

*** Running vivado
    with args -log design_1_axi_gpio_0_0.vds -m64 -product Vivado -mode batch -messageDb vivado.pb -notrace -source design_1_axi_gpio_0_0.tcl


****** Vivado v2023.2 (64-bit)
  **** SW Build 4029153 on Fri Oct 13 20:13:54 MDT 2023
  **** IP Build 4028589 on Sat Oct 14 00:45:43 MDT 2023
  **** SharedData Build 4025554 on Tue Oct 10 17:18:54 MDT 2023
    ** Copyright 1986-2022 Xilinx, Inc. All Rights Reserved.
    ** Copyright 2022-2023 Advanced Micro Devices, Inc. All Rights Reserved.

source design_1_axi_gpio_0_0.tcl -notrace
create_project: Time (s): cpu = 00:00:05 ; elapsed = 00:00:05 . Memory (MB): peak = 1341.289 ; gain = 0.023 ; free physical = 16294 ; free virtual = 29757
INFO: [IP_Flow 19-6924] IPCACHE: Running cache check for IP inst: design_1_axi_gpio_0_0
Command: synth_design -top design_1_axi_gpio_0_0 -part xck26-sfvc784-2LV-c -incremental_mode off -mode out_of_context
Starting synth_design
Attempting to get a license for feature 'Synthesis' and/or device 'xck26'
INFO: [Common 17-349] Got license for feature 'Synthesis' and/or device 'xck26'
INFO: [Device 21-403] Loading part xck26-sfvc784-2LV-c
INFO: [Synth 8-7079] Multithreading enabled for synth_design using a maximum of 4 processes.
INFO: [Synth 8-7078] Launching helper process for spawning children vivado processes
INFO: [Synth 8-7075] Helper process launched with PID 3424487
---------------------------------------------------------------------------------
Starting RTL Elaboration : Time (s): cpu = 00:00:03 ; elapsed = 00:00:03 . Memory (MB): peak = 2598.004 ; gain = 286.777 ; free physical = 14791 ; free virtual = 28254
---------------------------------------------------------------------------------
INFO: [Synth 8-638] synthesizing module 'design_1_axi_gpio_0_0' [/home/jgaitan/Documents/proyecto_1_borrador/project_1/project_1.gen/sources_1/bd/design_1/ip/design_1_axi_gpio_0_0/synth/design_1_axi_gpio_0_0.vhd:89]
	Parameter C_FAMILY bound to: zynquplus - type: string 
	Parameter C_S_AXI_ADDR_WIDTH bound to: 9 - type: integer 
	Parameter C_S_AXI_DATA_WIDTH bound to: 32 - type: integer 
	Parameter C_GPIO_WIDTH bound to: 32 - type: integer 
	Parameter C_GPIO2_WIDTH bound to: 32 - type: integer 
	Parameter C_ALL_INPUTS bound to: 0 - type: integer 
	Parameter C_ALL_INPUTS_2 bound to: 0 - type: integer 
	Parameter C_ALL_OUTPUTS bound to: 0 - type: integer 
	Parameter C_ALL_OUTPUTS_2 bound to: 0 - type: integer 
	Parameter C_INTERRUPT_PRESENT bound to: 0 - type: integer 
	Parameter C_DOUT_DEFAULT bound to: 32'b00000000000000000000000000000000 
	Parameter C_TRI_DEFAULT bound to: 32'b11111111111111111111111111111111 
	Parameter C_IS_DUAL bound to: 1 - type: integer 
	Parameter C_DOUT_DEFAULT_2 bound to: 32'b00000000000000000000000000000000 
	Parameter C_TRI_DEFAULT_2 bound to: 32'b11111111111111111111111111111111 
INFO: [Synth 8-3491] module 'axi_gpio' declared at '/home/jgaitan/Documents/proyecto_1_borrador/project_1/project_1.gen/sources_1/bd/design_1/ipshared/6fbe/hdl/axi_gpio_v2_0_vh_rfs.vhd:1270' bound to instance 'U0' of component 'axi_gpio' [/home/jgaitan/Documents/proyecto_1_borrador/project_1/project_1.gen/sources_1/bd/design_1/ip/design_1_axi_gpio_0_0/synth/design_1_axi_gpio_0_0.vhd:179]
INFO: [Synth 8-638] synthesizing module 'axi_gpio' [/home/jgaitan/Documents/proyecto_1_borrador/project_1/project_1.gen/sources_1/bd/design_1/ipshared/6fbe/hdl/axi_gpio_v2_0_vh_rfs.vhd:1356]
INFO: [Synth 8-638] synthesizing module 'axi_lite_ipif' [/home/jgaitan/Documents/proyecto_1_borrador/project_1/project_1.gen/sources_1/bd/design_1/ipshared/66ea/hdl/axi_lite_ipif_v3_0_vh_rfs.vhd:2948]
INFO: [Synth 8-638] synthesizing module 'slave_attachment' [/home/jgaitan/Documents/proyecto_1_borrador/project_1/project_1.gen/sources_1/bd/design_1/ipshared/66ea/hdl/axi_lite_ipif_v3_0_vh_rfs.vhd:2341]
INFO: [Synth 8-638] synthesizing module 'address_decoder' [/home/jgaitan/Documents/proyecto_1_borrador/project_1/project_1.gen/sources_1/bd/design_1/ipshared/66ea/hdl/axi_lite_ipif_v3_0_vh_rfs.vhd:1775]
INFO: [Synth 8-638] synthesizing module 'pselect_f' [/home/jgaitan/Documents/proyecto_1_borrador/project_1/project_1.gen/sources_1/bd/design_1/ipshared/66ea/hdl/axi_lite_ipif_v3_0_vh_rfs.vhd:1534]
INFO: [Synth 8-256] done synthesizing module 'pselect_f' (0#1) [/home/jgaitan/Documents/proyecto_1_borrador/project_1/project_1.gen/sources_1/bd/design_1/ipshared/66ea/hdl/axi_lite_ipif_v3_0_vh_rfs.vhd:1534]
INFO: [Synth 8-638] synthesizing module 'pselect_f__parameterized0' [/home/jgaitan/Documents/proyecto_1_borrador/project_1/project_1.gen/sources_1/bd/design_1/ipshared/66ea/hdl/axi_lite_ipif_v3_0_vh_rfs.vhd:1534]
INFO: [Synth 8-256] done synthesizing module 'pselect_f__parameterized0' (0#1) [/home/jgaitan/Documents/proyecto_1_borrador/project_1/project_1.gen/sources_1/bd/design_1/ipshared/66ea/hdl/axi_lite_ipif_v3_0_vh_rfs.vhd:1534]
INFO: [Synth 8-638] synthesizing module 'pselect_f__parameterized1' [/home/jgaitan/Documents/proyecto_1_borrador/project_1/project_1.gen/sources_1/bd/design_1/ipshared/66ea/hdl/axi_lite_ipif_v3_0_vh_rfs.vhd:1534]
INFO: [Synth 8-256] done synthesizing module 'pselect_f__parameterized1' (0#1) [/home/jgaitan/Documents/proyecto_1_borrador/project_1/project_1.gen/sources_1/bd/design_1/ipshared/66ea/hdl/axi_lite_ipif_v3_0_vh_rfs.vhd:1534]
INFO: [Synth 8-638] synthesizing module 'pselect_f__parameterized2' [/home/jgaitan/Documents/proyecto_1_borrador/project_1/project_1.gen/sources_1/bd/design_1/ipshared/66ea/hdl/axi_lite_ipif_v3_0_vh_rfs.vhd:1534]
INFO: [Synth 8-256] done synthesizing module 'pselect_f__parameterized2' (0#1) [/home/jgaitan/Documents/proyecto_1_borrador/project_1/project_1.gen/sources_1/bd/design_1/ipshared/66ea/hdl/axi_lite_ipif_v3_0_vh_rfs.vhd:1534]
INFO: [Synth 8-256] done synthesizing module 'address_decoder' (0#1) [/home/jgaitan/Documents/proyecto_1_borrador/project_1/project_1.gen/sources_1/bd/design_1/ipshared/66ea/hdl/axi_lite_ipif_v3_0_vh_rfs.vhd:1775]
INFO: [Synth 8-226] default block is never used [/home/jgaitan/Documents/proyecto_1_borrador/project_1/project_1.gen/sources_1/bd/design_1/ipshared/66ea/hdl/axi_lite_ipif_v3_0_vh_rfs.vhd:2550]
INFO: [Synth 8-256] done synthesizing module 'slave_attachment' (0#1) [/home/jgaitan/Documents/proyecto_1_borrador/project_1/project_1.gen/sources_1/bd/design_1/ipshared/66ea/hdl/axi_lite_ipif_v3_0_vh_rfs.vhd:2341]
INFO: [Synth 8-256] done synthesizing module 'axi_lite_ipif' (0#1) [/home/jgaitan/Documents/proyecto_1_borrador/project_1/project_1.gen/sources_1/bd/design_1/ipshared/66ea/hdl/axi_lite_ipif_v3_0_vh_rfs.vhd:2948]
INFO: [Synth 8-638] synthesizing module 'GPIO_Core' [/home/jgaitan/Documents/proyecto_1_borrador/project_1/project_1.gen/sources_1/bd/design_1/ipshared/6fbe/hdl/axi_gpio_v2_0_vh_rfs.vhd:181]
INFO: [Synth 8-226] default block is never used [/home/jgaitan/Documents/proyecto_1_borrador/project_1/project_1.gen/sources_1/bd/design_1/ipshared/6fbe/hdl/axi_gpio_v2_0_vh_rfs.vhd:838]
INFO: [Synth 8-638] synthesizing module 'cdc_sync' [/home/jgaitan/Documents/proyecto_1_borrador/project_1/project_1.gen/sources_1/bd/design_1/ipshared/ef1e/hdl/lib_cdc_v1_0_rfs.vhd:106]
	Parameter INIT bound to: 1'b0 
INFO: [Synth 8-113] binding component instance 'CROSS2_PLEVEL_IN2SCNDRY_IN_cdc_to' to cell 'FDR' [/home/jgaitan/Documents/proyecto_1_borrador/project_1/project_1.gen/sources_1/bd/design_1/ipshared/ef1e/hdl/lib_cdc_v1_0_rfs.vhd:736]
	Parameter INIT bound to: 1'b0 
INFO: [Synth 8-113] binding component instance 'CROSS2_PLEVEL_IN2SCNDRY_IN_cdc_to' to cell 'FDR' [/home/jgaitan/Documents/proyecto_1_borrador/project_1/project_1.gen/sources_1/bd/design_1/ipshared/ef1e/hdl/lib_cdc_v1_0_rfs.vhd:736]
	Parameter INIT bound to: 1'b0 
INFO: [Synth 8-113] binding component instance 'CROSS2_PLEVEL_IN2SCNDRY_IN_cdc_to' to cell 'FDR' [/home/jgaitan/Documents/proyecto_1_borrador/project_1/project_1.gen/sources_1/bd/design_1/ipshared/ef1e/hdl/lib_cdc_v1_0_rfs.vhd:736]
	Parameter INIT bound to: 1'b0 
INFO: [Synth 8-113] binding component instance 'CROSS2_PLEVEL_IN2SCNDRY_IN_cdc_to' to cell 'FDR' [/home/jgaitan/Documents/proyecto_1_borrador/project_1/project_1.gen/sources_1/bd/design_1/ipshared/ef1e/hdl/lib_cdc_v1_0_rfs.vhd:736]
	Parameter INIT bound to: 1'b0 
INFO: [Synth 8-113] binding component instance 'CROSS2_PLEVEL_IN2SCNDRY_IN_cdc_to' to cell 'FDR' [/home/jgaitan/Documents/proyecto_1_borrador/project_1/project_1.gen/sources_1/bd/design_1/ipshared/ef1e/hdl/lib_cdc_v1_0_rfs.vhd:736]
	Parameter INIT bound to: 1'b0 
INFO: [Synth 8-113] binding component instance 'CROSS2_PLEVEL_IN2SCNDRY_IN_cdc_to' to cell 'FDR' [/home/jgaitan/Documents/proyecto_1_borrador/project_1/project_1.gen/sources_1/bd/design_1/ipshared/ef1e/hdl/lib_cdc_v1_0_rfs.vhd:736]
	Parameter INIT bound to: 1'b0 
INFO: [Synth 8-113] binding component instance 'CROSS2_PLEVEL_IN2SCNDRY_IN_cdc_to' to cell 'FDR' [/home/jgaitan/Documents/proyecto_1_borrador/project_1/project_1.gen/sources_1/bd/design_1/ipshared/ef1e/hdl/lib_cdc_v1_0_rfs.vhd:736]
	Parameter INIT bound to: 1'b0 
INFO: [Synth 8-113] binding component instance 'CROSS2_PLEVEL_IN2SCNDRY_IN_cdc_to' to cell 'FDR' [/home/jgaitan/Documents/proyecto_1_borrador/project_1/project_1.gen/sources_1/bd/design_1/ipshared/ef1e/hdl/lib_cdc_v1_0_rfs.vhd:736]
	Parameter INIT bound to: 1'b0 
INFO: [Synth 8-113] binding component instance 'CROSS2_PLEVEL_IN2SCNDRY_IN_cdc_to' to cell 'FDR' [/home/jgaitan/Documents/proyecto_1_borrador/project_1/project_1.gen/sources_1/bd/design_1/ipshared/ef1e/hdl/lib_cdc_v1_0_rfs.vhd:736]
	Parameter INIT bound to: 1'b0 
INFO: [Synth 8-113] binding component instance 'CROSS2_PLEVEL_IN2SCNDRY_IN_cdc_to' to cell 'FDR' [/home/jgaitan/Documents/proyecto_1_borrador/project_1/project_1.gen/sources_1/bd/design_1/ipshared/ef1e/hdl/lib_cdc_v1_0_rfs.vhd:736]
	Parameter INIT bound to: 1'b0 
INFO: [Synth 8-113] binding component instance 'CROSS2_PLEVEL_IN2SCNDRY_IN_cdc_to' to cell 'FDR' [/home/jgaitan/Documents/proyecto_1_borrador/project_1/project_1.gen/sources_1/bd/design_1/ipshared/ef1e/hdl/lib_cdc_v1_0_rfs.vhd:736]
	Parameter INIT bound to: 1'b0 
INFO: [Synth 8-113] binding component instance 'CROSS2_PLEVEL_IN2SCNDRY_IN_cdc_to' to cell 'FDR' [/home/jgaitan/Documents/proyecto_1_borrador/project_1/project_1.gen/sources_1/bd/design_1/ipshared/ef1e/hdl/lib_cdc_v1_0_rfs.vhd:736]
	Parameter INIT bound to: 1'b0 
INFO: [Synth 8-113] binding component instance 'CROSS2_PLEVEL_IN2SCNDRY_IN_cdc_to' to cell 'FDR' [/home/jgaitan/Documents/proyecto_1_borrador/project_1/project_1.gen/sources_1/bd/design_1/ipshared/ef1e/hdl/lib_cdc_v1_0_rfs.vhd:736]
	Parameter INIT bound to: 1'b0 
INFO: [Synth 8-113] binding component instance 'CROSS2_PLEVEL_IN2SCNDRY_IN_cdc_to' to cell 'FDR' [/home/jgaitan/Documents/proyecto_1_borrador/project_1/project_1.gen/sources_1/bd/design_1/ipshared/ef1e/hdl/lib_cdc_v1_0_rfs.vhd:736]
	Parameter INIT bound to: 1'b0 
INFO: [Synth 8-113] binding component instance 'CROSS2_PLEVEL_IN2SCNDRY_IN_cdc_to' to cell 'FDR' [/home/jgaitan/Documents/proyecto_1_borrador/project_1/project_1.gen/sources_1/bd/design_1/ipshared/ef1e/hdl/lib_cdc_v1_0_rfs.vhd:736]
	Parameter INIT bound to: 1'b0 
INFO: [Synth 8-113] binding component instance 'CROSS2_PLEVEL_IN2SCNDRY_IN_cdc_to' to cell 'FDR' [/home/jgaitan/Documents/proyecto_1_borrador/project_1/project_1.gen/sources_1/bd/design_1/ipshared/ef1e/hdl/lib_cdc_v1_0_rfs.vhd:736]
	Parameter INIT bound to: 1'b0 
INFO: [Synth 8-113] binding component instance 'CROSS2_PLEVEL_IN2SCNDRY_IN_cdc_to' to cell 'FDR' [/home/jgaitan/Documents/proyecto_1_borrador/project_1/project_1.gen/sources_1/bd/design_1/ipshared/ef1e/hdl/lib_cdc_v1_0_rfs.vhd:736]
	Parameter INIT bound to: 1'b0 
INFO: [Synth 8-113] binding component instance 'CROSS2_PLEVEL_IN2SCNDRY_IN_cdc_to' to cell 'FDR' [/home/jgaitan/Documents/proyecto_1_borrador/project_1/project_1.gen/sources_1/bd/design_1/ipshared/ef1e/hdl/lib_cdc_v1_0_rfs.vhd:736]
	Parameter INIT bound to: 1'b0 
INFO: [Synth 8-113] binding component instance 'CROSS2_PLEVEL_IN2SCNDRY_IN_cdc_to' to cell 'FDR' [/home/jgaitan/Documents/proyecto_1_borrador/project_1/project_1.gen/sources_1/bd/design_1/ipshared/ef1e/hdl/lib_cdc_v1_0_rfs.vhd:736]
	Parameter INIT bound to: 1'b0 
INFO: [Synth 8-113] binding component instance 'CROSS2_PLEVEL_IN2SCNDRY_IN_cdc_to' to cell 'FDR' [/home/jgaitan/Documents/proyecto_1_borrador/project_1/project_1.gen/sources_1/bd/design_1/ipshared/ef1e/hdl/lib_cdc_v1_0_rfs.vhd:736]
	Parameter INIT bound to: 1'b0 
INFO: [Synth 8-113] binding component instance 'CROSS2_PLEVEL_IN2SCNDRY_IN_cdc_to' to cell 'FDR' [/home/jgaitan/Documents/proyecto_1_borrador/project_1/project_1.gen/sources_1/bd/design_1/ipshared/ef1e/hdl/lib_cdc_v1_0_rfs.vhd:736]
	Parameter INIT bound to: 1'b0 
INFO: [Synth 8-113] binding component instance 'CROSS2_PLEVEL_IN2SCNDRY_IN_cdc_to' to cell 'FDR' [/home/jgaitan/Documents/proyecto_1_borrador/project_1/project_1.gen/sources_1/bd/design_1/ipshared/ef1e/hdl/lib_cdc_v1_0_rfs.vhd:736]
	Parameter INIT bound to: 1'b0 
INFO: [Synth 8-113] binding component instance 'CROSS2_PLEVEL_IN2SCNDRY_IN_cdc_to' to cell 'FDR' [/home/jgaitan/Documents/proyecto_1_borrador/project_1/project_1.gen/sources_1/bd/design_1/ipshared/ef1e/hdl/lib_cdc_v1_0_rfs.vhd:736]
	Parameter INIT bound to: 1'b0 
INFO: [Synth 8-113] binding component instance 'CROSS2_PLEVEL_IN2SCNDRY_IN_cdc_to' to cell 'FDR' [/home/jgaitan/Documents/proyecto_1_borrador/project_1/project_1.gen/sources_1/bd/design_1/ipshared/ef1e/hdl/lib_cdc_v1_0_rfs.vhd:736]
	Parameter INIT bound to: 1'b0 
INFO: [Synth 8-113] binding component instance 'CROSS2_PLEVEL_IN2SCNDRY_IN_cdc_to' to cell 'FDR' [/home/jgaitan/Documents/proyecto_1_borrador/project_1/project_1.gen/sources_1/bd/design_1/ipshared/ef1e/hdl/lib_cdc_v1_0_rfs.vhd:736]
	Parameter INIT bound to: 1'b0 
INFO: [Synth 8-113] binding component instance 'CROSS2_PLEVEL_IN2SCNDRY_IN_cdc_to' to cell 'FDR' [/home/jgaitan/Documents/proyecto_1_borrador/project_1/project_1.gen/sources_1/bd/design_1/ipshared/ef1e/hdl/lib_cdc_v1_0_rfs.vhd:736]
	Parameter INIT bound to: 1'b0 
INFO: [Synth 8-113] binding component instance 'CROSS2_PLEVEL_IN2SCNDRY_IN_cdc_to' to cell 'FDR' [/home/jgaitan/Documents/proyecto_1_borrador/project_1/project_1.gen/sources_1/bd/design_1/ipshared/ef1e/hdl/lib_cdc_v1_0_rfs.vhd:736]
	Parameter INIT bound to: 1'b0 
INFO: [Synth 8-113] binding component instance 'CROSS2_PLEVEL_IN2SCNDRY_IN_cdc_to' to cell 'FDR' [/home/jgaitan/Documents/proyecto_1_borrador/project_1/project_1.gen/sources_1/bd/design_1/ipshared/ef1e/hdl/lib_cdc_v1_0_rfs.vhd:736]
	Parameter INIT bound to: 1'b0 
INFO: [Synth 8-113] binding component instance 'CROSS2_PLEVEL_IN2SCNDRY_IN_cdc_to' to cell 'FDR' [/home/jgaitan/Documents/proyecto_1_borrador/project_1/project_1.gen/sources_1/bd/design_1/ipshared/ef1e/hdl/lib_cdc_v1_0_rfs.vhd:736]
	Parameter INIT bound to: 1'b0 
INFO: [Synth 8-113] binding component instance 'CROSS2_PLEVEL_IN2SCNDRY_IN_cdc_to' to cell 'FDR' [/home/jgaitan/Documents/proyecto_1_borrador/project_1/project_1.gen/sources_1/bd/design_1/ipshared/ef1e/hdl/lib_cdc_v1_0_rfs.vhd:736]
	Parameter INIT bound to: 1'b0 
INFO: [Synth 8-113] binding component instance 'CROSS2_PLEVEL_IN2SCNDRY_IN_cdc_to' to cell 'FDR' [/home/jgaitan/Documents/proyecto_1_borrador/project_1/project_1.gen/sources_1/bd/design_1/ipshared/ef1e/hdl/lib_cdc_v1_0_rfs.vhd:736]
	Parameter INIT bound to: 1'b0 
INFO: [Synth 8-113] binding component instance 'CROSS2_PLEVEL_IN2SCNDRY_IN_cdc_to' to cell 'FDR' [/home/jgaitan/Documents/proyecto_1_borrador/project_1/project_1.gen/sources_1/bd/design_1/ipshared/ef1e/hdl/lib_cdc_v1_0_rfs.vhd:736]
	Parameter INIT bound to: 1'b0 
INFO: [Synth 8-113] binding component instance 'CROSS2_PLEVEL_IN2SCNDRY_s_level_out_bus_d2' to cell 'FDR' [/home/jgaitan/Documents/proyecto_1_borrador/project_1/project_1.gen/sources_1/bd/design_1/ipshared/ef1e/hdl/lib_cdc_v1_0_rfs.vhd:772]
	Parameter INIT bound to: 1'b0 
INFO: [Synth 8-113] binding component instance 'CROSS2_PLEVEL_IN2SCNDRY_s_level_out_bus_d2' to cell 'FDR' [/home/jgaitan/Documents/proyecto_1_borrador/project_1/project_1.gen/sources_1/bd/design_1/ipshared/ef1e/hdl/lib_cdc_v1_0_rfs.vhd:772]
	Parameter INIT bound to: 1'b0 
INFO: [Synth 8-113] binding component instance 'CROSS2_PLEVEL_IN2SCNDRY_s_level_out_bus_d2' to cell 'FDR' [/home/jgaitan/Documents/proyecto_1_borrador/project_1/project_1.gen/sources_1/bd/design_1/ipshared/ef1e/hdl/lib_cdc_v1_0_rfs.vhd:772]
	Parameter INIT bound to: 1'b0 
INFO: [Synth 8-113] binding component instance 'CROSS2_PLEVEL_IN2SCNDRY_s_level_out_bus_d2' to cell 'FDR' [/home/jgaitan/Documents/proyecto_1_borrador/project_1/project_1.gen/sources_1/bd/design_1/ipshared/ef1e/hdl/lib_cdc_v1_0_rfs.vhd:772]
	Parameter INIT bound to: 1'b0 
INFO: [Synth 8-113] binding component instance 'CROSS2_PLEVEL_IN2SCNDRY_s_level_out_bus_d2' to cell 'FDR' [/home/jgaitan/Documents/proyecto_1_borrador/project_1/project_1.gen/sources_1/bd/design_1/ipshared/ef1e/hdl/lib_cdc_v1_0_rfs.vhd:772]
	Parameter INIT bound to: 1'b0 
INFO: [Synth 8-113] binding component instance 'CROSS2_PLEVEL_IN2SCNDRY_s_level_out_bus_d2' to cell 'FDR' [/home/jgaitan/Documents/proyecto_1_borrador/project_1/project_1.gen/sources_1/bd/design_1/ipshared/ef1e/hdl/lib_cdc_v1_0_rfs.vhd:772]
	Parameter INIT bound to: 1'b0 
INFO: [Synth 8-113] binding component instance 'CROSS2_PLEVEL_IN2SCNDRY_s_level_out_bus_d2' to cell 'FDR' [/home/jgaitan/Documents/proyecto_1_borrador/project_1/project_1.gen/sources_1/bd/design_1/ipshared/ef1e/hdl/lib_cdc_v1_0_rfs.vhd:772]
	Parameter INIT bound to: 1'b0 
INFO: [Synth 8-113] binding component instance 'CROSS2_PLEVEL_IN2SCNDRY_s_level_out_bus_d2' to cell 'FDR' [/home/jgaitan/Documents/proyecto_1_borrador/project_1/project_1.gen/sources_1/bd/design_1/ipshared/ef1e/hdl/lib_cdc_v1_0_rfs.vhd:772]
	Parameter INIT bound to: 1'b0 
INFO: [Synth 8-113] binding component instance 'CROSS2_PLEVEL_IN2SCNDRY_s_level_out_bus_d2' to cell 'FDR' [/home/jgaitan/Documents/proyecto_1_borrador/project_1/project_1.gen/sources_1/bd/design_1/ipshared/ef1e/hdl/lib_cdc_v1_0_rfs.vhd:772]
	Parameter INIT bound to: 1'b0 
INFO: [Synth 8-113] binding component instance 'CROSS2_PLEVEL_IN2SCNDRY_s_level_out_bus_d2' to cell 'FDR' [/home/jgaitan/Documents/proyecto_1_borrador/project_1/project_1.gen/sources_1/bd/design_1/ipshared/ef1e/hdl/lib_cdc_v1_0_rfs.vhd:772]
	Parameter INIT bound to: 1'b0 
INFO: [Synth 8-113] binding component instance 'CROSS2_PLEVEL_IN2SCNDRY_s_level_out_bus_d2' to cell 'FDR' [/home/jgaitan/Documents/proyecto_1_borrador/project_1/project_1.gen/sources_1/bd/design_1/ipshared/ef1e/hdl/lib_cdc_v1_0_rfs.vhd:772]
	Parameter INIT bound to: 1'b0 
INFO: [Synth 8-113] binding component instance 'CROSS2_PLEVEL_IN2SCNDRY_s_level_out_bus_d2' to cell 'FDR' [/home/jgaitan/Documents/proyecto_1_borrador/project_1/project_1.gen/sources_1/bd/design_1/ipshared/ef1e/hdl/lib_cdc_v1_0_rfs.vhd:772]
	Parameter INIT bound to: 1'b0 
INFO: [Synth 8-113] binding component instance 'CROSS2_PLEVEL_IN2SCNDRY_s_level_out_bus_d2' to cell 'FDR' [/home/jgaitan/Documents/proyecto_1_borrador/project_1/project_1.gen/sources_1/bd/design_1/ipshared/ef1e/hdl/lib_cdc_v1_0_rfs.vhd:772]
	Parameter INIT bound to: 1'b0 
INFO: [Synth 8-113] binding component instance 'CROSS2_PLEVEL_IN2SCNDRY_s_level_out_bus_d2' to cell 'FDR' [/home/jgaitan/Documents/proyecto_1_borrador/project_1/project_1.gen/sources_1/bd/design_1/ipshared/ef1e/hdl/lib_cdc_v1_0_rfs.vhd:772]
	Parameter INIT bound to: 1'b0 
INFO: [Synth 8-113] binding component instance 'CROSS2_PLEVEL_IN2SCNDRY_s_level_out_bus_d2' to cell 'FDR' [/home/jgaitan/Documents/proyecto_1_borrador/project_1/project_1.gen/sources_1/bd/design_1/ipshared/ef1e/hdl/lib_cdc_v1_0_rfs.vhd:772]
	Parameter INIT bound to: 1'b0 
INFO: [Synth 8-113] binding component instance 'CROSS2_PLEVEL_IN2SCNDRY_s_level_out_bus_d2' to cell 'FDR' [/home/jgaitan/Documents/proyecto_1_borrador/project_1/project_1.gen/sources_1/bd/design_1/ipshared/ef1e/hdl/lib_cdc_v1_0_rfs.vhd:772]
	Parameter INIT bound to: 1'b0 
INFO: [Synth 8-113] binding component instance 'CROSS2_PLEVEL_IN2SCNDRY_s_level_out_bus_d2' to cell 'FDR' [/home/jgaitan/Documents/proyecto_1_borrador/project_1/project_1.gen/sources_1/bd/design_1/ipshared/ef1e/hdl/lib_cdc_v1_0_rfs.vhd:772]
	Parameter INIT bound to: 1'b0 
INFO: [Synth 8-113] binding component instance 'CROSS2_PLEVEL_IN2SCNDRY_s_level_out_bus_d2' to cell 'FDR' [/home/jgaitan/Documents/proyecto_1_borrador/project_1/project_1.gen/sources_1/bd/design_1/ipshared/ef1e/hdl/lib_cdc_v1_0_rfs.vhd:772]
	Parameter INIT bound to: 1'b0 
INFO: [Synth 8-113] binding component instance 'CROSS2_PLEVEL_IN2SCNDRY_s_level_out_bus_d2' to cell 'FDR' [/home/jgaitan/Documents/proyecto_1_borrador/project_1/project_1.gen/sources_1/bd/design_1/ipshared/ef1e/hdl/lib_cdc_v1_0_rfs.vhd:772]
	Parameter INIT bound to: 1'b0 
INFO: [Synth 8-113] binding component instance 'CROSS2_PLEVEL_IN2SCNDRY_s_level_out_bus_d2' to cell 'FDR' [/home/jgaitan/Documents/proyecto_1_borrador/project_1/project_1.gen/sources_1/bd/design_1/ipshared/ef1e/hdl/lib_cdc_v1_0_rfs.vhd:772]
	Parameter INIT bound to: 1'b0 
INFO: [Synth 8-113] binding component instance 'CROSS2_PLEVEL_IN2SCNDRY_s_level_out_bus_d2' to cell 'FDR' [/home/jgaitan/Documents/proyecto_1_borrador/project_1/project_1.gen/sources_1/bd/design_1/ipshared/ef1e/hdl/lib_cdc_v1_0_rfs.vhd:772]
	Parameter INIT bound to: 1'b0 
INFO: [Synth 8-113] binding component instance 'CROSS2_PLEVEL_IN2SCNDRY_s_level_out_bus_d2' to cell 'FDR' [/home/jgaitan/Documents/proyecto_1_borrador/project_1/project_1.gen/sources_1/bd/design_1/ipshared/ef1e/hdl/lib_cdc_v1_0_rfs.vhd:772]
	Parameter INIT bound to: 1'b0 
INFO: [Synth 8-113] binding component instance 'CROSS2_PLEVEL_IN2SCNDRY_s_level_out_bus_d2' to cell 'FDR' [/home/jgaitan/Documents/proyecto_1_borrador/project_1/project_1.gen/sources_1/bd/design_1/ipshared/ef1e/hdl/lib_cdc_v1_0_rfs.vhd:772]
	Parameter INIT bound to: 1'b0 
INFO: [Synth 8-113] binding component instance 'CROSS2_PLEVEL_IN2SCNDRY_s_level_out_bus_d2' to cell 'FDR' [/home/jgaitan/Documents/proyecto_1_borrador/project_1/project_1.gen/sources_1/bd/design_1/ipshared/ef1e/hdl/lib_cdc_v1_0_rfs.vhd:772]
	Parameter INIT bound to: 1'b0 
INFO: [Synth 8-113] binding component instance 'CROSS2_PLEVEL_IN2SCNDRY_s_level_out_bus_d2' to cell 'FDR' [/home/jgaitan/Documents/proyecto_1_borrador/project_1/project_1.gen/sources_1/bd/design_1/ipshared/ef1e/hdl/lib_cdc_v1_0_rfs.vhd:772]
	Parameter INIT bound to: 1'b0 
INFO: [Synth 8-113] binding component instance 'CROSS2_PLEVEL_IN2SCNDRY_s_level_out_bus_d2' to cell 'FDR' [/home/jgaitan/Documents/proyecto_1_borrador/project_1/project_1.gen/sources_1/bd/design_1/ipshared/ef1e/hdl/lib_cdc_v1_0_rfs.vhd:772]
	Parameter INIT bound to: 1'b0 
INFO: [Synth 8-113] binding component instance 'CROSS2_PLEVEL_IN2SCNDRY_s_level_out_bus_d2' to cell 'FDR' [/home/jgaitan/Documents/proyecto_1_borrador/project_1/project_1.gen/sources_1/bd/design_1/ipshared/ef1e/hdl/lib_cdc_v1_0_rfs.vhd:772]
	Parameter INIT bound to: 1'b0 
INFO: [Synth 8-113] binding component instance 'CROSS2_PLEVEL_IN2SCNDRY_s_level_out_bus_d2' to cell 'FDR' [/home/jgaitan/Documents/proyecto_1_borrador/project_1/project_1.gen/sources_1/bd/design_1/ipshared/ef1e/hdl/lib_cdc_v1_0_rfs.vhd:772]
	Parameter INIT bound to: 1'b0 
INFO: [Synth 8-113] binding component instance 'CROSS2_PLEVEL_IN2SCNDRY_s_level_out_bus_d2' to cell 'FDR' [/home/jgaitan/Documents/proyecto_1_borrador/project_1/project_1.gen/sources_1/bd/design_1/ipshared/ef1e/hdl/lib_cdc_v1_0_rfs.vhd:772]
	Parameter INIT bound to: 1'b0 
INFO: [Synth 8-113] binding component instance 'CROSS2_PLEVEL_IN2SCNDRY_s_level_out_bus_d2' to cell 'FDR' [/home/jgaitan/Documents/proyecto_1_borrador/project_1/project_1.gen/sources_1/bd/design_1/ipshared/ef1e/hdl/lib_cdc_v1_0_rfs.vhd:772]
	Parameter INIT bound to: 1'b0 
INFO: [Synth 8-113] binding component instance 'CROSS2_PLEVEL_IN2SCNDRY_s_level_out_bus_d2' to cell 'FDR' [/home/jgaitan/Documents/proyecto_1_borrador/project_1/project_1.gen/sources_1/bd/design_1/ipshared/ef1e/hdl/lib_cdc_v1_0_rfs.vhd:772]
	Parameter INIT bound to: 1'b0 
INFO: [Synth 8-113] binding component instance 'CROSS2_PLEVEL_IN2SCNDRY_s_level_out_bus_d2' to cell 'FDR' [/home/jgaitan/Documents/proyecto_1_borrador/project_1/project_1.gen/sources_1/bd/design_1/ipshared/ef1e/hdl/lib_cdc_v1_0_rfs.vhd:772]
	Parameter INIT bound to: 1'b0 
INFO: [Synth 8-113] binding component instance 'CROSS2_PLEVEL_IN2SCNDRY_s_level_out_bus_d3' to cell 'FDR' [/home/jgaitan/Documents/proyecto_1_borrador/project_1/project_1.gen/sources_1/bd/design_1/ipshared/ef1e/hdl/lib_cdc_v1_0_rfs.vhd:788]
	Parameter INIT bound to: 1'b0 
INFO: [Synth 8-113] binding component instance 'CROSS2_PLEVEL_IN2SCNDRY_s_level_out_bus_d3' to cell 'FDR' [/home/jgaitan/Documents/proyecto_1_borrador/project_1/project_1.gen/sources_1/bd/design_1/ipshared/ef1e/hdl/lib_cdc_v1_0_rfs.vhd:788]
	Parameter INIT bound to: 1'b0 
INFO: [Synth 8-113] binding component instance 'CROSS2_PLEVEL_IN2SCNDRY_s_level_out_bus_d3' to cell 'FDR' [/home/jgaitan/Documents/proyecto_1_borrador/project_1/project_1.gen/sources_1/bd/design_1/ipshared/ef1e/hdl/lib_cdc_v1_0_rfs.vhd:788]
	Parameter INIT bound to: 1'b0 
INFO: [Synth 8-113] binding component instance 'CROSS2_PLEVEL_IN2SCNDRY_s_level_out_bus_d3' to cell 'FDR' [/home/jgaitan/Documents/proyecto_1_borrador/project_1/project_1.gen/sources_1/bd/design_1/ipshared/ef1e/hdl/lib_cdc_v1_0_rfs.vhd:788]
	Parameter INIT bound to: 1'b0 
INFO: [Synth 8-113] binding component instance 'CROSS2_PLEVEL_IN2SCNDRY_s_level_out_bus_d3' to cell 'FDR' [/home/jgaitan/Documents/proyecto_1_borrador/project_1/project_1.gen/sources_1/bd/design_1/ipshared/ef1e/hdl/lib_cdc_v1_0_rfs.vhd:788]
	Parameter INIT bound to: 1'b0 
INFO: [Synth 8-113] binding component instance 'CROSS2_PLEVEL_IN2SCNDRY_s_level_out_bus_d3' to cell 'FDR' [/home/jgaitan/Documents/proyecto_1_borrador/project_1/project_1.gen/sources_1/bd/design_1/ipshared/ef1e/hdl/lib_cdc_v1_0_rfs.vhd:788]
	Parameter INIT bound to: 1'b0 
INFO: [Synth 8-113] binding component instance 'CROSS2_PLEVEL_IN2SCNDRY_s_level_out_bus_d3' to cell 'FDR' [/home/jgaitan/Documents/proyecto_1_borrador/project_1/project_1.gen/sources_1/bd/design_1/ipshared/ef1e/hdl/lib_cdc_v1_0_rfs.vhd:788]
	Parameter INIT bound to: 1'b0 
INFO: [Synth 8-113] binding component instance 'CROSS2_PLEVEL_IN2SCNDRY_s_level_out_bus_d3' to cell 'FDR' [/home/jgaitan/Documents/proyecto_1_borrador/project_1/project_1.gen/sources_1/bd/design_1/ipshared/ef1e/hdl/lib_cdc_v1_0_rfs.vhd:788]
	Parameter INIT bound to: 1'b0 
INFO: [Synth 8-113] binding component instance 'CROSS2_PLEVEL_IN2SCNDRY_s_level_out_bus_d3' to cell 'FDR' [/home/jgaitan/Documents/proyecto_1_borrador/project_1/project_1.gen/sources_1/bd/design_1/ipshared/ef1e/hdl/lib_cdc_v1_0_rfs.vhd:788]
	Parameter INIT bound to: 1'b0 
INFO: [Synth 8-113] binding component instance 'CROSS2_PLEVEL_IN2SCNDRY_s_level_out_bus_d3' to cell 'FDR' [/home/jgaitan/Documents/proyecto_1_borrador/project_1/project_1.gen/sources_1/bd/design_1/ipshared/ef1e/hdl/lib_cdc_v1_0_rfs.vhd:788]
	Parameter INIT bound to: 1'b0 
INFO: [Synth 8-113] binding component instance 'CROSS2_PLEVEL_IN2SCNDRY_s_level_out_bus_d3' to cell 'FDR' [/home/jgaitan/Documents/proyecto_1_borrador/project_1/project_1.gen/sources_1/bd/design_1/ipshared/ef1e/hdl/lib_cdc_v1_0_rfs.vhd:788]
	Parameter INIT bound to: 1'b0 
INFO: [Synth 8-113] binding component instance 'CROSS2_PLEVEL_IN2SCNDRY_s_level_out_bus_d3' to cell 'FDR' [/home/jgaitan/Documents/proyecto_1_borrador/project_1/project_1.gen/sources_1/bd/design_1/ipshared/ef1e/hdl/lib_cdc_v1_0_rfs.vhd:788]
	Parameter INIT bound to: 1'b0 
INFO: [Synth 8-113] binding component instance 'CROSS2_PLEVEL_IN2SCNDRY_s_level_out_bus_d3' to cell 'FDR' [/home/jgaitan/Documents/proyecto_1_borrador/project_1/project_1.gen/sources_1/bd/design_1/ipshared/ef1e/hdl/lib_cdc_v1_0_rfs.vhd:788]
	Parameter INIT bound to: 1'b0 
INFO: [Synth 8-113] binding component instance 'CROSS2_PLEVEL_IN2SCNDRY_s_level_out_bus_d3' to cell 'FDR' [/home/jgaitan/Documents/proyecto_1_borrador/project_1/project_1.gen/sources_1/bd/design_1/ipshared/ef1e/hdl/lib_cdc_v1_0_rfs.vhd:788]
	Parameter INIT bound to: 1'b0 
INFO: [Synth 8-113] binding component instance 'CROSS2_PLEVEL_IN2SCNDRY_s_level_out_bus_d3' to cell 'FDR' [/home/jgaitan/Documents/proyecto_1_borrador/project_1/project_1.gen/sources_1/bd/design_1/ipshared/ef1e/hdl/lib_cdc_v1_0_rfs.vhd:788]
	Parameter INIT bound to: 1'b0 
INFO: [Synth 8-113] binding component instance 'CROSS2_PLEVEL_IN2SCNDRY_s_level_out_bus_d3' to cell 'FDR' [/home/jgaitan/Documents/proyecto_1_borrador/project_1/project_1.gen/sources_1/bd/design_1/ipshared/ef1e/hdl/lib_cdc_v1_0_rfs.vhd:788]
	Parameter INIT bound to: 1'b0 
INFO: [Synth 8-113] binding component instance 'CROSS2_PLEVEL_IN2SCNDRY_s_level_out_bus_d3' to cell 'FDR' [/home/jgaitan/Documents/proyecto_1_borrador/project_1/project_1.gen/sources_1/bd/design_1/ipshared/ef1e/hdl/lib_cdc_v1_0_rfs.vhd:788]
	Parameter INIT bound to: 1'b0 
INFO: [Synth 8-113] binding component instance 'CROSS2_PLEVEL_IN2SCNDRY_s_level_out_bus_d3' to cell 'FDR' [/home/jgaitan/Documents/proyecto_1_borrador/project_1/project_1.gen/sources_1/bd/design_1/ipshared/ef1e/hdl/lib_cdc_v1_0_rfs.vhd:788]
	Parameter INIT bound to: 1'b0 
INFO: [Synth 8-113] binding component instance 'CROSS2_PLEVEL_IN2SCNDRY_s_level_out_bus_d3' to cell 'FDR' [/home/jgaitan/Documents/proyecto_1_borrador/project_1/project_1.gen/sources_1/bd/design_1/ipshared/ef1e/hdl/lib_cdc_v1_0_rfs.vhd:788]
	Parameter INIT bound to: 1'b0 
INFO: [Synth 8-113] binding component instance 'CROSS2_PLEVEL_IN2SCNDRY_s_level_out_bus_d3' to cell 'FDR' [/home/jgaitan/Documents/proyecto_1_borrador/project_1/project_1.gen/sources_1/bd/design_1/ipshared/ef1e/hdl/lib_cdc_v1_0_rfs.vhd:788]
	Parameter INIT bound to: 1'b0 
INFO: [Synth 8-113] binding component instance 'CROSS2_PLEVEL_IN2SCNDRY_s_level_out_bus_d3' to cell 'FDR' [/home/jgaitan/Documents/proyecto_1_borrador/project_1/project_1.gen/sources_1/bd/design_1/ipshared/ef1e/hdl/lib_cdc_v1_0_rfs.vhd:788]
	Parameter INIT bound to: 1'b0 
INFO: [Synth 8-113] binding component instance 'CROSS2_PLEVEL_IN2SCNDRY_s_level_out_bus_d3' to cell 'FDR' [/home/jgaitan/Documents/proyecto_1_borrador/project_1/project_1.gen/sources_1/bd/design_1/ipshared/ef1e/hdl/lib_cdc_v1_0_rfs.vhd:788]
	Parameter INIT bound to: 1'b0 
INFO: [Synth 8-113] binding component instance 'CROSS2_PLEVEL_IN2SCNDRY_s_level_out_bus_d3' to cell 'FDR' [/home/jgaitan/Documents/proyecto_1_borrador/project_1/project_1.gen/sources_1/bd/design_1/ipshared/ef1e/hdl/lib_cdc_v1_0_rfs.vhd:788]
	Parameter INIT bound to: 1'b0 
INFO: [Synth 8-113] binding component instance 'CROSS2_PLEVEL_IN2SCNDRY_s_level_out_bus_d3' to cell 'FDR' [/home/jgaitan/Documents/proyecto_1_borrador/project_1/project_1.gen/sources_1/bd/design_1/ipshared/ef1e/hdl/lib_cdc_v1_0_rfs.vhd:788]
	Parameter INIT bound to: 1'b0 
INFO: [Synth 8-113] binding component instance 'CROSS2_PLEVEL_IN2SCNDRY_s_level_out_bus_d3' to cell 'FDR' [/home/jgaitan/Documents/proyecto_1_borrador/project_1/project_1.gen/sources_1/bd/design_1/ipshared/ef1e/hdl/lib_cdc_v1_0_rfs.vhd:788]
	Parameter INIT bound to: 1'b0 
INFO: [Synth 8-113] binding component instance 'CROSS2_PLEVEL_IN2SCNDRY_s_level_out_bus_d3' to cell 'FDR' [/home/jgaitan/Documents/proyecto_1_borrador/project_1/project_1.gen/sources_1/bd/design_1/ipshared/ef1e/hdl/lib_cdc_v1_0_rfs.vhd:788]
	Parameter INIT bound to: 1'b0 
INFO: [Synth 8-113] binding component instance 'CROSS2_PLEVEL_IN2SCNDRY_s_level_out_bus_d3' to cell 'FDR' [/home/jgaitan/Documents/proyecto_1_borrador/project_1/project_1.gen/sources_1/bd/design_1/ipshared/ef1e/hdl/lib_cdc_v1_0_rfs.vhd:788]
	Parameter INIT bound to: 1'b0 
INFO: [Synth 8-113] binding component instance 'CROSS2_PLEVEL_IN2SCNDRY_s_level_out_bus_d3' to cell 'FDR' [/home/jgaitan/Documents/proyecto_1_borrador/project_1/project_1.gen/sources_1/bd/design_1/ipshared/ef1e/hdl/lib_cdc_v1_0_rfs.vhd:788]
	Parameter INIT bound to: 1'b0 
INFO: [Synth 8-113] binding component instance 'CROSS2_PLEVEL_IN2SCNDRY_s_level_out_bus_d3' to cell 'FDR' [/home/jgaitan/Documents/proyecto_1_borrador/project_1/project_1.gen/sources_1/bd/design_1/ipshared/ef1e/hdl/lib_cdc_v1_0_rfs.vhd:788]
	Parameter INIT bound to: 1'b0 
INFO: [Synth 8-113] binding component instance 'CROSS2_PLEVEL_IN2SCNDRY_s_level_out_bus_d3' to cell 'FDR' [/home/jgaitan/Documents/proyecto_1_borrador/project_1/project_1.gen/sources_1/bd/design_1/ipshared/ef1e/hdl/lib_cdc_v1_0_rfs.vhd:788]
	Parameter INIT bound to: 1'b0 
INFO: [Synth 8-113] binding component instance 'CROSS2_PLEVEL_IN2SCNDRY_s_level_out_bus_d3' to cell 'FDR' [/home/jgaitan/Documents/proyecto_1_borrador/project_1/project_1.gen/sources_1/bd/design_1/ipshared/ef1e/hdl/lib_cdc_v1_0_rfs.vhd:788]
	Parameter INIT bound to: 1'b0 
INFO: [Synth 8-113] binding component instance 'CROSS2_PLEVEL_IN2SCNDRY_s_level_out_bus_d3' to cell 'FDR' [/home/jgaitan/Documents/proyecto_1_borrador/project_1/project_1.gen/sources_1/bd/design_1/ipshared/ef1e/hdl/lib_cdc_v1_0_rfs.vhd:788]
	Parameter INIT bound to: 1'b0 
INFO: [Synth 8-113] binding component instance 'CROSS2_PLEVEL_IN2SCNDRY_s_level_out_bus_d4' to cell 'FDR' [/home/jgaitan/Documents/proyecto_1_borrador/project_1/project_1.gen/sources_1/bd/design_1/ipshared/ef1e/hdl/lib_cdc_v1_0_rfs.vhd:804]
	Parameter INIT bound to: 1'b0 
INFO: [Synth 8-113] binding component instance 'CROSS2_PLEVEL_IN2SCNDRY_s_level_out_bus_d4' to cell 'FDR' [/home/jgaitan/Documents/proyecto_1_borrador/project_1/project_1.gen/sources_1/bd/design_1/ipshared/ef1e/hdl/lib_cdc_v1_0_rfs.vhd:804]
	Parameter INIT bound to: 1'b0 
INFO: [Synth 8-113] binding component instance 'CROSS2_PLEVEL_IN2SCNDRY_s_level_out_bus_d4' to cell 'FDR' [/home/jgaitan/Documents/proyecto_1_borrador/project_1/project_1.gen/sources_1/bd/design_1/ipshared/ef1e/hdl/lib_cdc_v1_0_rfs.vhd:804]
	Parameter INIT bound to: 1'b0 
INFO: [Synth 8-113] binding component instance 'CROSS2_PLEVEL_IN2SCNDRY_s_level_out_bus_d4' to cell 'FDR' [/home/jgaitan/Documents/proyecto_1_borrador/project_1/project_1.gen/sources_1/bd/design_1/ipshared/ef1e/hdl/lib_cdc_v1_0_rfs.vhd:804]
INFO: [Common 17-14] Message 'Synth 8-113' appears 100 times and further instances of the messages will be disabled. Use the Tcl command set_msg_config to change the current settings.
	Parameter INIT bound to: 1'b0 
	Parameter INIT bound to: 1'b0 
	Parameter INIT bound to: 1'b0 
	Parameter INIT bound to: 1'b0 
	Parameter INIT bound to: 1'b0 
	Parameter INIT bound to: 1'b0 
	Parameter INIT bound to: 1'b0 
	Parameter INIT bound to: 1'b0 
	Parameter INIT bound to: 1'b0 
	Parameter INIT bound to: 1'b0 
	Parameter INIT bound to: 1'b0 
	Parameter INIT bound to: 1'b0 
	Parameter INIT bound to: 1'b0 
	Parameter INIT bound to: 1'b0 
	Parameter INIT bound to: 1'b0 
	Parameter INIT bound to: 1'b0 
	Parameter INIT bound to: 1'b0 
	Parameter INIT bound to: 1'b0 
	Parameter INIT bound to: 1'b0 
	Parameter INIT bound to: 1'b0 
	Parameter INIT bound to: 1'b0 
	Parameter INIT bound to: 1'b0 
	Parameter INIT bound to: 1'b0 
	Parameter INIT bound to: 1'b0 
	Parameter INIT bound to: 1'b0 
	Parameter INIT bound to: 1'b0 
	Parameter INIT bound to: 1'b0 
	Parameter INIT bound to: 1'b0 
	Parameter INIT bound to: 1'b0 
	Parameter INIT bound to: 1'b0 
	Parameter INIT bound to: 1'b0 
	Parameter INIT bound to: 1'b0 
	Parameter INIT bound to: 1'b0 
	Parameter INIT bound to: 1'b0 
	Parameter INIT bound to: 1'b0 
	Parameter INIT bound to: 1'b0 
	Parameter INIT bound to: 1'b0 
	Parameter INIT bound to: 1'b0 
	Parameter INIT bound to: 1'b0 
	Parameter INIT bound to: 1'b0 
	Parameter INIT bound to: 1'b0 
	Parameter INIT bound to: 1'b0 
	Parameter INIT bound to: 1'b0 
	Parameter INIT bound to: 1'b0 
	Parameter INIT bound to: 1'b0 
	Parameter INIT bound to: 1'b0 
	Parameter INIT bound to: 1'b0 
	Parameter INIT bound to: 1'b0 
	Parameter INIT bound to: 1'b0 
	Parameter INIT bound to: 1'b0 
	Parameter INIT bound to: 1'b0 
	Parameter INIT bound to: 1'b0 
	Parameter INIT bound to: 1'b0 
	Parameter INIT bound to: 1'b0 
	Parameter INIT bound to: 1'b0 
	Parameter INIT bound to: 1'b0 
	Parameter INIT bound to: 1'b0 
	Parameter INIT bound to: 1'b0 
	Parameter INIT bound to: 1'b0 
	Parameter INIT bound to: 1'b0 
	Parameter INIT bound to: 1'b0 
	Parameter INIT bound to: 1'b0 
	Parameter INIT bound to: 1'b0 
	Parameter INIT bound to: 1'b0 
	Parameter INIT bound to: 1'b0 
	Parameter INIT bound to: 1'b0 
	Parameter INIT bound to: 1'b0 
	Parameter INIT bound to: 1'b0 
	Parameter INIT bound to: 1'b0 
	Parameter INIT bound to: 1'b0 
	Parameter INIT bound to: 1'b0 
	Parameter INIT bound to: 1'b0 
	Parameter INIT bound to: 1'b0 
	Parameter INIT bound to: 1'b0 
	Parameter INIT bound to: 1'b0 
	Parameter INIT bound to: 1'b0 
	Parameter INIT bound to: 1'b0 
	Parameter INIT bound to: 1'b0 
	Parameter INIT bound to: 1'b0 
	Parameter INIT bound to: 1'b0 
	Parameter INIT bound to: 1'b0 
	Parameter INIT bound to: 1'b0 
	Parameter INIT bound to: 1'b0 
	Parameter INIT bound to: 1'b0 
	Parameter INIT bound to: 1'b0 
	Parameter INIT bound to: 1'b0 
	Parameter INIT bound to: 1'b0 
	Parameter INIT bound to: 1'b0 
	Parameter INIT bound to: 1'b0 
	Parameter INIT bound to: 1'b0 
	Parameter INIT bound to: 1'b0 
	Parameter INIT bound to: 1'b0 
INFO: [Synth 8-256] done synthesizing module 'cdc_sync' (0#1) [/home/jgaitan/Documents/proyecto_1_borrador/project_1/project_1.gen/sources_1/bd/design_1/ipshared/ef1e/hdl/lib_cdc_v1_0_rfs.vhd:106]
INFO: [Synth 8-256] done synthesizing module 'GPIO_Core' (0#1) [/home/jgaitan/Documents/proyecto_1_borrador/project_1/project_1.gen/sources_1/bd/design_1/ipshared/6fbe/hdl/axi_gpio_v2_0_vh_rfs.vhd:181]
INFO: [Synth 8-256] done synthesizing module 'axi_gpio' (0#1) [/home/jgaitan/Documents/proyecto_1_borrador/project_1/project_1.gen/sources_1/bd/design_1/ipshared/6fbe/hdl/axi_gpio_v2_0_vh_rfs.vhd:1356]
INFO: [Synth 8-256] done synthesizing module 'design_1_axi_gpio_0_0' (0#1) [/home/jgaitan/Documents/proyecto_1_borrador/project_1/project_1.gen/sources_1/bd/design_1/ip/design_1_axi_gpio_0_0/synth/design_1_axi_gpio_0_0.vhd:89]
WARNING: [Synth 8-6014] Unused sequential element Dual.ALLOUT0_ND_G0.READ_REG_GEN[0].GPIO_DBus_i_reg was removed.  [/home/jgaitan/Documents/proyecto_1_borrador/project_1/project_1.gen/sources_1/bd/design_1/ipshared/6fbe/hdl/axi_gpio_v2_0_vh_rfs.vhd:622]
WARNING: [Synth 8-6014] Unused sequential element Dual.ALLOUT0_ND_G0.READ_REG_GEN[1].GPIO_DBus_i_reg was removed.  [/home/jgaitan/Documents/proyecto_1_borrador/project_1/project_1.gen/sources_1/bd/design_1/ipshared/6fbe/hdl/axi_gpio_v2_0_vh_rfs.vhd:622]
WARNING: [Synth 8-6014] Unused sequential element Dual.ALLOUT0_ND_G0.READ_REG_GEN[2].GPIO_DBus_i_reg was removed.  [/home/jgaitan/Documents/proyecto_1_borrador/project_1/project_1.gen/sources_1/bd/design_1/ipshared/6fbe/hdl/axi_gpio_v2_0_vh_rfs.vhd:622]
WARNING: [Synth 8-6014] Unused sequential element Dual.ALLOUT0_ND_G0.READ_REG_GEN[3].GPIO_DBus_i_reg was removed.  [/home/jgaitan/Documents/proyecto_1_borrador/project_1/project_1.gen/sources_1/bd/design_1/ipshared/6fbe/hdl/axi_gpio_v2_0_vh_rfs.vhd:622]
WARNING: [Synth 8-6014] Unused sequential element Dual.ALLOUT0_ND_G0.READ_REG_GEN[4].GPIO_DBus_i_reg was removed.  [/home/jgaitan/Documents/proyecto_1_borrador/project_1/project_1.gen/sources_1/bd/design_1/ipshared/6fbe/hdl/axi_gpio_v2_0_vh_rfs.vhd:622]
WARNING: [Synth 8-6014] Unused sequential element Dual.ALLOUT0_ND_G0.READ_REG_GEN[5].GPIO_DBus_i_reg was removed.  [/home/jgaitan/Documents/proyecto_1_borrador/project_1/project_1.gen/sources_1/bd/design_1/ipshared/6fbe/hdl/axi_gpio_v2_0_vh_rfs.vhd:622]
WARNING: [Synth 8-6014] Unused sequential element Dual.ALLOUT0_ND_G0.READ_REG_GEN[6].GPIO_DBus_i_reg was removed.  [/home/jgaitan/Documents/proyecto_1_borrador/project_1/project_1.gen/sources_1/bd/design_1/ipshared/6fbe/hdl/axi_gpio_v2_0_vh_rfs.vhd:622]
WARNING: [Synth 8-6014] Unused sequential element Dual.ALLOUT0_ND_G0.READ_REG_GEN[7].GPIO_DBus_i_reg was removed.  [/home/jgaitan/Documents/proyecto_1_borrador/project_1/project_1.gen/sources_1/bd/design_1/ipshared/6fbe/hdl/axi_gpio_v2_0_vh_rfs.vhd:622]
WARNING: [Synth 8-6014] Unused sequential element Dual.ALLOUT0_ND_G0.READ_REG_GEN[8].GPIO_DBus_i_reg was removed.  [/home/jgaitan/Documents/proyecto_1_borrador/project_1/project_1.gen/sources_1/bd/design_1/ipshared/6fbe/hdl/axi_gpio_v2_0_vh_rfs.vhd:622]
WARNING: [Synth 8-6014] Unused sequential element Dual.ALLOUT0_ND_G0.READ_REG_GEN[9].GPIO_DBus_i_reg was removed.  [/home/jgaitan/Documents/proyecto_1_borrador/project_1/project_1.gen/sources_1/bd/design_1/ipshared/6fbe/hdl/axi_gpio_v2_0_vh_rfs.vhd:622]
WARNING: [Synth 8-6014] Unused sequential element Dual.ALLOUT0_ND_G0.READ_REG_GEN[10].GPIO_DBus_i_reg was removed.  [/home/jgaitan/Documents/proyecto_1_borrador/project_1/project_1.gen/sources_1/bd/design_1/ipshared/6fbe/hdl/axi_gpio_v2_0_vh_rfs.vhd:622]
WARNING: [Synth 8-6014] Unused sequential element Dual.ALLOUT0_ND_G0.READ_REG_GEN[11].GPIO_DBus_i_reg was removed.  [/home/jgaitan/Documents/proyecto_1_borrador/project_1/project_1.gen/sources_1/bd/design_1/ipshared/6fbe/hdl/axi_gpio_v2_0_vh_rfs.vhd:622]
WARNING: [Synth 8-6014] Unused sequential element Dual.ALLOUT0_ND_G0.READ_REG_GEN[12].GPIO_DBus_i_reg was removed.  [/home/jgaitan/Documents/proyecto_1_borrador/project_1/project_1.gen/sources_1/bd/design_1/ipshared/6fbe/hdl/axi_gpio_v2_0_vh_rfs.vhd:622]
WARNING: [Synth 8-6014] Unused sequential element Dual.ALLOUT0_ND_G0.READ_REG_GEN[13].GPIO_DBus_i_reg was removed.  [/home/jgaitan/Documents/proyecto_1_borrador/project_1/project_1.gen/sources_1/bd/design_1/ipshared/6fbe/hdl/axi_gpio_v2_0_vh_rfs.vhd:622]
WARNING: [Synth 8-6014] Unused sequential element Dual.ALLOUT0_ND_G0.READ_REG_GEN[14].GPIO_DBus_i_reg was removed.  [/home/jgaitan/Documents/proyecto_1_borrador/project_1/project_1.gen/sources_1/bd/design_1/ipshared/6fbe/hdl/axi_gpio_v2_0_vh_rfs.vhd:622]
WARNING: [Synth 8-6014] Unused sequential element Dual.ALLOUT0_ND_G0.READ_REG_GEN[15].GPIO_DBus_i_reg was removed.  [/home/jgaitan/Documents/proyecto_1_borrador/project_1/project_1.gen/sources_1/bd/design_1/ipshared/6fbe/hdl/axi_gpio_v2_0_vh_rfs.vhd:622]
WARNING: [Synth 8-6014] Unused sequential element Dual.ALLOUT0_ND_G0.READ_REG_GEN[16].GPIO_DBus_i_reg was removed.  [/home/jgaitan/Documents/proyecto_1_borrador/project_1/project_1.gen/sources_1/bd/design_1/ipshared/6fbe/hdl/axi_gpio_v2_0_vh_rfs.vhd:622]
WARNING: [Synth 8-6014] Unused sequential element Dual.ALLOUT0_ND_G0.READ_REG_GEN[17].GPIO_DBus_i_reg was removed.  [/home/jgaitan/Documents/proyecto_1_borrador/project_1/project_1.gen/sources_1/bd/design_1/ipshared/6fbe/hdl/axi_gpio_v2_0_vh_rfs.vhd:622]
WARNING: [Synth 8-6014] Unused sequential element Dual.ALLOUT0_ND_G0.READ_REG_GEN[18].GPIO_DBus_i_reg was removed.  [/home/jgaitan/Documents/proyecto_1_borrador/project_1/project_1.gen/sources_1/bd/design_1/ipshared/6fbe/hdl/axi_gpio_v2_0_vh_rfs.vhd:622]
WARNING: [Synth 8-6014] Unused sequential element Dual.ALLOUT0_ND_G0.READ_REG_GEN[19].GPIO_DBus_i_reg was removed.  [/home/jgaitan/Documents/proyecto_1_borrador/project_1/project_1.gen/sources_1/bd/design_1/ipshared/6fbe/hdl/axi_gpio_v2_0_vh_rfs.vhd:622]
WARNING: [Synth 8-6014] Unused sequential element Dual.ALLOUT0_ND_G0.READ_REG_GEN[20].GPIO_DBus_i_reg was removed.  [/home/jgaitan/Documents/proyecto_1_borrador/project_1/project_1.gen/sources_1/bd/design_1/ipshared/6fbe/hdl/axi_gpio_v2_0_vh_rfs.vhd:622]
WARNING: [Synth 8-6014] Unused sequential element Dual.ALLOUT0_ND_G0.READ_REG_GEN[21].GPIO_DBus_i_reg was removed.  [/home/jgaitan/Documents/proyecto_1_borrador/project_1/project_1.gen/sources_1/bd/design_1/ipshared/6fbe/hdl/axi_gpio_v2_0_vh_rfs.vhd:622]
WARNING: [Synth 8-6014] Unused sequential element Dual.ALLOUT0_ND_G0.READ_REG_GEN[22].GPIO_DBus_i_reg was removed.  [/home/jgaitan/Documents/proyecto_1_borrador/project_1/project_1.gen/sources_1/bd/design_1/ipshared/6fbe/hdl/axi_gpio_v2_0_vh_rfs.vhd:622]
WARNING: [Synth 8-6014] Unused sequential element Dual.ALLOUT0_ND_G0.READ_REG_GEN[23].GPIO_DBus_i_reg was removed.  [/home/jgaitan/Documents/proyecto_1_borrador/project_1/project_1.gen/sources_1/bd/design_1/ipshared/6fbe/hdl/axi_gpio_v2_0_vh_rfs.vhd:622]
WARNING: [Synth 8-6014] Unused sequential element Dual.ALLOUT0_ND_G0.READ_REG_GEN[24].GPIO_DBus_i_reg was removed.  [/home/jgaitan/Documents/proyecto_1_borrador/project_1/project_1.gen/sources_1/bd/design_1/ipshared/6fbe/hdl/axi_gpio_v2_0_vh_rfs.vhd:622]
WARNING: [Synth 8-6014] Unused sequential element Dual.ALLOUT0_ND_G0.READ_REG_GEN[25].GPIO_DBus_i_reg was removed.  [/home/jgaitan/Documents/proyecto_1_borrador/project_1/project_1.gen/sources_1/bd/design_1/ipshared/6fbe/hdl/axi_gpio_v2_0_vh_rfs.vhd:622]
WARNING: [Synth 8-6014] Unused sequential element Dual.ALLOUT0_ND_G0.READ_REG_GEN[26].GPIO_DBus_i_reg was removed.  [/home/jgaitan/Documents/proyecto_1_borrador/project_1/project_1.gen/sources_1/bd/design_1/ipshared/6fbe/hdl/axi_gpio_v2_0_vh_rfs.vhd:622]
WARNING: [Synth 8-6014] Unused sequential element Dual.ALLOUT0_ND_G0.READ_REG_GEN[27].GPIO_DBus_i_reg was removed.  [/home/jgaitan/Documents/proyecto_1_borrador/project_1/project_1.gen/sources_1/bd/design_1/ipshared/6fbe/hdl/axi_gpio_v2_0_vh_rfs.vhd:622]
WARNING: [Synth 8-6014] Unused sequential element Dual.ALLOUT0_ND_G0.READ_REG_GEN[28].GPIO_DBus_i_reg was removed.  [/home/jgaitan/Documents/proyecto_1_borrador/project_1/project_1.gen/sources_1/bd/design_1/ipshared/6fbe/hdl/axi_gpio_v2_0_vh_rfs.vhd:622]
WARNING: [Synth 8-6014] Unused sequential element Dual.ALLOUT0_ND_G0.READ_REG_GEN[29].GPIO_DBus_i_reg was removed.  [/home/jgaitan/Documents/proyecto_1_borrador/project_1/project_1.gen/sources_1/bd/design_1/ipshared/6fbe/hdl/axi_gpio_v2_0_vh_rfs.vhd:622]
WARNING: [Synth 8-6014] Unused sequential element Dual.ALLOUT0_ND_G0.READ_REG_GEN[30].GPIO_DBus_i_reg was removed.  [/home/jgaitan/Documents/proyecto_1_borrador/project_1/project_1.gen/sources_1/bd/design_1/ipshared/6fbe/hdl/axi_gpio_v2_0_vh_rfs.vhd:622]
WARNING: [Synth 8-6014] Unused sequential element Dual.ALLOUT0_ND_G0.READ_REG_GEN[31].GPIO_DBus_i_reg was removed.  [/home/jgaitan/Documents/proyecto_1_borrador/project_1/project_1.gen/sources_1/bd/design_1/ipshared/6fbe/hdl/axi_gpio_v2_0_vh_rfs.vhd:622]
WARNING: [Synth 8-6014] Unused sequential element Dual.ALLOUT0_ND_G2.READ_REG2_GEN[0].GPIO2_DBus_i_reg was removed.  [/home/jgaitan/Documents/proyecto_1_borrador/project_1/project_1.gen/sources_1/bd/design_1/ipshared/6fbe/hdl/axi_gpio_v2_0_vh_rfs.vhd:753]
WARNING: [Synth 8-6014] Unused sequential element Dual.ALLOUT0_ND_G2.READ_REG2_GEN[1].GPIO2_DBus_i_reg was removed.  [/home/jgaitan/Documents/proyecto_1_borrador/project_1/project_1.gen/sources_1/bd/design_1/ipshared/6fbe/hdl/axi_gpio_v2_0_vh_rfs.vhd:753]
WARNING: [Synth 8-6014] Unused sequential element Dual.ALLOUT0_ND_G2.READ_REG2_GEN[2].GPIO2_DBus_i_reg was removed.  [/home/jgaitan/Documents/proyecto_1_borrador/project_1/project_1.gen/sources_1/bd/design_1/ipshared/6fbe/hdl/axi_gpio_v2_0_vh_rfs.vhd:753]
WARNING: [Synth 8-6014] Unused sequential element Dual.ALLOUT0_ND_G2.READ_REG2_GEN[3].GPIO2_DBus_i_reg was removed.  [/home/jgaitan/Documents/proyecto_1_borrador/project_1/project_1.gen/sources_1/bd/design_1/ipshared/6fbe/hdl/axi_gpio_v2_0_vh_rfs.vhd:753]
WARNING: [Synth 8-6014] Unused sequential element Dual.ALLOUT0_ND_G2.READ_REG2_GEN[4].GPIO2_DBus_i_reg was removed.  [/home/jgaitan/Documents/proyecto_1_borrador/project_1/project_1.gen/sources_1/bd/design_1/ipshared/6fbe/hdl/axi_gpio_v2_0_vh_rfs.vhd:753]
WARNING: [Synth 8-6014] Unused sequential element Dual.ALLOUT0_ND_G2.READ_REG2_GEN[5].GPIO2_DBus_i_reg was removed.  [/home/jgaitan/Documents/proyecto_1_borrador/project_1/project_1.gen/sources_1/bd/design_1/ipshared/6fbe/hdl/axi_gpio_v2_0_vh_rfs.vhd:753]
WARNING: [Synth 8-6014] Unused sequential element Dual.ALLOUT0_ND_G2.READ_REG2_GEN[6].GPIO2_DBus_i_reg was removed.  [/home/jgaitan/Documents/proyecto_1_borrador/project_1/project_1.gen/sources_1/bd/design_1/ipshared/6fbe/hdl/axi_gpio_v2_0_vh_rfs.vhd:753]
WARNING: [Synth 8-6014] Unused sequential element Dual.ALLOUT0_ND_G2.READ_REG2_GEN[7].GPIO2_DBus_i_reg was removed.  [/home/jgaitan/Documents/proyecto_1_borrador/project_1/project_1.gen/sources_1/bd/design_1/ipshared/6fbe/hdl/axi_gpio_v2_0_vh_rfs.vhd:753]
WARNING: [Synth 8-6014] Unused sequential element Dual.ALLOUT0_ND_G2.READ_REG2_GEN[8].GPIO2_DBus_i_reg was removed.  [/home/jgaitan/Documents/proyecto_1_borrador/project_1/project_1.gen/sources_1/bd/design_1/ipshared/6fbe/hdl/axi_gpio_v2_0_vh_rfs.vhd:753]
WARNING: [Synth 8-6014] Unused sequential element Dual.ALLOUT0_ND_G2.READ_REG2_GEN[9].GPIO2_DBus_i_reg was removed.  [/home/jgaitan/Documents/proyecto_1_borrador/project_1/project_1.gen/sources_1/bd/design_1/ipshared/6fbe/hdl/axi_gpio_v2_0_vh_rfs.vhd:753]
WARNING: [Synth 8-6014] Unused sequential element Dual.ALLOUT0_ND_G2.READ_REG2_GEN[10].GPIO2_DBus_i_reg was removed.  [/home/jgaitan/Documents/proyecto_1_borrador/project_1/project_1.gen/sources_1/bd/design_1/ipshared/6fbe/hdl/axi_gpio_v2_0_vh_rfs.vhd:753]
WARNING: [Synth 8-6014] Unused sequential element Dual.ALLOUT0_ND_G2.READ_REG2_GEN[11].GPIO2_DBus_i_reg was removed.  [/home/jgaitan/Documents/proyecto_1_borrador/project_1/project_1.gen/sources_1/bd/design_1/ipshared/6fbe/hdl/axi_gpio_v2_0_vh_rfs.vhd:753]
WARNING: [Synth 8-6014] Unused sequential element Dual.ALLOUT0_ND_G2.READ_REG2_GEN[12].GPIO2_DBus_i_reg was removed.  [/home/jgaitan/Documents/proyecto_1_borrador/project_1/project_1.gen/sources_1/bd/design_1/ipshared/6fbe/hdl/axi_gpio_v2_0_vh_rfs.vhd:753]
WARNING: [Synth 8-6014] Unused sequential element Dual.ALLOUT0_ND_G2.READ_REG2_GEN[13].GPIO2_DBus_i_reg was removed.  [/home/jgaitan/Documents/proyecto_1_borrador/project_1/project_1.gen/sources_1/bd/design_1/ipshared/6fbe/hdl/axi_gpio_v2_0_vh_rfs.vhd:753]
WARNING: [Synth 8-6014] Unused sequential element Dual.ALLOUT0_ND_G2.READ_REG2_GEN[14].GPIO2_DBus_i_reg was removed.  [/home/jgaitan/Documents/proyecto_1_borrador/project_1/project_1.gen/sources_1/bd/design_1/ipshared/6fbe/hdl/axi_gpio_v2_0_vh_rfs.vhd:753]
WARNING: [Synth 8-6014] Unused sequential element Dual.ALLOUT0_ND_G2.READ_REG2_GEN[15].GPIO2_DBus_i_reg was removed.  [/home/jgaitan/Documents/proyecto_1_borrador/project_1/project_1.gen/sources_1/bd/design_1/ipshared/6fbe/hdl/axi_gpio_v2_0_vh_rfs.vhd:753]
WARNING: [Synth 8-6014] Unused sequential element Dual.ALLOUT0_ND_G2.READ_REG2_GEN[16].GPIO2_DBus_i_reg was removed.  [/home/jgaitan/Documents/proyecto_1_borrador/project_1/project_1.gen/sources_1/bd/design_1/ipshared/6fbe/hdl/axi_gpio_v2_0_vh_rfs.vhd:753]
WARNING: [Synth 8-6014] Unused sequential element Dual.ALLOUT0_ND_G2.READ_REG2_GEN[17].GPIO2_DBus_i_reg was removed.  [/home/jgaitan/Documents/proyecto_1_borrador/project_1/project_1.gen/sources_1/bd/design_1/ipshared/6fbe/hdl/axi_gpio_v2_0_vh_rfs.vhd:753]
WARNING: [Synth 8-6014] Unused sequential element Dual.ALLOUT0_ND_G2.READ_REG2_GEN[18].GPIO2_DBus_i_reg was removed.  [/home/jgaitan/Documents/proyecto_1_borrador/project_1/project_1.gen/sources_1/bd/design_1/ipshared/6fbe/hdl/axi_gpio_v2_0_vh_rfs.vhd:753]
WARNING: [Synth 8-6014] Unused sequential element Dual.ALLOUT0_ND_G2.READ_REG2_GEN[19].GPIO2_DBus_i_reg was removed.  [/home/jgaitan/Documents/proyecto_1_borrador/project_1/project_1.gen/sources_1/bd/design_1/ipshared/6fbe/hdl/axi_gpio_v2_0_vh_rfs.vhd:753]
WARNING: [Synth 8-6014] Unused sequential element Dual.ALLOUT0_ND_G2.READ_REG2_GEN[20].GPIO2_DBus_i_reg was removed.  [/home/jgaitan/Documents/proyecto_1_borrador/project_1/project_1.gen/sources_1/bd/design_1/ipshared/6fbe/hdl/axi_gpio_v2_0_vh_rfs.vhd:753]
WARNING: [Synth 8-6014] Unused sequential element Dual.ALLOUT0_ND_G2.READ_REG2_GEN[21].GPIO2_DBus_i_reg was removed.  [/home/jgaitan/Documents/proyecto_1_borrador/project_1/project_1.gen/sources_1/bd/design_1/ipshared/6fbe/hdl/axi_gpio_v2_0_vh_rfs.vhd:753]
WARNING: [Synth 8-6014] Unused sequential element Dual.ALLOUT0_ND_G2.READ_REG2_GEN[22].GPIO2_DBus_i_reg was removed.  [/home/jgaitan/Documents/proyecto_1_borrador/project_1/project_1.gen/sources_1/bd/design_1/ipshared/6fbe/hdl/axi_gpio_v2_0_vh_rfs.vhd:753]
WARNING: [Synth 8-6014] Unused sequential element Dual.ALLOUT0_ND_G2.READ_REG2_GEN[23].GPIO2_DBus_i_reg was removed.  [/home/jgaitan/Documents/proyecto_1_borrador/project_1/project_1.gen/sources_1/bd/design_1/ipshared/6fbe/hdl/axi_gpio_v2_0_vh_rfs.vhd:753]
WARNING: [Synth 8-6014] Unused sequential element Dual.ALLOUT0_ND_G2.READ_REG2_GEN[24].GPIO2_DBus_i_reg was removed.  [/home/jgaitan/Documents/proyecto_1_borrador/project_1/project_1.gen/sources_1/bd/design_1/ipshared/6fbe/hdl/axi_gpio_v2_0_vh_rfs.vhd:753]
WARNING: [Synth 8-6014] Unused sequential element Dual.ALLOUT0_ND_G2.READ_REG2_GEN[25].GPIO2_DBus_i_reg was removed.  [/home/jgaitan/Documents/proyecto_1_borrador/project_1/project_1.gen/sources_1/bd/design_1/ipshared/6fbe/hdl/axi_gpio_v2_0_vh_rfs.vhd:753]
WARNING: [Synth 8-6014] Unused sequential element Dual.ALLOUT0_ND_G2.READ_REG2_GEN[26].GPIO2_DBus_i_reg was removed.  [/home/jgaitan/Documents/proyecto_1_borrador/project_1/project_1.gen/sources_1/bd/design_1/ipshared/6fbe/hdl/axi_gpio_v2_0_vh_rfs.vhd:753]
WARNING: [Synth 8-6014] Unused sequential element Dual.ALLOUT0_ND_G2.READ_REG2_GEN[27].GPIO2_DBus_i_reg was removed.  [/home/jgaitan/Documents/proyecto_1_borrador/project_1/project_1.gen/sources_1/bd/design_1/ipshared/6fbe/hdl/axi_gpio_v2_0_vh_rfs.vhd:753]
WARNING: [Synth 8-6014] Unused sequential element Dual.ALLOUT0_ND_G2.READ_REG2_GEN[28].GPIO2_DBus_i_reg was removed.  [/home/jgaitan/Documents/proyecto_1_borrador/project_1/project_1.gen/sources_1/bd/design_1/ipshared/6fbe/hdl/axi_gpio_v2_0_vh_rfs.vhd:753]
WARNING: [Synth 8-6014] Unused sequential element Dual.ALLOUT0_ND_G2.READ_REG2_GEN[29].GPIO2_DBus_i_reg was removed.  [/home/jgaitan/Documents/proyecto_1_borrador/project_1/project_1.gen/sources_1/bd/design_1/ipshared/6fbe/hdl/axi_gpio_v2_0_vh_rfs.vhd:753]
WARNING: [Synth 8-6014] Unused sequential element Dual.ALLOUT0_ND_G2.READ_REG2_GEN[30].GPIO2_DBus_i_reg was removed.  [/home/jgaitan/Documents/proyecto_1_borrador/project_1/project_1.gen/sources_1/bd/design_1/ipshared/6fbe/hdl/axi_gpio_v2_0_vh_rfs.vhd:753]
WARNING: [Synth 8-6014] Unused sequential element Dual.ALLOUT0_ND_G2.READ_REG2_GEN[31].GPIO2_DBus_i_reg was removed.  [/home/jgaitan/Documents/proyecto_1_borrador/project_1/project_1.gen/sources_1/bd/design_1/ipshared/6fbe/hdl/axi_gpio_v2_0_vh_rfs.vhd:753]
WARNING: [Synth 8-7129] Port prmry_aclk in module cdc_sync is either unconnected or has no load
WARNING: [Synth 8-7129] Port prmry_resetn in module cdc_sync is either unconnected or has no load
WARNING: [Synth 8-7129] Port prmry_in in module cdc_sync is either unconnected or has no load
WARNING: [Synth 8-7129] Port scndry_resetn in module cdc_sync is either unconnected or has no load
WARNING: [Synth 8-7129] Port ABus_Reg[1] in module GPIO_Core is either unconnected or has no load
WARNING: [Synth 8-7129] Port ABus_Reg[2] in module GPIO_Core is either unconnected or has no load
WARNING: [Synth 8-7129] Port ABus_Reg[3] in module GPIO_Core is either unconnected or has no load
WARNING: [Synth 8-7129] Port ABus_Reg[4] in module GPIO_Core is either unconnected or has no load
WARNING: [Synth 8-7129] Port ABus_Reg[7] in module GPIO_Core is either unconnected or has no load
WARNING: [Synth 8-7129] Port ABus_Reg[8] in module GPIO_Core is either unconnected or has no load
WARNING: [Synth 8-7129] Port BE_Reg[0] in module GPIO_Core is either unconnected or has no load
WARNING: [Synth 8-7129] Port BE_Reg[1] in module GPIO_Core is either unconnected or has no load
WARNING: [Synth 8-7129] Port BE_Reg[2] in module GPIO_Core is either unconnected or has no load
WARNING: [Synth 8-7129] Port BE_Reg[3] in module GPIO_Core is either unconnected or has no load
WARNING: [Synth 8-7129] Port Address_In_Erly[0] in module address_decoder is either unconnected or has no load
WARNING: [Synth 8-7129] Port Address_In_Erly[1] in module address_decoder is either unconnected or has no load
WARNING: [Synth 8-7129] Port Address_In_Erly[2] in module address_decoder is either unconnected or has no load
WARNING: [Synth 8-7129] Port Address_In_Erly[3] in module address_decoder is either unconnected or has no load
WARNING: [Synth 8-7129] Port Address_In_Erly[4] in module address_decoder is either unconnected or has no load
WARNING: [Synth 8-7129] Port Address_In_Erly[7] in module address_decoder is either unconnected or has no load
WARNING: [Synth 8-7129] Port Address_In_Erly[8] in module address_decoder is either unconnected or has no load
WARNING: [Synth 8-7129] Port Bus_RNW in module address_decoder is either unconnected or has no load
WARNING: [Synth 8-7129] Port S_AXI_WSTRB[3] in module slave_attachment is either unconnected or has no load
WARNING: [Synth 8-7129] Port S_AXI_WSTRB[2] in module slave_attachment is either unconnected or has no load
WARNING: [Synth 8-7129] Port S_AXI_WSTRB[1] in module slave_attachment is either unconnected or has no load
WARNING: [Synth 8-7129] Port S_AXI_WSTRB[0] in module slave_attachment is either unconnected or has no load
---------------------------------------------------------------------------------
Finished RTL Elaboration : Time (s): cpu = 00:00:05 ; elapsed = 00:00:05 . Memory (MB): peak = 2688.973 ; gain = 377.746 ; free physical = 14678 ; free virtual = 28143
---------------------------------------------------------------------------------
---------------------------------------------------------------------------------
Start Handling Custom Attributes
---------------------------------------------------------------------------------
---------------------------------------------------------------------------------
Finished Handling Custom Attributes : Time (s): cpu = 00:00:05 ; elapsed = 00:00:05 . Memory (MB): peak = 2688.973 ; gain = 377.746 ; free physical = 14679 ; free virtual = 28143
---------------------------------------------------------------------------------
---------------------------------------------------------------------------------
Finished RTL Optimization Phase 1 : Time (s): cpu = 00:00:05 ; elapsed = 00:00:05 . Memory (MB): peak = 2688.973 ; gain = 377.746 ; free physical = 14679 ; free virtual = 28143
---------------------------------------------------------------------------------
Netlist sorting complete. Time (s): cpu = 00:00:00.01 ; elapsed = 00:00:00.01 . Memory (MB): peak = 2696.973 ; gain = 0.000 ; free physical = 14678 ; free virtual = 28142
INFO: [Netlist 29-17] Analyzing 384 Unisim elements for replacement
INFO: [Netlist 29-28] Unisim Transformation completed in 0 CPU seconds
INFO: [Project 1-570] Preparing netlist for logic optimization

Processing XDC Constraints
Initializing timing engine
Parsing XDC File [/home/jgaitan/Documents/proyecto_1_borrador/project_1/project_1.gen/sources_1/bd/design_1/ip/design_1_axi_gpio_0_0/design_1_axi_gpio_0_0_ooc.xdc] for cell 'U0'
Finished Parsing XDC File [/home/jgaitan/Documents/proyecto_1_borrador/project_1/project_1.gen/sources_1/bd/design_1/ip/design_1_axi_gpio_0_0/design_1_axi_gpio_0_0_ooc.xdc] for cell 'U0'
Parsing XDC File [/home/jgaitan/Documents/proyecto_1_borrador/project_1/project_1.gen/sources_1/bd/design_1/ip/design_1_axi_gpio_0_0/design_1_axi_gpio_0_0_board.xdc] for cell 'U0'
Finished Parsing XDC File [/home/jgaitan/Documents/proyecto_1_borrador/project_1/project_1.gen/sources_1/bd/design_1/ip/design_1_axi_gpio_0_0/design_1_axi_gpio_0_0_board.xdc] for cell 'U0'
Parsing XDC File [/home/jgaitan/Documents/proyecto_1_borrador/project_1/project_1.gen/sources_1/bd/design_1/ip/design_1_axi_gpio_0_0/design_1_axi_gpio_0_0.xdc] for cell 'U0'
Finished Parsing XDC File [/home/jgaitan/Documents/proyecto_1_borrador/project_1/project_1.gen/sources_1/bd/design_1/ip/design_1_axi_gpio_0_0/design_1_axi_gpio_0_0.xdc] for cell 'U0'
Parsing XDC File [/home/jgaitan/Documents/proyecto_1_borrador/project_1/project_1.runs/design_1_axi_gpio_0_0_synth_1/dont_touch.xdc]
Finished Parsing XDC File [/home/jgaitan/Documents/proyecto_1_borrador/project_1/project_1.runs/design_1_axi_gpio_0_0_synth_1/dont_touch.xdc]
Completed Processing XDC Constraints

Netlist sorting complete. Time (s): cpu = 00:00:00 ; elapsed = 00:00:00 . Memory (MB): peak = 2824.785 ; gain = 0.000 ; free physical = 14642 ; free virtual = 28107
INFO: [Project 1-111] Unisim Transformation Summary:
  A total of 384 instances were transformed.
  FDR => FDRE: 384 instances

Constraint Validation Runtime : Time (s): cpu = 00:00:00.04 ; elapsed = 00:00:00.03 . Memory (MB): peak = 2824.820 ; gain = 0.000 ; free physical = 14648 ; free virtual = 28112
INFO: [Designutils 20-5008] Incremental synthesis strategy off
---------------------------------------------------------------------------------
Finished Constraint Validation : Time (s): cpu = 00:00:14 ; elapsed = 00:00:14 . Memory (MB): peak = 2824.820 ; gain = 513.594 ; free physical = 14645 ; free virtual = 28110
---------------------------------------------------------------------------------
---------------------------------------------------------------------------------
Start Loading Part and Timing Information
---------------------------------------------------------------------------------
Loading part: xck26-sfvc784-2LV-c
INFO: [Synth 8-6742] Reading net delay rules and data
---------------------------------------------------------------------------------
Finished Loading Part and Timing Information : Time (s): cpu = 00:00:14 ; elapsed = 00:00:14 . Memory (MB): peak = 2824.820 ; gain = 513.594 ; free physical = 14645 ; free virtual = 28110
---------------------------------------------------------------------------------
---------------------------------------------------------------------------------
Start Applying 'set_property' XDC Constraints
---------------------------------------------------------------------------------
Applied set_property KEEP_HIERARCHY = SOFT for U0. (constraint file  /home/jgaitan/Documents/proyecto_1_borrador/project_1/project_1.runs/design_1_axi_gpio_0_0_synth_1/dont_touch.xdc, line 9).
---------------------------------------------------------------------------------
Finished applying 'set_property' XDC Constraints : Time (s): cpu = 00:00:14 ; elapsed = 00:00:14 . Memory (MB): peak = 2824.820 ; gain = 513.594 ; free physical = 14645 ; free virtual = 28110
---------------------------------------------------------------------------------
INFO: [Synth 8-802] inferred FSM for state register 'state_reg' in module 'slave_attachment'
---------------------------------------------------------------------------------------------------
                   State |                     New Encoding |                Previous Encoding 
---------------------------------------------------------------------------------------------------
                 iSTATE2 |                             0001 |                               00
                  iSTATE |                             0010 |                               01
                 iSTATE0 |                             0100 |                               10
                 iSTATE1 |                             1000 |                               11
---------------------------------------------------------------------------------------------------
INFO: [Synth 8-3354] encoded FSM with state register 'state_reg' using encoding 'one-hot' in module 'slave_attachment'
---------------------------------------------------------------------------------
Finished RTL Optimization Phase 2 : Time (s): cpu = 00:00:15 ; elapsed = 00:00:15 . Memory (MB): peak = 2824.820 ; gain = 513.594 ; free physical = 14645 ; free virtual = 28110
---------------------------------------------------------------------------------
---------------------------------------------------------------------------------
Start RTL Component Statistics 
---------------------------------------------------------------------------------
Detailed RTL Component Info : 
+---Adders : 
	   2 Input    4 Bit       Adders := 1     
+---Registers : 
	               32 Bit    Registers := 8     
	                9 Bit    Registers := 1     
	                4 Bit    Registers := 1     
	                2 Bit    Registers := 3     
	                1 Bit    Registers := 146   
+---Muxes : 
	   2 Input   32 Bit        Muxes := 5     
	   2 Input    9 Bit        Muxes := 1     
	   4 Input    4 Bit        Muxes := 1     
	   2 Input    4 Bit        Muxes := 5     
	   2 Input    2 Bit        Muxes := 3     
	   3 Input    2 Bit        Muxes := 1     
	   4 Input    2 Bit        Muxes := 3     
	   2 Input    1 Bit        Muxes := 76    
	   4 Input    1 Bit        Muxes := 3     
---------------------------------------------------------------------------------
Finished RTL Component Statistics 
---------------------------------------------------------------------------------
---------------------------------------------------------------------------------
Start Part Resource Summary
---------------------------------------------------------------------------------
Part Resources:
DSPs: 1248 (col length:96)
BRAMs: 288 (col length: RAMB18 96 RAMB36 48)
---------------------------------------------------------------------------------
Finished Part Resource Summary
---------------------------------------------------------------------------------
---------------------------------------------------------------------------------
Start Cross Boundary and Area Optimization
---------------------------------------------------------------------------------
WARNING: [Synth 8-7080] Parallel synthesis criteria is not met
WARNING: [Synth 8-7129] Port s_axi_wstrb[3] in module axi_gpio is either unconnected or has no load
WARNING: [Synth 8-7129] Port s_axi_wstrb[2] in module axi_gpio is either unconnected or has no load
WARNING: [Synth 8-7129] Port s_axi_wstrb[1] in module axi_gpio is either unconnected or has no load
WARNING: [Synth 8-7129] Port s_axi_wstrb[0] in module axi_gpio is either unconnected or has no load
INFO: [Synth 8-3332] Sequential element (gpio_core_1/Dual.INPUT_DOUBLE_REGS4/GENERATE_LEVEL_P_S_CDC.MULTI_BIT.FOR_CROSS_PLEVEL_IN2SCNDRY_bus_d5[0].CROSS2_PLEVEL_IN2SCNDRY_s_level_out_bus_d5) is unused and will be removed from module axi_gpio.
INFO: [Synth 8-3332] Sequential element (gpio_core_1/Dual.INPUT_DOUBLE_REGS4/GENERATE_LEVEL_P_S_CDC.MULTI_BIT.FOR_CROSS_PLEVEL_IN2SCNDRY_bus_d5[1].CROSS2_PLEVEL_IN2SCNDRY_s_level_out_bus_d5) is unused and will be removed from module axi_gpio.
INFO: [Synth 8-3332] Sequential element (gpio_core_1/Dual.INPUT_DOUBLE_REGS4/GENERATE_LEVEL_P_S_CDC.MULTI_BIT.FOR_CROSS_PLEVEL_IN2SCNDRY_bus_d5[2].CROSS2_PLEVEL_IN2SCNDRY_s_level_out_bus_d5) is unused and will be removed from module axi_gpio.
INFO: [Synth 8-3332] Sequential element (gpio_core_1/Dual.INPUT_DOUBLE_REGS4/GENERATE_LEVEL_P_S_CDC.MULTI_BIT.FOR_CROSS_PLEVEL_IN2SCNDRY_bus_d5[3].CROSS2_PLEVEL_IN2SCNDRY_s_level_out_bus_d5) is unused and will be removed from module axi_gpio.
INFO: [Synth 8-3332] Sequential element (gpio_core_1/Dual.INPUT_DOUBLE_REGS4/GENERATE_LEVEL_P_S_CDC.MULTI_BIT.FOR_CROSS_PLEVEL_IN2SCNDRY_bus_d5[4].CROSS2_PLEVEL_IN2SCNDRY_s_level_out_bus_d5) is unused and will be removed from module axi_gpio.
INFO: [Synth 8-3332] Sequential element (gpio_core_1/Dual.INPUT_DOUBLE_REGS4/GENERATE_LEVEL_P_S_CDC.MULTI_BIT.FOR_CROSS_PLEVEL_IN2SCNDRY_bus_d5[5].CROSS2_PLEVEL_IN2SCNDRY_s_level_out_bus_d5) is unused and will be removed from module axi_gpio.
INFO: [Synth 8-3332] Sequential element (gpio_core_1/Dual.INPUT_DOUBLE_REGS4/GENERATE_LEVEL_P_S_CDC.MULTI_BIT.FOR_CROSS_PLEVEL_IN2SCNDRY_bus_d5[6].CROSS2_PLEVEL_IN2SCNDRY_s_level_out_bus_d5) is unused and will be removed from module axi_gpio.
INFO: [Synth 8-3332] Sequential element (gpio_core_1/Dual.INPUT_DOUBLE_REGS4/GENERATE_LEVEL_P_S_CDC.MULTI_BIT.FOR_CROSS_PLEVEL_IN2SCNDRY_bus_d5[7].CROSS2_PLEVEL_IN2SCNDRY_s_level_out_bus_d5) is unused and will be removed from module axi_gpio.
INFO: [Synth 8-3332] Sequential element (gpio_core_1/Dual.INPUT_DOUBLE_REGS4/GENERATE_LEVEL_P_S_CDC.MULTI_BIT.FOR_CROSS_PLEVEL_IN2SCNDRY_bus_d5[8].CROSS2_PLEVEL_IN2SCNDRY_s_level_out_bus_d5) is unused and will be removed from module axi_gpio.
INFO: [Synth 8-3332] Sequential element (gpio_core_1/Dual.INPUT_DOUBLE_REGS4/GENERATE_LEVEL_P_S_CDC.MULTI_BIT.FOR_CROSS_PLEVEL_IN2SCNDRY_bus_d5[9].CROSS2_PLEVEL_IN2SCNDRY_s_level_out_bus_d5) is unused and will be removed from module axi_gpio.
INFO: [Synth 8-3332] Sequential element (gpio_core_1/Dual.INPUT_DOUBLE_REGS4/GENERATE_LEVEL_P_S_CDC.MULTI_BIT.FOR_CROSS_PLEVEL_IN2SCNDRY_bus_d5[10].CROSS2_PLEVEL_IN2SCNDRY_s_level_out_bus_d5) is unused and will be removed from module axi_gpio.
INFO: [Synth 8-3332] Sequential element (gpio_core_1/Dual.INPUT_DOUBLE_REGS4/GENERATE_LEVEL_P_S_CDC.MULTI_BIT.FOR_CROSS_PLEVEL_IN2SCNDRY_bus_d5[11].CROSS2_PLEVEL_IN2SCNDRY_s_level_out_bus_d5) is unused and will be removed from module axi_gpio.
INFO: [Synth 8-3332] Sequential element (gpio_core_1/Dual.INPUT_DOUBLE_REGS4/GENERATE_LEVEL_P_S_CDC.MULTI_BIT.FOR_CROSS_PLEVEL_IN2SCNDRY_bus_d5[12].CROSS2_PLEVEL_IN2SCNDRY_s_level_out_bus_d5) is unused and will be removed from module axi_gpio.
INFO: [Synth 8-3332] Sequential element (gpio_core_1/Dual.INPUT_DOUBLE_REGS4/GENERATE_LEVEL_P_S_CDC.MULTI_BIT.FOR_CROSS_PLEVEL_IN2SCNDRY_bus_d5[13].CROSS2_PLEVEL_IN2SCNDRY_s_level_out_bus_d5) is unused and will be removed from module axi_gpio.
INFO: [Synth 8-3332] Sequential element (gpio_core_1/Dual.INPUT_DOUBLE_REGS4/GENERATE_LEVEL_P_S_CDC.MULTI_BIT.FOR_CROSS_PLEVEL_IN2SCNDRY_bus_d5[14].CROSS2_PLEVEL_IN2SCNDRY_s_level_out_bus_d5) is unused and will be removed from module axi_gpio.
INFO: [Synth 8-3332] Sequential element (gpio_core_1/Dual.INPUT_DOUBLE_REGS4/GENERATE_LEVEL_P_S_CDC.MULTI_BIT.FOR_CROSS_PLEVEL_IN2SCNDRY_bus_d5[15].CROSS2_PLEVEL_IN2SCNDRY_s_level_out_bus_d5) is unused and will be removed from module axi_gpio.
INFO: [Synth 8-3332] Sequential element (gpio_core_1/Dual.INPUT_DOUBLE_REGS4/GENERATE_LEVEL_P_S_CDC.MULTI_BIT.FOR_CROSS_PLEVEL_IN2SCNDRY_bus_d5[16].CROSS2_PLEVEL_IN2SCNDRY_s_level_out_bus_d5) is unused and will be removed from module axi_gpio.
INFO: [Synth 8-3332] Sequential element (gpio_core_1/Dual.INPUT_DOUBLE_REGS4/GENERATE_LEVEL_P_S_CDC.MULTI_BIT.FOR_CROSS_PLEVEL_IN2SCNDRY_bus_d5[17].CROSS2_PLEVEL_IN2SCNDRY_s_level_out_bus_d5) is unused and will be removed from module axi_gpio.
INFO: [Synth 8-3332] Sequential element (gpio_core_1/Dual.INPUT_DOUBLE_REGS4/GENERATE_LEVEL_P_S_CDC.MULTI_BIT.FOR_CROSS_PLEVEL_IN2SCNDRY_bus_d5[18].CROSS2_PLEVEL_IN2SCNDRY_s_level_out_bus_d5) is unused and will be removed from module axi_gpio.
INFO: [Synth 8-3332] Sequential element (gpio_core_1/Dual.INPUT_DOUBLE_REGS4/GENERATE_LEVEL_P_S_CDC.MULTI_BIT.FOR_CROSS_PLEVEL_IN2SCNDRY_bus_d5[19].CROSS2_PLEVEL_IN2SCNDRY_s_level_out_bus_d5) is unused and will be removed from module axi_gpio.
INFO: [Synth 8-3332] Sequential element (gpio_core_1/Dual.INPUT_DOUBLE_REGS4/GENERATE_LEVEL_P_S_CDC.MULTI_BIT.FOR_CROSS_PLEVEL_IN2SCNDRY_bus_d5[20].CROSS2_PLEVEL_IN2SCNDRY_s_level_out_bus_d5) is unused and will be removed from module axi_gpio.
INFO: [Synth 8-3332] Sequential element (gpio_core_1/Dual.INPUT_DOUBLE_REGS4/GENERATE_LEVEL_P_S_CDC.MULTI_BIT.FOR_CROSS_PLEVEL_IN2SCNDRY_bus_d5[21].CROSS2_PLEVEL_IN2SCNDRY_s_level_out_bus_d5) is unused and will be removed from module axi_gpio.
INFO: [Synth 8-3332] Sequential element (gpio_core_1/Dual.INPUT_DOUBLE_REGS4/GENERATE_LEVEL_P_S_CDC.MULTI_BIT.FOR_CROSS_PLEVEL_IN2SCNDRY_bus_d5[22].CROSS2_PLEVEL_IN2SCNDRY_s_level_out_bus_d5) is unused and will be removed from module axi_gpio.
INFO: [Synth 8-3332] Sequential element (gpio_core_1/Dual.INPUT_DOUBLE_REGS4/GENERATE_LEVEL_P_S_CDC.MULTI_BIT.FOR_CROSS_PLEVEL_IN2SCNDRY_bus_d5[23].CROSS2_PLEVEL_IN2SCNDRY_s_level_out_bus_d5) is unused and will be removed from module axi_gpio.
INFO: [Synth 8-3332] Sequential element (gpio_core_1/Dual.INPUT_DOUBLE_REGS4/GENERATE_LEVEL_P_S_CDC.MULTI_BIT.FOR_CROSS_PLEVEL_IN2SCNDRY_bus_d5[24].CROSS2_PLEVEL_IN2SCNDRY_s_level_out_bus_d5) is unused and will be removed from module axi_gpio.
INFO: [Synth 8-3332] Sequential element (gpio_core_1/Dual.INPUT_DOUBLE_REGS4/GENERATE_LEVEL_P_S_CDC.MULTI_BIT.FOR_CROSS_PLEVEL_IN2SCNDRY_bus_d5[25].CROSS2_PLEVEL_IN2SCNDRY_s_level_out_bus_d5) is unused and will be removed from module axi_gpio.
INFO: [Synth 8-3332] Sequential element (gpio_core_1/Dual.INPUT_DOUBLE_REGS4/GENERATE_LEVEL_P_S_CDC.MULTI_BIT.FOR_CROSS_PLEVEL_IN2SCNDRY_bus_d5[26].CROSS2_PLEVEL_IN2SCNDRY_s_level_out_bus_d5) is unused and will be removed from module axi_gpio.
INFO: [Synth 8-3332] Sequential element (gpio_core_1/Dual.INPUT_DOUBLE_REGS4/GENERATE_LEVEL_P_S_CDC.MULTI_BIT.FOR_CROSS_PLEVEL_IN2SCNDRY_bus_d5[27].CROSS2_PLEVEL_IN2SCNDRY_s_level_out_bus_d5) is unused and will be removed from module axi_gpio.
INFO: [Synth 8-3332] Sequential element (gpio_core_1/Dual.INPUT_DOUBLE_REGS4/GENERATE_LEVEL_P_S_CDC.MULTI_BIT.FOR_CROSS_PLEVEL_IN2SCNDRY_bus_d5[28].CROSS2_PLEVEL_IN2SCNDRY_s_level_out_bus_d5) is unused and will be removed from module axi_gpio.
INFO: [Synth 8-3332] Sequential element (gpio_core_1/Dual.INPUT_DOUBLE_REGS4/GENERATE_LEVEL_P_S_CDC.MULTI_BIT.FOR_CROSS_PLEVEL_IN2SCNDRY_bus_d5[29].CROSS2_PLEVEL_IN2SCNDRY_s_level_out_bus_d5) is unused and will be removed from module axi_gpio.
INFO: [Synth 8-3332] Sequential element (gpio_core_1/Dual.INPUT_DOUBLE_REGS4/GENERATE_LEVEL_P_S_CDC.MULTI_BIT.FOR_CROSS_PLEVEL_IN2SCNDRY_bus_d5[30].CROSS2_PLEVEL_IN2SCNDRY_s_level_out_bus_d5) is unused and will be removed from module axi_gpio.
INFO: [Synth 8-3332] Sequential element (gpio_core_1/Dual.INPUT_DOUBLE_REGS4/GENERATE_LEVEL_P_S_CDC.MULTI_BIT.FOR_CROSS_PLEVEL_IN2SCNDRY_bus_d5[31].CROSS2_PLEVEL_IN2SCNDRY_s_level_out_bus_d5) is unused and will be removed from module axi_gpio.
INFO: [Synth 8-3332] Sequential element (gpio_core_1/Dual.INPUT_DOUBLE_REGS4/GENERATE_LEVEL_P_S_CDC.MULTI_BIT.FOR_CROSS_PLEVEL_IN2SCNDRY_bus_d6[0].CROSS2_PLEVEL_IN2SCNDRY_s_level_out_bus_d6) is unused and will be removed from module axi_gpio.
INFO: [Synth 8-3332] Sequential element (gpio_core_1/Dual.INPUT_DOUBLE_REGS4/GENERATE_LEVEL_P_S_CDC.MULTI_BIT.FOR_CROSS_PLEVEL_IN2SCNDRY_bus_d6[1].CROSS2_PLEVEL_IN2SCNDRY_s_level_out_bus_d6) is unused and will be removed from module axi_gpio.
INFO: [Synth 8-3332] Sequential element (gpio_core_1/Dual.INPUT_DOUBLE_REGS4/GENERATE_LEVEL_P_S_CDC.MULTI_BIT.FOR_CROSS_PLEVEL_IN2SCNDRY_bus_d6[2].CROSS2_PLEVEL_IN2SCNDRY_s_level_out_bus_d6) is unused and will be removed from module axi_gpio.
INFO: [Synth 8-3332] Sequential element (gpio_core_1/Dual.INPUT_DOUBLE_REGS4/GENERATE_LEVEL_P_S_CDC.MULTI_BIT.FOR_CROSS_PLEVEL_IN2SCNDRY_bus_d6[3].CROSS2_PLEVEL_IN2SCNDRY_s_level_out_bus_d6) is unused and will be removed from module axi_gpio.
INFO: [Synth 8-3332] Sequential element (gpio_core_1/Dual.INPUT_DOUBLE_REGS4/GENERATE_LEVEL_P_S_CDC.MULTI_BIT.FOR_CROSS_PLEVEL_IN2SCNDRY_bus_d6[4].CROSS2_PLEVEL_IN2SCNDRY_s_level_out_bus_d6) is unused and will be removed from module axi_gpio.
INFO: [Synth 8-3332] Sequential element (gpio_core_1/Dual.INPUT_DOUBLE_REGS4/GENERATE_LEVEL_P_S_CDC.MULTI_BIT.FOR_CROSS_PLEVEL_IN2SCNDRY_bus_d6[5].CROSS2_PLEVEL_IN2SCNDRY_s_level_out_bus_d6) is unused and will be removed from module axi_gpio.
INFO: [Synth 8-3332] Sequential element (gpio_core_1/Dual.INPUT_DOUBLE_REGS4/GENERATE_LEVEL_P_S_CDC.MULTI_BIT.FOR_CROSS_PLEVEL_IN2SCNDRY_bus_d6[6].CROSS2_PLEVEL_IN2SCNDRY_s_level_out_bus_d6) is unused and will be removed from module axi_gpio.
INFO: [Synth 8-3332] Sequential element (gpio_core_1/Dual.INPUT_DOUBLE_REGS4/GENERATE_LEVEL_P_S_CDC.MULTI_BIT.FOR_CROSS_PLEVEL_IN2SCNDRY_bus_d6[7].CROSS2_PLEVEL_IN2SCNDRY_s_level_out_bus_d6) is unused and will be removed from module axi_gpio.
INFO: [Synth 8-3332] Sequential element (gpio_core_1/Dual.INPUT_DOUBLE_REGS4/GENERATE_LEVEL_P_S_CDC.MULTI_BIT.FOR_CROSS_PLEVEL_IN2SCNDRY_bus_d6[8].CROSS2_PLEVEL_IN2SCNDRY_s_level_out_bus_d6) is unused and will be removed from module axi_gpio.
INFO: [Synth 8-3332] Sequential element (gpio_core_1/Dual.INPUT_DOUBLE_REGS4/GENERATE_LEVEL_P_S_CDC.MULTI_BIT.FOR_CROSS_PLEVEL_IN2SCNDRY_bus_d6[9].CROSS2_PLEVEL_IN2SCNDRY_s_level_out_bus_d6) is unused and will be removed from module axi_gpio.
INFO: [Synth 8-3332] Sequential element (gpio_core_1/Dual.INPUT_DOUBLE_REGS4/GENERATE_LEVEL_P_S_CDC.MULTI_BIT.FOR_CROSS_PLEVEL_IN2SCNDRY_bus_d6[10].CROSS2_PLEVEL_IN2SCNDRY_s_level_out_bus_d6) is unused and will be removed from module axi_gpio.
INFO: [Synth 8-3332] Sequential element (gpio_core_1/Dual.INPUT_DOUBLE_REGS4/GENERATE_LEVEL_P_S_CDC.MULTI_BIT.FOR_CROSS_PLEVEL_IN2SCNDRY_bus_d6[11].CROSS2_PLEVEL_IN2SCNDRY_s_level_out_bus_d6) is unused and will be removed from module axi_gpio.
INFO: [Synth 8-3332] Sequential element (gpio_core_1/Dual.INPUT_DOUBLE_REGS4/GENERATE_LEVEL_P_S_CDC.MULTI_BIT.FOR_CROSS_PLEVEL_IN2SCNDRY_bus_d6[12].CROSS2_PLEVEL_IN2SCNDRY_s_level_out_bus_d6) is unused and will be removed from module axi_gpio.
INFO: [Synth 8-3332] Sequential element (gpio_core_1/Dual.INPUT_DOUBLE_REGS4/GENERATE_LEVEL_P_S_CDC.MULTI_BIT.FOR_CROSS_PLEVEL_IN2SCNDRY_bus_d6[13].CROSS2_PLEVEL_IN2SCNDRY_s_level_out_bus_d6) is unused and will be removed from module axi_gpio.
INFO: [Synth 8-3332] Sequential element (gpio_core_1/Dual.INPUT_DOUBLE_REGS4/GENERATE_LEVEL_P_S_CDC.MULTI_BIT.FOR_CROSS_PLEVEL_IN2SCNDRY_bus_d6[14].CROSS2_PLEVEL_IN2SCNDRY_s_level_out_bus_d6) is unused and will be removed from module axi_gpio.
INFO: [Synth 8-3332] Sequential element (gpio_core_1/Dual.INPUT_DOUBLE_REGS4/GENERATE_LEVEL_P_S_CDC.MULTI_BIT.FOR_CROSS_PLEVEL_IN2SCNDRY_bus_d6[15].CROSS2_PLEVEL_IN2SCNDRY_s_level_out_bus_d6) is unused and will be removed from module axi_gpio.
INFO: [Synth 8-3332] Sequential element (gpio_core_1/Dual.INPUT_DOUBLE_REGS4/GENERATE_LEVEL_P_S_CDC.MULTI_BIT.FOR_CROSS_PLEVEL_IN2SCNDRY_bus_d6[16].CROSS2_PLEVEL_IN2SCNDRY_s_level_out_bus_d6) is unused and will be removed from module axi_gpio.
INFO: [Synth 8-3332] Sequential element (gpio_core_1/Dual.INPUT_DOUBLE_REGS4/GENERATE_LEVEL_P_S_CDC.MULTI_BIT.FOR_CROSS_PLEVEL_IN2SCNDRY_bus_d6[17].CROSS2_PLEVEL_IN2SCNDRY_s_level_out_bus_d6) is unused and will be removed from module axi_gpio.
INFO: [Synth 8-3332] Sequential element (gpio_core_1/Dual.INPUT_DOUBLE_REGS4/GENERATE_LEVEL_P_S_CDC.MULTI_BIT.FOR_CROSS_PLEVEL_IN2SCNDRY_bus_d6[18].CROSS2_PLEVEL_IN2SCNDRY_s_level_out_bus_d6) is unused and will be removed from module axi_gpio.
INFO: [Synth 8-3332] Sequential element (gpio_core_1/Dual.INPUT_DOUBLE_REGS4/GENERATE_LEVEL_P_S_CDC.MULTI_BIT.FOR_CROSS_PLEVEL_IN2SCNDRY_bus_d6[19].CROSS2_PLEVEL_IN2SCNDRY_s_level_out_bus_d6) is unused and will be removed from module axi_gpio.
INFO: [Synth 8-3332] Sequential element (gpio_core_1/Dual.INPUT_DOUBLE_REGS4/GENERATE_LEVEL_P_S_CDC.MULTI_BIT.FOR_CROSS_PLEVEL_IN2SCNDRY_bus_d6[20].CROSS2_PLEVEL_IN2SCNDRY_s_level_out_bus_d6) is unused and will be removed from module axi_gpio.
INFO: [Synth 8-3332] Sequential element (gpio_core_1/Dual.INPUT_DOUBLE_REGS4/GENERATE_LEVEL_P_S_CDC.MULTI_BIT.FOR_CROSS_PLEVEL_IN2SCNDRY_bus_d6[21].CROSS2_PLEVEL_IN2SCNDRY_s_level_out_bus_d6) is unused and will be removed from module axi_gpio.
INFO: [Synth 8-3332] Sequential element (gpio_core_1/Dual.INPUT_DOUBLE_REGS4/GENERATE_LEVEL_P_S_CDC.MULTI_BIT.FOR_CROSS_PLEVEL_IN2SCNDRY_bus_d6[22].CROSS2_PLEVEL_IN2SCNDRY_s_level_out_bus_d6) is unused and will be removed from module axi_gpio.
INFO: [Synth 8-3332] Sequential element (gpio_core_1/Dual.INPUT_DOUBLE_REGS4/GENERATE_LEVEL_P_S_CDC.MULTI_BIT.FOR_CROSS_PLEVEL_IN2SCNDRY_bus_d6[23].CROSS2_PLEVEL_IN2SCNDRY_s_level_out_bus_d6) is unused and will be removed from module axi_gpio.
INFO: [Synth 8-3332] Sequential element (gpio_core_1/Dual.INPUT_DOUBLE_REGS4/GENERATE_LEVEL_P_S_CDC.MULTI_BIT.FOR_CROSS_PLEVEL_IN2SCNDRY_bus_d6[24].CROSS2_PLEVEL_IN2SCNDRY_s_level_out_bus_d6) is unused and will be removed from module axi_gpio.
INFO: [Synth 8-3332] Sequential element (gpio_core_1/Dual.INPUT_DOUBLE_REGS4/GENERATE_LEVEL_P_S_CDC.MULTI_BIT.FOR_CROSS_PLEVEL_IN2SCNDRY_bus_d6[25].CROSS2_PLEVEL_IN2SCNDRY_s_level_out_bus_d6) is unused and will be removed from module axi_gpio.
INFO: [Synth 8-3332] Sequential element (gpio_core_1/Dual.INPUT_DOUBLE_REGS4/GENERATE_LEVEL_P_S_CDC.MULTI_BIT.FOR_CROSS_PLEVEL_IN2SCNDRY_bus_d6[26].CROSS2_PLEVEL_IN2SCNDRY_s_level_out_bus_d6) is unused and will be removed from module axi_gpio.
INFO: [Synth 8-3332] Sequential element (gpio_core_1/Dual.INPUT_DOUBLE_REGS4/GENERATE_LEVEL_P_S_CDC.MULTI_BIT.FOR_CROSS_PLEVEL_IN2SCNDRY_bus_d6[27].CROSS2_PLEVEL_IN2SCNDRY_s_level_out_bus_d6) is unused and will be removed from module axi_gpio.
INFO: [Synth 8-3332] Sequential element (gpio_core_1/Dual.INPUT_DOUBLE_REGS4/GENERATE_LEVEL_P_S_CDC.MULTI_BIT.FOR_CROSS_PLEVEL_IN2SCNDRY_bus_d6[28].CROSS2_PLEVEL_IN2SCNDRY_s_level_out_bus_d6) is unused and will be removed from module axi_gpio.
INFO: [Synth 8-3332] Sequential element (gpio_core_1/Dual.INPUT_DOUBLE_REGS4/GENERATE_LEVEL_P_S_CDC.MULTI_BIT.FOR_CROSS_PLEVEL_IN2SCNDRY_bus_d6[29].CROSS2_PLEVEL_IN2SCNDRY_s_level_out_bus_d6) is unused and will be removed from module axi_gpio.
INFO: [Synth 8-3332] Sequential element (gpio_core_1/Dual.INPUT_DOUBLE_REGS4/GENERATE_LEVEL_P_S_CDC.MULTI_BIT.FOR_CROSS_PLEVEL_IN2SCNDRY_bus_d6[30].CROSS2_PLEVEL_IN2SCNDRY_s_level_out_bus_d6) is unused and will be removed from module axi_gpio.
INFO: [Synth 8-3332] Sequential element (gpio_core_1/Dual.INPUT_DOUBLE_REGS4/GENERATE_LEVEL_P_S_CDC.MULTI_BIT.FOR_CROSS_PLEVEL_IN2SCNDRY_bus_d6[31].CROSS2_PLEVEL_IN2SCNDRY_s_level_out_bus_d6) is unused and will be removed from module axi_gpio.
INFO: [Synth 8-3332] Sequential element (gpio_core_1/Dual.INPUT_DOUBLE_REGS5/GENERATE_LEVEL_P_S_CDC.MULTI_BIT.FOR_CROSS_PLEVEL_IN2SCNDRY_bus_d5[0].CROSS2_PLEVEL_IN2SCNDRY_s_level_out_bus_d5) is unused and will be removed from module axi_gpio.
INFO: [Synth 8-3332] Sequential element (gpio_core_1/Dual.INPUT_DOUBLE_REGS5/GENERATE_LEVEL_P_S_CDC.MULTI_BIT.FOR_CROSS_PLEVEL_IN2SCNDRY_bus_d5[1].CROSS2_PLEVEL_IN2SCNDRY_s_level_out_bus_d5) is unused and will be removed from module axi_gpio.
INFO: [Synth 8-3332] Sequential element (gpio_core_1/Dual.INPUT_DOUBLE_REGS5/GENERATE_LEVEL_P_S_CDC.MULTI_BIT.FOR_CROSS_PLEVEL_IN2SCNDRY_bus_d5[2].CROSS2_PLEVEL_IN2SCNDRY_s_level_out_bus_d5) is unused and will be removed from module axi_gpio.
INFO: [Synth 8-3332] Sequential element (gpio_core_1/Dual.INPUT_DOUBLE_REGS5/GENERATE_LEVEL_P_S_CDC.MULTI_BIT.FOR_CROSS_PLEVEL_IN2SCNDRY_bus_d5[3].CROSS2_PLEVEL_IN2SCNDRY_s_level_out_bus_d5) is unused and will be removed from module axi_gpio.
INFO: [Synth 8-3332] Sequential element (gpio_core_1/Dual.INPUT_DOUBLE_REGS5/GENERATE_LEVEL_P_S_CDC.MULTI_BIT.FOR_CROSS_PLEVEL_IN2SCNDRY_bus_d5[4].CROSS2_PLEVEL_IN2SCNDRY_s_level_out_bus_d5) is unused and will be removed from module axi_gpio.
INFO: [Synth 8-3332] Sequential element (gpio_core_1/Dual.INPUT_DOUBLE_REGS5/GENERATE_LEVEL_P_S_CDC.MULTI_BIT.FOR_CROSS_PLEVEL_IN2SCNDRY_bus_d5[5].CROSS2_PLEVEL_IN2SCNDRY_s_level_out_bus_d5) is unused and will be removed from module axi_gpio.
INFO: [Synth 8-3332] Sequential element (gpio_core_1/Dual.INPUT_DOUBLE_REGS5/GENERATE_LEVEL_P_S_CDC.MULTI_BIT.FOR_CROSS_PLEVEL_IN2SCNDRY_bus_d5[6].CROSS2_PLEVEL_IN2SCNDRY_s_level_out_bus_d5) is unused and will be removed from module axi_gpio.
INFO: [Synth 8-3332] Sequential element (gpio_core_1/Dual.INPUT_DOUBLE_REGS5/GENERATE_LEVEL_P_S_CDC.MULTI_BIT.FOR_CROSS_PLEVEL_IN2SCNDRY_bus_d5[7].CROSS2_PLEVEL_IN2SCNDRY_s_level_out_bus_d5) is unused and will be removed from module axi_gpio.
INFO: [Synth 8-3332] Sequential element (gpio_core_1/Dual.INPUT_DOUBLE_REGS5/GENERATE_LEVEL_P_S_CDC.MULTI_BIT.FOR_CROSS_PLEVEL_IN2SCNDRY_bus_d5[8].CROSS2_PLEVEL_IN2SCNDRY_s_level_out_bus_d5) is unused and will be removed from module axi_gpio.
INFO: [Synth 8-3332] Sequential element (gpio_core_1/Dual.INPUT_DOUBLE_REGS5/GENERATE_LEVEL_P_S_CDC.MULTI_BIT.FOR_CROSS_PLEVEL_IN2SCNDRY_bus_d5[9].CROSS2_PLEVEL_IN2SCNDRY_s_level_out_bus_d5) is unused and will be removed from module axi_gpio.
INFO: [Synth 8-3332] Sequential element (gpio_core_1/Dual.INPUT_DOUBLE_REGS5/GENERATE_LEVEL_P_S_CDC.MULTI_BIT.FOR_CROSS_PLEVEL_IN2SCNDRY_bus_d5[10].CROSS2_PLEVEL_IN2SCNDRY_s_level_out_bus_d5) is unused and will be removed from module axi_gpio.
INFO: [Synth 8-3332] Sequential element (gpio_core_1/Dual.INPUT_DOUBLE_REGS5/GENERATE_LEVEL_P_S_CDC.MULTI_BIT.FOR_CROSS_PLEVEL_IN2SCNDRY_bus_d5[11].CROSS2_PLEVEL_IN2SCNDRY_s_level_out_bus_d5) is unused and will be removed from module axi_gpio.
INFO: [Synth 8-3332] Sequential element (gpio_core_1/Dual.INPUT_DOUBLE_REGS5/GENERATE_LEVEL_P_S_CDC.MULTI_BIT.FOR_CROSS_PLEVEL_IN2SCNDRY_bus_d5[12].CROSS2_PLEVEL_IN2SCNDRY_s_level_out_bus_d5) is unused and will be removed from module axi_gpio.
INFO: [Synth 8-3332] Sequential element (gpio_core_1/Dual.INPUT_DOUBLE_REGS5/GENERATE_LEVEL_P_S_CDC.MULTI_BIT.FOR_CROSS_PLEVEL_IN2SCNDRY_bus_d5[13].CROSS2_PLEVEL_IN2SCNDRY_s_level_out_bus_d5) is unused and will be removed from module axi_gpio.
INFO: [Synth 8-3332] Sequential element (gpio_core_1/Dual.INPUT_DOUBLE_REGS5/GENERATE_LEVEL_P_S_CDC.MULTI_BIT.FOR_CROSS_PLEVEL_IN2SCNDRY_bus_d5[14].CROSS2_PLEVEL_IN2SCNDRY_s_level_out_bus_d5) is unused and will be removed from module axi_gpio.
INFO: [Synth 8-3332] Sequential element (gpio_core_1/Dual.INPUT_DOUBLE_REGS5/GENERATE_LEVEL_P_S_CDC.MULTI_BIT.FOR_CROSS_PLEVEL_IN2SCNDRY_bus_d5[15].CROSS2_PLEVEL_IN2SCNDRY_s_level_out_bus_d5) is unused and will be removed from module axi_gpio.
INFO: [Synth 8-3332] Sequential element (gpio_core_1/Dual.INPUT_DOUBLE_REGS5/GENERATE_LEVEL_P_S_CDC.MULTI_BIT.FOR_CROSS_PLEVEL_IN2SCNDRY_bus_d5[16].CROSS2_PLEVEL_IN2SCNDRY_s_level_out_bus_d5) is unused and will be removed from module axi_gpio.
INFO: [Synth 8-3332] Sequential element (gpio_core_1/Dual.INPUT_DOUBLE_REGS5/GENERATE_LEVEL_P_S_CDC.MULTI_BIT.FOR_CROSS_PLEVEL_IN2SCNDRY_bus_d5[17].CROSS2_PLEVEL_IN2SCNDRY_s_level_out_bus_d5) is unused and will be removed from module axi_gpio.
INFO: [Synth 8-3332] Sequential element (gpio_core_1/Dual.INPUT_DOUBLE_REGS5/GENERATE_LEVEL_P_S_CDC.MULTI_BIT.FOR_CROSS_PLEVEL_IN2SCNDRY_bus_d5[18].CROSS2_PLEVEL_IN2SCNDRY_s_level_out_bus_d5) is unused and will be removed from module axi_gpio.
INFO: [Synth 8-3332] Sequential element (gpio_core_1/Dual.INPUT_DOUBLE_REGS5/GENERATE_LEVEL_P_S_CDC.MULTI_BIT.FOR_CROSS_PLEVEL_IN2SCNDRY_bus_d5[19].CROSS2_PLEVEL_IN2SCNDRY_s_level_out_bus_d5) is unused and will be removed from module axi_gpio.
INFO: [Synth 8-3332] Sequential element (gpio_core_1/Dual.INPUT_DOUBLE_REGS5/GENERATE_LEVEL_P_S_CDC.MULTI_BIT.FOR_CROSS_PLEVEL_IN2SCNDRY_bus_d5[20].CROSS2_PLEVEL_IN2SCNDRY_s_level_out_bus_d5) is unused and will be removed from module axi_gpio.
INFO: [Synth 8-3332] Sequential element (gpio_core_1/Dual.INPUT_DOUBLE_REGS5/GENERATE_LEVEL_P_S_CDC.MULTI_BIT.FOR_CROSS_PLEVEL_IN2SCNDRY_bus_d5[21].CROSS2_PLEVEL_IN2SCNDRY_s_level_out_bus_d5) is unused and will be removed from module axi_gpio.
INFO: [Synth 8-3332] Sequential element (gpio_core_1/Dual.INPUT_DOUBLE_REGS5/GENERATE_LEVEL_P_S_CDC.MULTI_BIT.FOR_CROSS_PLEVEL_IN2SCNDRY_bus_d5[22].CROSS2_PLEVEL_IN2SCNDRY_s_level_out_bus_d5) is unused and will be removed from module axi_gpio.
INFO: [Synth 8-3332] Sequential element (gpio_core_1/Dual.INPUT_DOUBLE_REGS5/GENERATE_LEVEL_P_S_CDC.MULTI_BIT.FOR_CROSS_PLEVEL_IN2SCNDRY_bus_d5[23].CROSS2_PLEVEL_IN2SCNDRY_s_level_out_bus_d5) is unused and will be removed from module axi_gpio.
INFO: [Synth 8-3332] Sequential element (gpio_core_1/Dual.INPUT_DOUBLE_REGS5/GENERATE_LEVEL_P_S_CDC.MULTI_BIT.FOR_CROSS_PLEVEL_IN2SCNDRY_bus_d5[24].CROSS2_PLEVEL_IN2SCNDRY_s_level_out_bus_d5) is unused and will be removed from module axi_gpio.
INFO: [Synth 8-3332] Sequential element (gpio_core_1/Dual.INPUT_DOUBLE_REGS5/GENERATE_LEVEL_P_S_CDC.MULTI_BIT.FOR_CROSS_PLEVEL_IN2SCNDRY_bus_d5[25].CROSS2_PLEVEL_IN2SCNDRY_s_level_out_bus_d5) is unused and will be removed from module axi_gpio.
INFO: [Synth 8-3332] Sequential element (gpio_core_1/Dual.INPUT_DOUBLE_REGS5/GENERATE_LEVEL_P_S_CDC.MULTI_BIT.FOR_CROSS_PLEVEL_IN2SCNDRY_bus_d5[26].CROSS2_PLEVEL_IN2SCNDRY_s_level_out_bus_d5) is unused and will be removed from module axi_gpio.
INFO: [Synth 8-3332] Sequential element (gpio_core_1/Dual.INPUT_DOUBLE_REGS5/GENERATE_LEVEL_P_S_CDC.MULTI_BIT.FOR_CROSS_PLEVEL_IN2SCNDRY_bus_d5[27].CROSS2_PLEVEL_IN2SCNDRY_s_level_out_bus_d5) is unused and will be removed from module axi_gpio.
INFO: [Synth 8-3332] Sequential element (gpio_core_1/Dual.INPUT_DOUBLE_REGS5/GENERATE_LEVEL_P_S_CDC.MULTI_BIT.FOR_CROSS_PLEVEL_IN2SCNDRY_bus_d5[28].CROSS2_PLEVEL_IN2SCNDRY_s_level_out_bus_d5) is unused and will be removed from module axi_gpio.
INFO: [Synth 8-3332] Sequential element (gpio_core_1/Dual.INPUT_DOUBLE_REGS5/GENERATE_LEVEL_P_S_CDC.MULTI_BIT.FOR_CROSS_PLEVEL_IN2SCNDRY_bus_d5[29].CROSS2_PLEVEL_IN2SCNDRY_s_level_out_bus_d5) is unused and will be removed from module axi_gpio.
INFO: [Synth 8-3332] Sequential element (gpio_core_1/Dual.INPUT_DOUBLE_REGS5/GENERATE_LEVEL_P_S_CDC.MULTI_BIT.FOR_CROSS_PLEVEL_IN2SCNDRY_bus_d5[30].CROSS2_PLEVEL_IN2SCNDRY_s_level_out_bus_d5) is unused and will be removed from module axi_gpio.
INFO: [Synth 8-3332] Sequential element (gpio_core_1/Dual.INPUT_DOUBLE_REGS5/GENERATE_LEVEL_P_S_CDC.MULTI_BIT.FOR_CROSS_PLEVEL_IN2SCNDRY_bus_d5[31].CROSS2_PLEVEL_IN2SCNDRY_s_level_out_bus_d5) is unused and will be removed from module axi_gpio.
INFO: [Synth 8-3332] Sequential element (gpio_core_1/Dual.INPUT_DOUBLE_REGS5/GENERATE_LEVEL_P_S_CDC.MULTI_BIT.FOR_CROSS_PLEVEL_IN2SCNDRY_bus_d6[0].CROSS2_PLEVEL_IN2SCNDRY_s_level_out_bus_d6) is unused and will be removed from module axi_gpio.
INFO: [Synth 8-3332] Sequential element (gpio_core_1/Dual.INPUT_DOUBLE_REGS5/GENERATE_LEVEL_P_S_CDC.MULTI_BIT.FOR_CROSS_PLEVEL_IN2SCNDRY_bus_d6[1].CROSS2_PLEVEL_IN2SCNDRY_s_level_out_bus_d6) is unused and will be removed from module axi_gpio.
INFO: [Synth 8-3332] Sequential element (gpio_core_1/Dual.INPUT_DOUBLE_REGS5/GENERATE_LEVEL_P_S_CDC.MULTI_BIT.FOR_CROSS_PLEVEL_IN2SCNDRY_bus_d6[2].CROSS2_PLEVEL_IN2SCNDRY_s_level_out_bus_d6) is unused and will be removed from module axi_gpio.
INFO: [Synth 8-3332] Sequential element (gpio_core_1/Dual.INPUT_DOUBLE_REGS5/GENERATE_LEVEL_P_S_CDC.MULTI_BIT.FOR_CROSS_PLEVEL_IN2SCNDRY_bus_d6[3].CROSS2_PLEVEL_IN2SCNDRY_s_level_out_bus_d6) is unused and will be removed from module axi_gpio.
INFO: [Common 17-14] Message 'Synth 8-3332' appears 100 times and further instances of the messages will be disabled. Use the Tcl command set_msg_config to change the current settings.
---------------------------------------------------------------------------------
Finished Cross Boundary and Area Optimization : Time (s): cpu = 00:00:16 ; elapsed = 00:00:16 . Memory (MB): peak = 2824.820 ; gain = 513.594 ; free physical = 14645 ; free virtual = 28110
---------------------------------------------------------------------------------
---------------------------------------------------------------------------------
Start Applying XDC Timing Constraints
---------------------------------------------------------------------------------
---------------------------------------------------------------------------------
Finished Applying XDC Timing Constraints : Time (s): cpu = 00:00:23 ; elapsed = 00:00:23 . Memory (MB): peak = 3241.754 ; gain = 930.527 ; free physical = 14221 ; free virtual = 27687
---------------------------------------------------------------------------------
---------------------------------------------------------------------------------
Start Timing Optimization
---------------------------------------------------------------------------------
---------------------------------------------------------------------------------
Finished Timing Optimization : Time (s): cpu = 00:00:23 ; elapsed = 00:00:23 . Memory (MB): peak = 3271.801 ; gain = 960.574 ; free physical = 14195 ; free virtual = 27660
---------------------------------------------------------------------------------
---------------------------------------------------------------------------------
Start Technology Mapping
---------------------------------------------------------------------------------
---------------------------------------------------------------------------------
Finished Technology Mapping : Time (s): cpu = 00:00:23 ; elapsed = 00:00:23 . Memory (MB): peak = 3271.801 ; gain = 960.574 ; free physical = 14193 ; free virtual = 27659
---------------------------------------------------------------------------------
---------------------------------------------------------------------------------
Start IO Insertion
---------------------------------------------------------------------------------
---------------------------------------------------------------------------------
Start Flattening Before IO Insertion
---------------------------------------------------------------------------------
---------------------------------------------------------------------------------
Finished Flattening Before IO Insertion
---------------------------------------------------------------------------------
---------------------------------------------------------------------------------
Start Final Netlist Cleanup
---------------------------------------------------------------------------------
---------------------------------------------------------------------------------
Finished Final Netlist Cleanup
---------------------------------------------------------------------------------
---------------------------------------------------------------------------------
Finished IO Insertion : Time (s): cpu = 00:00:26 ; elapsed = 00:00:27 . Memory (MB): peak = 3271.801 ; gain = 960.574 ; free physical = 14177 ; free virtual = 27642
---------------------------------------------------------------------------------
---------------------------------------------------------------------------------
Start Renaming Generated Instances
---------------------------------------------------------------------------------
---------------------------------------------------------------------------------
Finished Renaming Generated Instances : Time (s): cpu = 00:00:26 ; elapsed = 00:00:27 . Memory (MB): peak = 3271.801 ; gain = 960.574 ; free physical = 14176 ; free virtual = 27642
---------------------------------------------------------------------------------
---------------------------------------------------------------------------------
Start Rebuilding User Hierarchy
---------------------------------------------------------------------------------
---------------------------------------------------------------------------------
Finished Rebuilding User Hierarchy : Time (s): cpu = 00:00:26 ; elapsed = 00:00:27 . Memory (MB): peak = 3271.801 ; gain = 960.574 ; free physical = 14159 ; free virtual = 27625
---------------------------------------------------------------------------------
---------------------------------------------------------------------------------
Start Renaming Generated Ports
---------------------------------------------------------------------------------
---------------------------------------------------------------------------------
Finished Renaming Generated Ports : Time (s): cpu = 00:00:26 ; elapsed = 00:00:27 . Memory (MB): peak = 3271.801 ; gain = 960.574 ; free physical = 14170 ; free virtual = 27635
---------------------------------------------------------------------------------
---------------------------------------------------------------------------------
Start Handling Custom Attributes
---------------------------------------------------------------------------------
---------------------------------------------------------------------------------
Finished Handling Custom Attributes : Time (s): cpu = 00:00:26 ; elapsed = 00:00:27 . Memory (MB): peak = 3271.801 ; gain = 960.574 ; free physical = 14159 ; free virtual = 27625
---------------------------------------------------------------------------------
---------------------------------------------------------------------------------
Start Renaming Generated Nets
---------------------------------------------------------------------------------
---------------------------------------------------------------------------------
Finished Renaming Generated Nets : Time (s): cpu = 00:00:26 ; elapsed = 00:00:27 . Memory (MB): peak = 3271.801 ; gain = 960.574 ; free physical = 14158 ; free virtual = 27623
---------------------------------------------------------------------------------
---------------------------------------------------------------------------------
Start Writing Synthesis Report
---------------------------------------------------------------------------------

Report BlackBoxes: 
+-+--------------+----------+
| |BlackBox name |Instances |
+-+--------------+----------+
+-+--------------+----------+

Report Cell Usage: 
+------+-----+------+
|      |Cell |Count |
+------+-----+------+
|1     |LUT1 |     2|
|2     |LUT2 |    13|
|3     |LUT3 |     7|
|4     |LUT4 |     7|
|5     |LUT5 |   107|
|6     |LUT6 |   103|
|7     |FDR  |   256|
|8     |FDRE |   349|
|9     |FDSE |    65|
+------+-----+------+
---------------------------------------------------------------------------------
Finished Writing Synthesis Report : Time (s): cpu = 00:00:26 ; elapsed = 00:00:27 . Memory (MB): peak = 3271.801 ; gain = 960.574 ; free physical = 14157 ; free virtual = 27622
---------------------------------------------------------------------------------
Synthesis finished with 0 errors, 0 critical warnings and 5 warnings.
Synthesis Optimization Runtime : Time (s): cpu = 00:00:21 ; elapsed = 00:00:22 . Memory (MB): peak = 3271.801 ; gain = 824.727 ; free physical = 14173 ; free virtual = 27638
Synthesis Optimization Complete : Time (s): cpu = 00:00:26 ; elapsed = 00:00:27 . Memory (MB): peak = 3271.809 ; gain = 960.574 ; free physical = 14173 ; free virtual = 27638
INFO: [Project 1-571] Translating synthesized netlist
Netlist sorting complete. Time (s): cpu = 00:00:00.01 ; elapsed = 00:00:00.01 . Memory (MB): peak = 3271.809 ; gain = 0.000 ; free physical = 14187 ; free virtual = 27653
INFO: [Netlist 29-17] Analyzing 256 Unisim elements for replacement
INFO: [Netlist 29-28] Unisim Transformation completed in 0 CPU seconds
INFO: [Project 1-570] Preparing netlist for logic optimization
INFO: [Opt 31-138] Pushed 0 inverter(s) to 0 load pin(s).
Netlist sorting complete. Time (s): cpu = 00:00:00 ; elapsed = 00:00:00 . Memory (MB): peak = 3334.504 ; gain = 0.000 ; free physical = 14465 ; free virtual = 27930
INFO: [Project 1-111] Unisim Transformation Summary:
  A total of 256 instances were transformed.
  FDR => FDRE: 256 instances

Synth Design complete | Checksum: f6cff65c
INFO: [Common 17-83] Releasing license: Synthesis
248 Infos, 95 Warnings, 0 Critical Warnings and 0 Errors encountered.
synth_design completed successfully
synth_design: Time (s): cpu = 00:00:33 ; elapsed = 00:00:31 . Memory (MB): peak = 3334.539 ; gain = 1949.406 ; free physical = 14464 ; free virtual = 27930
INFO: [Common 17-2834] synth_design peak Physical Memory [PSS] (MB): overall = 2561.003; main = 2561.003; forked = 383.178
INFO: [Common 17-2834] synth_design peak Virtual Memory [VSS] (MB): overall = 3866.270; main = 3334.508; forked = 981.441
Write ShapeDB Complete: Time (s): cpu = 00:00:00 ; elapsed = 00:00:00 . Memory (MB): peak = 3358.516 ; gain = 0.000 ; free physical = 14464 ; free virtual = 27930
INFO: [Common 17-1381] The checkpoint '/home/jgaitan/Documents/proyecto_1_borrador/project_1/project_1.runs/design_1_axi_gpio_0_0_synth_1/design_1_axi_gpio_0_0.dcp' has been generated.
INFO: [Coretcl 2-1648] Added synthesis output to IP cache for IP design_1_axi_gpio_0_0, cache-ID = 26f543e8c52a18bd
INFO: [Coretcl 2-1174] Renamed 7 cell refs.
Write ShapeDB Complete: Time (s): cpu = 00:00:00 ; elapsed = 00:00:00 . Memory (MB): peak = 3358.516 ; gain = 0.000 ; free physical = 14460 ; free virtual = 27927
INFO: [Common 17-1381] The checkpoint '/home/jgaitan/Documents/proyecto_1_borrador/project_1/project_1.runs/design_1_axi_gpio_0_0_synth_1/design_1_axi_gpio_0_0.dcp' has been generated.
INFO: [runtcl-4] Executing : report_utilization -file design_1_axi_gpio_0_0_utilization_synth.rpt -pb design_1_axi_gpio_0_0_utilization_synth.pb
INFO: [Common 17-206] Exiting Vivado at Wed Feb 11 03:13:37 2026...
[Wed Feb 11 03:13:48 2026] design_1_axi_gpio_0_0_synth_1 finished
wait_on_runs: Time (s): cpu = 00:00:03 ; elapsed = 00:00:55 . Memory (MB): peak = 10204.344 ; gain = 0.000 ; free physical = 16767 ; free virtual = 30233
launch_runs design_1_axi_gpio_1_0_synth_1
INFO: [IP_Flow 19-6924] IPCACHE: Running cache check for IP inst: design_1_axi_gpio_1_0
INFO: [IP_Flow 19-6922] IPCACHE: Exporting cached entry 26f543e8c52a18bd to dir: /home/jgaitan/Documents/proyecto_1_borrador/project_1/project_1.gen/sources_1/bd/design_1/ip/design_1_axi_gpio_1_0
INFO: [IP_Flow 19-6928] IPCACHE: copied cached file /home/jgaitan/Documents/proyecto_1_borrador/project_1/project_1.cache/ip/2023.2/2/6/26f543e8c52a18bd/design_1_axi_gpio_0_0_sim_netlist.vhdl to /home/jgaitan/Documents/proyecto_1_borrador/project_1/project_1.gen/sources_1/bd/design_1/ip/design_1_axi_gpio_1_0/design_1_axi_gpio_1_0_sim_netlist.vhdl.
INFO: [IP_Flow 19-6926] IPCACHE: added file to list for BOM: /home/jgaitan/Documents/proyecto_1_borrador/project_1/project_1.gen/sources_1/bd/design_1/ip/design_1_axi_gpio_1_0/design_1_axi_gpio_1_0_sim_netlist.vhdl
INFO: [IP_Flow 19-6928] IPCACHE: copied cached file /home/jgaitan/Documents/proyecto_1_borrador/project_1/project_1.cache/ip/2023.2/2/6/26f543e8c52a18bd/design_1_axi_gpio_0_0.dcp to /home/jgaitan/Documents/proyecto_1_borrador/project_1/project_1.gen/sources_1/bd/design_1/ip/design_1_axi_gpio_1_0/design_1_axi_gpio_1_0.dcp.
INFO: [IP_Flow 19-6926] IPCACHE: added file to list for BOM: /home/jgaitan/Documents/proyecto_1_borrador/project_1/project_1.gen/sources_1/bd/design_1/ip/design_1_axi_gpio_1_0/design_1_axi_gpio_1_0.dcp
INFO: [IP_Flow 19-6928] IPCACHE: copied cached file /home/jgaitan/Documents/proyecto_1_borrador/project_1/project_1.cache/ip/2023.2/2/6/26f543e8c52a18bd/design_1_axi_gpio_0_0_stub.v to /home/jgaitan/Documents/proyecto_1_borrador/project_1/project_1.gen/sources_1/bd/design_1/ip/design_1_axi_gpio_1_0/design_1_axi_gpio_1_0_stub.v.
INFO: [IP_Flow 19-6926] IPCACHE: added file to list for BOM: /home/jgaitan/Documents/proyecto_1_borrador/project_1/project_1.gen/sources_1/bd/design_1/ip/design_1_axi_gpio_1_0/design_1_axi_gpio_1_0_stub.v
INFO: [IP_Flow 19-6928] IPCACHE: copied cached file /home/jgaitan/Documents/proyecto_1_borrador/project_1/project_1.cache/ip/2023.2/2/6/26f543e8c52a18bd/design_1_axi_gpio_0_0_sim_netlist.v to /home/jgaitan/Documents/proyecto_1_borrador/project_1/project_1.gen/sources_1/bd/design_1/ip/design_1_axi_gpio_1_0/design_1_axi_gpio_1_0_sim_netlist.v.
INFO: [IP_Flow 19-6926] IPCACHE: added file to list for BOM: /home/jgaitan/Documents/proyecto_1_borrador/project_1/project_1.gen/sources_1/bd/design_1/ip/design_1_axi_gpio_1_0/design_1_axi_gpio_1_0_sim_netlist.v
INFO: [IP_Flow 19-6928] IPCACHE: copied cached file /home/jgaitan/Documents/proyecto_1_borrador/project_1/project_1.cache/ip/2023.2/2/6/26f543e8c52a18bd/design_1_axi_gpio_0_0_stub.vhdl to /home/jgaitan/Documents/proyecto_1_borrador/project_1/project_1.gen/sources_1/bd/design_1/ip/design_1_axi_gpio_1_0/design_1_axi_gpio_1_0_stub.vhdl.
INFO: [IP_Flow 19-6926] IPCACHE: added file to list for BOM: /home/jgaitan/Documents/proyecto_1_borrador/project_1/project_1.gen/sources_1/bd/design_1/ip/design_1_axi_gpio_1_0/design_1_axi_gpio_1_0_stub.vhdl
INFO: [IP_Flow 19-4993] Using cached IP synthesis design for IP design_1_axi_gpio_1_0, cache-ID = 26f543e8c52a18bd; cache size = 4.603 MB.
[Wed Feb 11 03:13:50 2026] Launched design_1_axi_gpio_1_0_synth_1...
Run output will be captured here: /home/jgaitan/Documents/proyecto_1_borrador/project_1/project_1.runs/design_1_axi_gpio_1_0_synth_1/runme.log
wait_on_run design_1_axi_gpio_1_0_synth_1
[Wed Feb 11 03:13:50 2026] Waiting for design_1_axi_gpio_1_0_synth_1 to finish...
WARNING: [filemgmt 56-199] Attempt to get parsing info during refresh. "On-the-fly" syntax checking information may be incorrect. [/home/jgaitan/Documents/proyecto_1_borrador/single_cycle_multiplier.v:]
WARNING: [filemgmt 56-199] Attempt to get parsing info during refresh. "On-the-fly" syntax checking information may be incorrect. [/home/jgaitan/Documents/proyecto_1_borrador/128to32_spliter.v:]
[Wed Feb 11 03:13:55 2026] Waiting for design_1_axi_gpio_1_0_synth_1 to finish...
[Wed Feb 11 03:14:00 2026] Waiting for design_1_axi_gpio_1_0_synth_1 to finish...
[Wed Feb 11 03:14:05 2026] Waiting for design_1_axi_gpio_1_0_synth_1 to finish...
[Wed Feb 11 03:14:15 2026] Waiting for design_1_axi_gpio_1_0_synth_1 to finish...

*** Running vivado
    with args -log design_1_axi_gpio_1_0.vds -m64 -product Vivado -mode batch -messageDb vivado.pb -notrace -source design_1_axi_gpio_1_0.tcl


****** Vivado v2023.2 (64-bit)
  **** SW Build 4029153 on Fri Oct 13 20:13:54 MDT 2023
  **** IP Build 4028589 on Sat Oct 14 00:45:43 MDT 2023
  **** SharedData Build 4025554 on Tue Oct 10 17:18:54 MDT 2023
    ** Copyright 1986-2022 Xilinx, Inc. All Rights Reserved.
    ** Copyright 2022-2023 Advanced Micro Devices, Inc. All Rights Reserved.

source design_1_axi_gpio_1_0.tcl -notrace
create_project: Time (s): cpu = 00:00:05 ; elapsed = 00:00:05 . Memory (MB): peak = 1339.773 ; gain = 0.023 ; free physical = 16276 ; free virtual = 29742
INFO: [IP_Flow 19-6924] IPCACHE: Running cache check for IP inst: design_1_axi_gpio_1_0
INFO: [IP_Flow 19-6922] IPCACHE: Exporting cached entry 26f543e8c52a18bd to dir: /home/jgaitan/Documents/proyecto_1_borrador/project_1/project_1.runs/design_1_axi_gpio_1_0_synth_1
INFO: [IP_Flow 19-6928] IPCACHE: copied cached file /home/jgaitan/Documents/proyecto_1_borrador/project_1/project_1.cache/ip/2023.2/2/6/26f543e8c52a18bd/design_1_axi_gpio_0_0_sim_netlist.vhdl to /home/jgaitan/Documents/proyecto_1_borrador/project_1/project_1.runs/design_1_axi_gpio_1_0_synth_1/design_1_axi_gpio_1_0_sim_netlist.vhdl.
INFO: [IP_Flow 19-6928] IPCACHE: copied cached file /home/jgaitan/Documents/proyecto_1_borrador/project_1/project_1.cache/ip/2023.2/2/6/26f543e8c52a18bd/design_1_axi_gpio_0_0.dcp to /home/jgaitan/Documents/proyecto_1_borrador/project_1/project_1.runs/design_1_axi_gpio_1_0_synth_1/design_1_axi_gpio_1_0.dcp.
INFO: [IP_Flow 19-6928] IPCACHE: copied cached file /home/jgaitan/Documents/proyecto_1_borrador/project_1/project_1.cache/ip/2023.2/2/6/26f543e8c52a18bd/design_1_axi_gpio_0_0_stub.v to /home/jgaitan/Documents/proyecto_1_borrador/project_1/project_1.runs/design_1_axi_gpio_1_0_synth_1/design_1_axi_gpio_1_0_stub.v.
INFO: [IP_Flow 19-6928] IPCACHE: copied cached file /home/jgaitan/Documents/proyecto_1_borrador/project_1/project_1.cache/ip/2023.2/2/6/26f543e8c52a18bd/design_1_axi_gpio_0_0_sim_netlist.v to /home/jgaitan/Documents/proyecto_1_borrador/project_1/project_1.runs/design_1_axi_gpio_1_0_synth_1/design_1_axi_gpio_1_0_sim_netlist.v.
INFO: [IP_Flow 19-6928] IPCACHE: copied cached file /home/jgaitan/Documents/proyecto_1_borrador/project_1/project_1.cache/ip/2023.2/2/6/26f543e8c52a18bd/design_1_axi_gpio_0_0_stub.vhdl to /home/jgaitan/Documents/proyecto_1_borrador/project_1/project_1.runs/design_1_axi_gpio_1_0_synth_1/design_1_axi_gpio_1_0_stub.vhdl.
INFO: [IP_Flow 19-4838] Using cached IP synthesis design for IP design_1_axi_gpio_1_0, cache-ID = 26f543e8c52a18bd.
INFO: [Common 17-206] Exiting Vivado at Wed Feb 11 03:14:02 2026...
[Wed Feb 11 03:14:15 2026] design_1_axi_gpio_1_0_synth_1 finished
wait_on_runs: Time (s): cpu = 00:00:03 ; elapsed = 00:00:25 . Memory (MB): peak = 10444.434 ; gain = 0.000 ; free physical = 16760 ; free virtual = 30228
launch_runs design_1_rst_ps8_0_99M_0_synth_1
INFO: [IP_Flow 19-6924] IPCACHE: Running cache check for IP inst: design_1_rst_ps8_0_99M_0
[Wed Feb 11 03:14:16 2026] Launched design_1_rst_ps8_0_99M_0_synth_1...
Run output will be captured here: /home/jgaitan/Documents/proyecto_1_borrador/project_1/project_1.runs/design_1_rst_ps8_0_99M_0_synth_1/runme.log
wait_on_run design_1_rst_ps8_0_99M_0_synth_1
[Wed Feb 11 03:14:16 2026] Waiting for design_1_rst_ps8_0_99M_0_synth_1 to finish...
[Wed Feb 11 03:14:21 2026] Waiting for design_1_rst_ps8_0_99M_0_synth_1 to finish...
[Wed Feb 11 03:14:26 2026] Waiting for design_1_rst_ps8_0_99M_0_synth_1 to finish...
[Wed Feb 11 03:14:31 2026] Waiting for design_1_rst_ps8_0_99M_0_synth_1 to finish...
[Wed Feb 11 03:14:41 2026] Waiting for design_1_rst_ps8_0_99M_0_synth_1 to finish...
[Wed Feb 11 03:14:51 2026] Waiting for design_1_rst_ps8_0_99M_0_synth_1 to finish...
[Wed Feb 11 03:15:01 2026] Waiting for design_1_rst_ps8_0_99M_0_synth_1 to finish...
[Wed Feb 11 03:15:11 2026] Waiting for design_1_rst_ps8_0_99M_0_synth_1 to finish...

*** Running vivado
    with args -log design_1_rst_ps8_0_99M_0.vds -m64 -product Vivado -mode batch -messageDb vivado.pb -notrace -source design_1_rst_ps8_0_99M_0.tcl


****** Vivado v2023.2 (64-bit)
  **** SW Build 4029153 on Fri Oct 13 20:13:54 MDT 2023
  **** IP Build 4028589 on Sat Oct 14 00:45:43 MDT 2023
  **** SharedData Build 4025554 on Tue Oct 10 17:18:54 MDT 2023
    ** Copyright 1986-2022 Xilinx, Inc. All Rights Reserved.
    ** Copyright 2022-2023 Advanced Micro Devices, Inc. All Rights Reserved.

source design_1_rst_ps8_0_99M_0.tcl -notrace
create_project: Time (s): cpu = 00:00:05 ; elapsed = 00:00:05 . Memory (MB): peak = 1340.773 ; gain = 0.023 ; free physical = 16274 ; free virtual = 29742
INFO: [IP_Flow 19-6924] IPCACHE: Running cache check for IP inst: design_1_rst_ps8_0_99M_0
Command: synth_design -top design_1_rst_ps8_0_99M_0 -part xck26-sfvc784-2LV-c -incremental_mode off -mode out_of_context
Starting synth_design
Attempting to get a license for feature 'Synthesis' and/or device 'xck26'
INFO: [Common 17-349] Got license for feature 'Synthesis' and/or device 'xck26'
INFO: [Device 21-403] Loading part xck26-sfvc784-2LV-c
INFO: [Synth 8-7079] Multithreading enabled for synth_design using a maximum of 4 processes.
INFO: [Synth 8-7078] Launching helper process for spawning children vivado processes
INFO: [Synth 8-7075] Helper process launched with PID 3426217
---------------------------------------------------------------------------------
Starting RTL Elaboration : Time (s): cpu = 00:00:03 ; elapsed = 00:00:03 . Memory (MB): peak = 2597.246 ; gain = 285.777 ; free physical = 14763 ; free virtual = 28230
---------------------------------------------------------------------------------
INFO: [Synth 8-638] synthesizing module 'design_1_rst_ps8_0_99M_0' [/home/jgaitan/Documents/proyecto_1_borrador/project_1/project_1.gen/sources_1/bd/design_1/ip/design_1_rst_ps8_0_99M_0/synth/design_1_rst_ps8_0_99M_0.vhd:74]
	Parameter C_FAMILY bound to: zynquplus - type: string 
	Parameter C_EXT_RST_WIDTH bound to: 4 - type: integer 
	Parameter C_AUX_RST_WIDTH bound to: 4 - type: integer 
	Parameter C_EXT_RESET_HIGH bound to: 1'b0 
	Parameter C_AUX_RESET_HIGH bound to: 1'b0 
	Parameter C_NUM_BUS_RST bound to: 1 - type: integer 
	Parameter C_NUM_PERP_RST bound to: 1 - type: integer 
	Parameter C_NUM_INTERCONNECT_ARESETN bound to: 1 - type: integer 
	Parameter C_NUM_PERP_ARESETN bound to: 1 - type: integer 
INFO: [Synth 8-3491] module 'proc_sys_reset' declared at '/home/jgaitan/Documents/proyecto_1_borrador/project_1/project_1.gen/sources_1/bd/design_1/ipshared/408c/hdl/proc_sys_reset_v5_0_vh_rfs.vhd:1271' bound to instance 'U0' of component 'proc_sys_reset' [/home/jgaitan/Documents/proyecto_1_borrador/project_1/project_1.gen/sources_1/bd/design_1/ip/design_1_rst_ps8_0_99M_0/synth/design_1_rst_ps8_0_99M_0.vhd:129]
INFO: [Synth 8-638] synthesizing module 'proc_sys_reset' [/home/jgaitan/Documents/proyecto_1_borrador/project_1/project_1.gen/sources_1/bd/design_1/ipshared/408c/hdl/proc_sys_reset_v5_0_vh_rfs.vhd:1330]
	Parameter INIT bound to: 1'b1 
INFO: [Synth 8-113] binding component instance 'FDRE_inst' to cell 'FDRE' [/home/jgaitan/Documents/proyecto_1_borrador/project_1/project_1.gen/sources_1/bd/design_1/ipshared/408c/hdl/proc_sys_reset_v5_0_vh_rfs.vhd:1399]
	Parameter INIT bound to: 1'b1 
INFO: [Synth 8-113] binding component instance 'FDRE_BSR' to cell 'FDRE' [/home/jgaitan/Documents/proyecto_1_borrador/project_1/project_1.gen/sources_1/bd/design_1/ipshared/408c/hdl/proc_sys_reset_v5_0_vh_rfs.vhd:1415]
	Parameter INIT bound to: 1'b0 
INFO: [Synth 8-113] binding component instance 'FDRE_BSR_N' to cell 'FDRE' [/home/jgaitan/Documents/proyecto_1_borrador/project_1/project_1.gen/sources_1/bd/design_1/ipshared/408c/hdl/proc_sys_reset_v5_0_vh_rfs.vhd:1441]
	Parameter INIT bound to: 1'b1 
INFO: [Synth 8-113] binding component instance 'FDRE_PER' to cell 'FDRE' [/home/jgaitan/Documents/proyecto_1_borrador/project_1/project_1.gen/sources_1/bd/design_1/ipshared/408c/hdl/proc_sys_reset_v5_0_vh_rfs.vhd:1464]
	Parameter INIT bound to: 1'b0 
INFO: [Synth 8-113] binding component instance 'FDRE_PER_N' to cell 'FDRE' [/home/jgaitan/Documents/proyecto_1_borrador/project_1/project_1.gen/sources_1/bd/design_1/ipshared/408c/hdl/proc_sys_reset_v5_0_vh_rfs.vhd:1488]
INFO: [Synth 8-638] synthesizing module 'lpf' [/home/jgaitan/Documents/proyecto_1_borrador/project_1/project_1.gen/sources_1/bd/design_1/ipshared/408c/hdl/proc_sys_reset_v5_0_vh_rfs.vhd:821]
INFO: [Synth 8-3491] module 'SRL16' declared at '/tools/Xilinx-2023.2/Vivado/2023.2/scripts/rt/data/unisim_comp.v:133721' bound to instance 'POR_SRL_I' of component 'SRL16' [/home/jgaitan/Documents/proyecto_1_borrador/project_1/project_1.gen/sources_1/bd/design_1/ipshared/408c/hdl/proc_sys_reset_v5_0_vh_rfs.vhd:873]
INFO: [Synth 8-6157] synthesizing module 'SRL16' [/tools/Xilinx-2023.2/Vivado/2023.2/scripts/rt/data/unisim_comp.v:133721]
INFO: [Synth 8-6155] done synthesizing module 'SRL16' (0#1) [/tools/Xilinx-2023.2/Vivado/2023.2/scripts/rt/data/unisim_comp.v:133721]
INFO: [Synth 8-638] synthesizing module 'cdc_sync' [/home/jgaitan/Documents/proyecto_1_borrador/project_1/project_1.gen/sources_1/bd/design_1/ipshared/ef1e/hdl/lib_cdc_v1_0_rfs.vhd:106]
	Parameter INIT bound to: 1'b0 
INFO: [Synth 8-113] binding component instance 'CROSS_PLEVEL_IN2SCNDRY_IN_cdc_to' to cell 'FDR' [/home/jgaitan/Documents/proyecto_1_borrador/project_1/project_1.gen/sources_1/bd/design_1/ipshared/ef1e/hdl/lib_cdc_v1_0_rfs.vhd:514]
	Parameter INIT bound to: 1'b0 
INFO: [Synth 8-113] binding component instance 'CROSS_PLEVEL_IN2SCNDRY_s_level_out_d2' to cell 'FDR' [/home/jgaitan/Documents/proyecto_1_borrador/project_1/project_1.gen/sources_1/bd/design_1/ipshared/ef1e/hdl/lib_cdc_v1_0_rfs.vhd:545]
	Parameter INIT bound to: 1'b0 
INFO: [Synth 8-113] binding component instance 'CROSS_PLEVEL_IN2SCNDRY_s_level_out_d3' to cell 'FDR' [/home/jgaitan/Documents/proyecto_1_borrador/project_1/project_1.gen/sources_1/bd/design_1/ipshared/ef1e/hdl/lib_cdc_v1_0_rfs.vhd:554]
	Parameter INIT bound to: 1'b0 
INFO: [Synth 8-113] binding component instance 'CROSS_PLEVEL_IN2SCNDRY_s_level_out_d4' to cell 'FDR' [/home/jgaitan/Documents/proyecto_1_borrador/project_1/project_1.gen/sources_1/bd/design_1/ipshared/ef1e/hdl/lib_cdc_v1_0_rfs.vhd:564]
	Parameter INIT bound to: 1'b0 
INFO: [Synth 8-113] binding component instance 'CROSS_PLEVEL_IN2SCNDRY_s_level_out_d5' to cell 'FDR' [/home/jgaitan/Documents/proyecto_1_borrador/project_1/project_1.gen/sources_1/bd/design_1/ipshared/ef1e/hdl/lib_cdc_v1_0_rfs.vhd:574]
	Parameter INIT bound to: 1'b0 
INFO: [Synth 8-113] binding component instance 'CROSS_PLEVEL_IN2SCNDRY_s_level_out_d6' to cell 'FDR' [/home/jgaitan/Documents/proyecto_1_borrador/project_1/project_1.gen/sources_1/bd/design_1/ipshared/ef1e/hdl/lib_cdc_v1_0_rfs.vhd:584]
INFO: [Synth 8-256] done synthesizing module 'cdc_sync' (0#1) [/home/jgaitan/Documents/proyecto_1_borrador/project_1/project_1.gen/sources_1/bd/design_1/ipshared/ef1e/hdl/lib_cdc_v1_0_rfs.vhd:106]
INFO: [Synth 8-256] done synthesizing module 'lpf' (0#1) [/home/jgaitan/Documents/proyecto_1_borrador/project_1/project_1.gen/sources_1/bd/design_1/ipshared/408c/hdl/proc_sys_reset_v5_0_vh_rfs.vhd:821]
INFO: [Synth 8-638] synthesizing module 'sequence_psr' [/home/jgaitan/Documents/proyecto_1_borrador/project_1/project_1.gen/sources_1/bd/design_1/ipshared/408c/hdl/proc_sys_reset_v5_0_vh_rfs.vhd:304]
INFO: [Synth 8-638] synthesizing module 'upcnt_n' [/home/jgaitan/Documents/proyecto_1_borrador/project_1/project_1.gen/sources_1/bd/design_1/ipshared/408c/hdl/proc_sys_reset_v5_0_vh_rfs.vhd:126]
INFO: [Synth 8-256] done synthesizing module 'upcnt_n' (0#1) [/home/jgaitan/Documents/proyecto_1_borrador/project_1/project_1.gen/sources_1/bd/design_1/ipshared/408c/hdl/proc_sys_reset_v5_0_vh_rfs.vhd:126]
INFO: [Synth 8-256] done synthesizing module 'sequence_psr' (0#1) [/home/jgaitan/Documents/proyecto_1_borrador/project_1/project_1.gen/sources_1/bd/design_1/ipshared/408c/hdl/proc_sys_reset_v5_0_vh_rfs.vhd:304]
INFO: [Synth 8-256] done synthesizing module 'proc_sys_reset' (0#1) [/home/jgaitan/Documents/proyecto_1_borrador/project_1/project_1.gen/sources_1/bd/design_1/ipshared/408c/hdl/proc_sys_reset_v5_0_vh_rfs.vhd:1330]
INFO: [Synth 8-256] done synthesizing module 'design_1_rst_ps8_0_99M_0' (0#1) [/home/jgaitan/Documents/proyecto_1_borrador/project_1/project_1.gen/sources_1/bd/design_1/ip/design_1_rst_ps8_0_99M_0/synth/design_1_rst_ps8_0_99M_0.vhd:74]
WARNING: [Synth 8-7129] Port prmry_aclk in module cdc_sync is either unconnected or has no load
WARNING: [Synth 8-7129] Port prmry_resetn in module cdc_sync is either unconnected or has no load
WARNING: [Synth 8-7129] Port prmry_vect_in[1] in module cdc_sync is either unconnected or has no load
WARNING: [Synth 8-7129] Port prmry_vect_in[0] in module cdc_sync is either unconnected or has no load
WARNING: [Synth 8-7129] Port scndry_resetn in module cdc_sync is either unconnected or has no load
---------------------------------------------------------------------------------
Finished RTL Elaboration : Time (s): cpu = 00:00:05 ; elapsed = 00:00:05 . Memory (MB): peak = 2676.215 ; gain = 364.746 ; free physical = 14662 ; free virtual = 28131
---------------------------------------------------------------------------------
---------------------------------------------------------------------------------
Start Handling Custom Attributes
---------------------------------------------------------------------------------
---------------------------------------------------------------------------------
Finished Handling Custom Attributes : Time (s): cpu = 00:00:05 ; elapsed = 00:00:05 . Memory (MB): peak = 2679.184 ; gain = 367.715 ; free physical = 14662 ; free virtual = 28131
---------------------------------------------------------------------------------
---------------------------------------------------------------------------------
Finished RTL Optimization Phase 1 : Time (s): cpu = 00:00:05 ; elapsed = 00:00:05 . Memory (MB): peak = 2679.184 ; gain = 367.715 ; free physical = 14662 ; free virtual = 28131
---------------------------------------------------------------------------------
Netlist sorting complete. Time (s): cpu = 00:00:00.01 ; elapsed = 00:00:00 . Memory (MB): peak = 2690.152 ; gain = 0.000 ; free physical = 14662 ; free virtual = 28130
INFO: [Netlist 29-17] Analyzing 13 Unisim elements for replacement
INFO: [Netlist 29-28] Unisim Transformation completed in 0 CPU seconds
INFO: [Project 1-570] Preparing netlist for logic optimization

Processing XDC Constraints
Initializing timing engine
Parsing XDC File [/home/jgaitan/Documents/proyecto_1_borrador/project_1/project_1.gen/sources_1/bd/design_1/ip/design_1_rst_ps8_0_99M_0/design_1_rst_ps8_0_99M_0_ooc.xdc] for cell 'U0'
Finished Parsing XDC File [/home/jgaitan/Documents/proyecto_1_borrador/project_1/project_1.gen/sources_1/bd/design_1/ip/design_1_rst_ps8_0_99M_0/design_1_rst_ps8_0_99M_0_ooc.xdc] for cell 'U0'
Parsing XDC File [/home/jgaitan/Documents/proyecto_1_borrador/project_1/project_1.gen/sources_1/bd/design_1/ip/design_1_rst_ps8_0_99M_0/design_1_rst_ps8_0_99M_0_board.xdc] for cell 'U0'
Finished Parsing XDC File [/home/jgaitan/Documents/proyecto_1_borrador/project_1/project_1.gen/sources_1/bd/design_1/ip/design_1_rst_ps8_0_99M_0/design_1_rst_ps8_0_99M_0_board.xdc] for cell 'U0'
Parsing XDC File [/home/jgaitan/Documents/proyecto_1_borrador/project_1/project_1.gen/sources_1/bd/design_1/ip/design_1_rst_ps8_0_99M_0/design_1_rst_ps8_0_99M_0.xdc] for cell 'U0'
Finished Parsing XDC File [/home/jgaitan/Documents/proyecto_1_borrador/project_1/project_1.gen/sources_1/bd/design_1/ip/design_1_rst_ps8_0_99M_0/design_1_rst_ps8_0_99M_0.xdc] for cell 'U0'
INFO: [Project 1-236] Implementation specific constraints were found while reading constraint file [/home/jgaitan/Documents/proyecto_1_borrador/project_1/project_1.gen/sources_1/bd/design_1/ip/design_1_rst_ps8_0_99M_0/design_1_rst_ps8_0_99M_0.xdc]. These constraints will be ignored for synthesis but will be used in implementation. Impacted constraints are listed in the file [.Xil/design_1_rst_ps8_0_99M_0_propImpl.xdc].
Resolution: To avoid this warning, move constraints listed in [.Xil/design_1_rst_ps8_0_99M_0_propImpl.xdc] to another XDC file and exclude this new file from synthesis with the used_in_synthesis property (File Properties dialog in GUI) and re-run elaboration/synthesis.
Parsing XDC File [/home/jgaitan/Documents/proyecto_1_borrador/project_1/project_1.runs/design_1_rst_ps8_0_99M_0_synth_1/dont_touch.xdc]
Finished Parsing XDC File [/home/jgaitan/Documents/proyecto_1_borrador/project_1/project_1.runs/design_1_rst_ps8_0_99M_0_synth_1/dont_touch.xdc]
Completed Processing XDC Constraints

Netlist sorting complete. Time (s): cpu = 00:00:00 ; elapsed = 00:00:00 . Memory (MB): peak = 2811.965 ; gain = 0.000 ; free physical = 14642 ; free virtual = 28110
INFO: [Project 1-111] Unisim Transformation Summary:
  A total of 13 instances were transformed.
  FDR => FDRE: 12 instances
  SRL16 => SRL16E: 1 instance 

Constraint Validation Runtime : Time (s): cpu = 00:00:00.01 ; elapsed = 00:00:00.01 . Memory (MB): peak = 2812.000 ; gain = 0.000 ; free physical = 14642 ; free virtual = 28110
INFO: [Designutils 20-5008] Incremental synthesis strategy off
---------------------------------------------------------------------------------
Finished Constraint Validation : Time (s): cpu = 00:00:13 ; elapsed = 00:00:14 . Memory (MB): peak = 2812.000 ; gain = 500.531 ; free physical = 14641 ; free virtual = 28110
---------------------------------------------------------------------------------
---------------------------------------------------------------------------------
Start Loading Part and Timing Information
---------------------------------------------------------------------------------
Loading part: xck26-sfvc784-2LV-c
INFO: [Synth 8-6742] Reading net delay rules and data
---------------------------------------------------------------------------------
Finished Loading Part and Timing Information : Time (s): cpu = 00:00:13 ; elapsed = 00:00:14 . Memory (MB): peak = 2812.000 ; gain = 500.531 ; free physical = 14641 ; free virtual = 28110
---------------------------------------------------------------------------------
---------------------------------------------------------------------------------
Start Applying 'set_property' XDC Constraints
---------------------------------------------------------------------------------
Applied set_property KEEP_HIERARCHY = SOFT for U0. (constraint file  /home/jgaitan/Documents/proyecto_1_borrador/project_1/project_1.runs/design_1_rst_ps8_0_99M_0_synth_1/dont_touch.xdc, line 9).
---------------------------------------------------------------------------------
Finished applying 'set_property' XDC Constraints : Time (s): cpu = 00:00:13 ; elapsed = 00:00:14 . Memory (MB): peak = 2812.000 ; gain = 500.531 ; free physical = 14641 ; free virtual = 28110
---------------------------------------------------------------------------------
---------------------------------------------------------------------------------
Finished RTL Optimization Phase 2 : Time (s): cpu = 00:00:14 ; elapsed = 00:00:14 . Memory (MB): peak = 2812.000 ; gain = 500.531 ; free physical = 14640 ; free virtual = 28109
---------------------------------------------------------------------------------
---------------------------------------------------------------------------------
Start RTL Component Statistics 
---------------------------------------------------------------------------------
Detailed RTL Component Info : 
+---Adders : 
	   2 Input    6 Bit       Adders := 1     
+---Registers : 
	                6 Bit    Registers := 1     
	                3 Bit    Registers := 3     
	                1 Bit    Registers := 8     
+---Muxes : 
	   2 Input    6 Bit        Muxes := 1     
	   2 Input    1 Bit        Muxes := 1     
---------------------------------------------------------------------------------
Finished RTL Component Statistics 
---------------------------------------------------------------------------------
---------------------------------------------------------------------------------
Start Part Resource Summary
---------------------------------------------------------------------------------
Part Resources:
DSPs: 1248 (col length:96)
BRAMs: 288 (col length: RAMB18 96 RAMB36 48)
---------------------------------------------------------------------------------
Finished Part Resource Summary
---------------------------------------------------------------------------------
---------------------------------------------------------------------------------
Start Cross Boundary and Area Optimization
---------------------------------------------------------------------------------
WARNING: [Synth 8-7080] Parallel synthesis criteria is not met
WARNING: [Synth 8-3332] Sequential element (EXT_LPF/ACTIVE_LOW_EXT.ACT_LO_EXT/GENERATE_LEVEL_P_S_CDC.SINGLE_BIT.CROSS_PLEVEL_IN2SCNDRY_s_level_out_d5) is unused and will be removed from module proc_sys_reset.
WARNING: [Synth 8-3332] Sequential element (EXT_LPF/ACTIVE_LOW_EXT.ACT_LO_EXT/GENERATE_LEVEL_P_S_CDC.SINGLE_BIT.CROSS_PLEVEL_IN2SCNDRY_s_level_out_d6) is unused and will be removed from module proc_sys_reset.
WARNING: [Synth 8-3332] Sequential element (EXT_LPF/ACTIVE_LOW_AUX.ACT_LO_AUX/GENERATE_LEVEL_P_S_CDC.SINGLE_BIT.CROSS_PLEVEL_IN2SCNDRY_s_level_out_d5) is unused and will be removed from module proc_sys_reset.
WARNING: [Synth 8-3332] Sequential element (EXT_LPF/ACTIVE_LOW_AUX.ACT_LO_AUX/GENERATE_LEVEL_P_S_CDC.SINGLE_BIT.CROSS_PLEVEL_IN2SCNDRY_s_level_out_d6) is unused and will be removed from module proc_sys_reset.
---------------------------------------------------------------------------------
Finished Cross Boundary and Area Optimization : Time (s): cpu = 00:00:14 ; elapsed = 00:00:15 . Memory (MB): peak = 2812.000 ; gain = 500.531 ; free physical = 14640 ; free virtual = 28109
---------------------------------------------------------------------------------
---------------------------------------------------------------------------------
Start Applying XDC Timing Constraints
---------------------------------------------------------------------------------
---------------------------------------------------------------------------------
Finished Applying XDC Timing Constraints : Time (s): cpu = 00:00:21 ; elapsed = 00:00:21 . Memory (MB): peak = 3237.863 ; gain = 926.395 ; free physical = 14207 ; free virtual = 27677
---------------------------------------------------------------------------------
---------------------------------------------------------------------------------
Start Timing Optimization
---------------------------------------------------------------------------------
---------------------------------------------------------------------------------
Finished Timing Optimization : Time (s): cpu = 00:00:21 ; elapsed = 00:00:21 . Memory (MB): peak = 3237.863 ; gain = 926.395 ; free physical = 14207 ; free virtual = 27677
---------------------------------------------------------------------------------
---------------------------------------------------------------------------------
Start Technology Mapping
---------------------------------------------------------------------------------
---------------------------------------------------------------------------------
Finished Technology Mapping : Time (s): cpu = 00:00:21 ; elapsed = 00:00:21 . Memory (MB): peak = 3265.910 ; gain = 954.441 ; free physical = 14182 ; free virtual = 27651
---------------------------------------------------------------------------------
---------------------------------------------------------------------------------
Start IO Insertion
---------------------------------------------------------------------------------
---------------------------------------------------------------------------------
Start Flattening Before IO Insertion
---------------------------------------------------------------------------------
---------------------------------------------------------------------------------
Finished Flattening Before IO Insertion
---------------------------------------------------------------------------------
---------------------------------------------------------------------------------
Start Final Netlist Cleanup
---------------------------------------------------------------------------------
---------------------------------------------------------------------------------
Finished Final Netlist Cleanup
---------------------------------------------------------------------------------
---------------------------------------------------------------------------------
Finished IO Insertion : Time (s): cpu = 00:00:24 ; elapsed = 00:00:25 . Memory (MB): peak = 3265.910 ; gain = 954.441 ; free physical = 14181 ; free virtual = 27650
---------------------------------------------------------------------------------
---------------------------------------------------------------------------------
Start Renaming Generated Instances
---------------------------------------------------------------------------------
---------------------------------------------------------------------------------
Finished Renaming Generated Instances : Time (s): cpu = 00:00:24 ; elapsed = 00:00:25 . Memory (MB): peak = 3265.910 ; gain = 954.441 ; free physical = 14181 ; free virtual = 27650
---------------------------------------------------------------------------------
---------------------------------------------------------------------------------
Start Rebuilding User Hierarchy
---------------------------------------------------------------------------------
---------------------------------------------------------------------------------
Finished Rebuilding User Hierarchy : Time (s): cpu = 00:00:24 ; elapsed = 00:00:25 . Memory (MB): peak = 3265.910 ; gain = 954.441 ; free physical = 14181 ; free virtual = 27650
---------------------------------------------------------------------------------
---------------------------------------------------------------------------------
Start Renaming Generated Ports
---------------------------------------------------------------------------------
---------------------------------------------------------------------------------
Finished Renaming Generated Ports : Time (s): cpu = 00:00:24 ; elapsed = 00:00:25 . Memory (MB): peak = 3265.910 ; gain = 954.441 ; free physical = 14181 ; free virtual = 27650
---------------------------------------------------------------------------------
---------------------------------------------------------------------------------
Start Handling Custom Attributes
---------------------------------------------------------------------------------
---------------------------------------------------------------------------------
Finished Handling Custom Attributes : Time (s): cpu = 00:00:24 ; elapsed = 00:00:25 . Memory (MB): peak = 3265.910 ; gain = 954.441 ; free physical = 14181 ; free virtual = 27650
---------------------------------------------------------------------------------
---------------------------------------------------------------------------------
Start Renaming Generated Nets
---------------------------------------------------------------------------------
---------------------------------------------------------------------------------
Finished Renaming Generated Nets : Time (s): cpu = 00:00:24 ; elapsed = 00:00:25 . Memory (MB): peak = 3265.910 ; gain = 954.441 ; free physical = 14181 ; free virtual = 27650
---------------------------------------------------------------------------------
---------------------------------------------------------------------------------
Start Writing Synthesis Report
---------------------------------------------------------------------------------

Report BlackBoxes: 
+-+--------------+----------+
| |BlackBox name |Instances |
+-+--------------+----------+
+-+--------------+----------+

Report Cell Usage: 
+------+------+------+
|      |Cell  |Count |
+------+------+------+
|1     |LUT1  |     5|
|2     |LUT2  |     9|
|3     |LUT3  |     1|
|4     |LUT4  |     6|
|5     |LUT5  |     3|
|6     |LUT6  |     1|
|7     |SRL16 |     1|
|8     |FDR   |     8|
|9     |FDRE  |    28|
|10    |FDSE  |     4|
+------+------+------+
---------------------------------------------------------------------------------
Finished Writing Synthesis Report : Time (s): cpu = 00:00:24 ; elapsed = 00:00:25 . Memory (MB): peak = 3265.910 ; gain = 954.441 ; free physical = 14181 ; free virtual = 27650
---------------------------------------------------------------------------------
Synthesis finished with 0 errors, 0 critical warnings and 5 warnings.
Synthesis Optimization Runtime : Time (s): cpu = 00:00:19 ; elapsed = 00:00:20 . Memory (MB): peak = 3265.910 ; gain = 821.625 ; free physical = 14181 ; free virtual = 27650
Synthesis Optimization Complete : Time (s): cpu = 00:00:24 ; elapsed = 00:00:25 . Memory (MB): peak = 3265.918 ; gain = 954.441 ; free physical = 14181 ; free virtual = 27650
INFO: [Project 1-571] Translating synthesized netlist
Netlist sorting complete. Time (s): cpu = 00:00:00 ; elapsed = 00:00:00 . Memory (MB): peak = 3265.918 ; gain = 0.000 ; free physical = 14181 ; free virtual = 27650
INFO: [Netlist 29-17] Analyzing 9 Unisim elements for replacement
INFO: [Netlist 29-28] Unisim Transformation completed in 0 CPU seconds
INFO: [Project 1-570] Preparing netlist for logic optimization
INFO: [Opt 31-138] Pushed 0 inverter(s) to 0 load pin(s).
Netlist sorting complete. Time (s): cpu = 00:00:00 ; elapsed = 00:00:00 . Memory (MB): peak = 3327.645 ; gain = 0.000 ; free physical = 14457 ; free virtual = 27926
INFO: [Project 1-111] Unisim Transformation Summary:
  A total of 9 instances were transformed.
  FDR => FDRE: 8 instances
  SRL16 => SRL16E: 1 instance 

Synth Design complete | Checksum: d4ca39a1
INFO: [Common 17-83] Releasing license: Synthesis
47 Infos, 10 Warnings, 0 Critical Warnings and 0 Errors encountered.
synth_design completed successfully
synth_design: Time (s): cpu = 00:00:31 ; elapsed = 00:00:29 . Memory (MB): peak = 3327.680 ; gain = 1942.305 ; free physical = 14457 ; free virtual = 27926
INFO: [Common 17-2834] synth_design peak Physical Memory [PSS] (MB): overall = 2668.133; main = 2553.665; forked = 383.286
INFO: [Common 17-2834] synth_design peak Virtual Memory [VSS] (MB): overall = 4054.293; main = 3327.648; forked = 981.441
Write ShapeDB Complete: Time (s): cpu = 00:00:00 ; elapsed = 00:00:00.01 . Memory (MB): peak = 3351.656 ; gain = 0.000 ; free physical = 14457 ; free virtual = 27926
INFO: [Common 17-1381] The checkpoint '/home/jgaitan/Documents/proyecto_1_borrador/project_1/project_1.runs/design_1_rst_ps8_0_99M_0_synth_1/design_1_rst_ps8_0_99M_0.dcp' has been generated.
INFO: [Coretcl 2-1648] Added synthesis output to IP cache for IP design_1_rst_ps8_0_99M_0, cache-ID = 17ca3781462f483e
INFO: [Coretcl 2-1174] Renamed 6 cell refs.
Write ShapeDB Complete: Time (s): cpu = 00:00:00 ; elapsed = 00:00:00 . Memory (MB): peak = 3351.656 ; gain = 0.000 ; free physical = 14454 ; free virtual = 27924
INFO: [Common 17-1381] The checkpoint '/home/jgaitan/Documents/proyecto_1_borrador/project_1/project_1.runs/design_1_rst_ps8_0_99M_0_synth_1/design_1_rst_ps8_0_99M_0.dcp' has been generated.
INFO: [runtcl-4] Executing : report_utilization -file design_1_rst_ps8_0_99M_0_utilization_synth.rpt -pb design_1_rst_ps8_0_99M_0_utilization_synth.pb
INFO: [Common 17-206] Exiting Vivado at Wed Feb 11 03:14:58 2026...
[Wed Feb 11 03:15:11 2026] design_1_rst_ps8_0_99M_0_synth_1 finished
wait_on_runs: Time (s): cpu = 00:00:03 ; elapsed = 00:00:55 . Memory (MB): peak = 10444.434 ; gain = 0.000 ; free physical = 16755 ; free virtual = 30223
launch_runs design_1_single_cycle_multipl_0_1_synth_1
INFO: [IP_Flow 19-6924] IPCACHE: Running cache check for IP inst: design_1_single_cycle_multipl_0_1
[Wed Feb 11 03:15:12 2026] Launched design_1_single_cycle_multipl_0_1_synth_1...
Run output will be captured here: /home/jgaitan/Documents/proyecto_1_borrador/project_1/project_1.runs/design_1_single_cycle_multipl_0_1_synth_1/runme.log
wait_on_run design_1_single_cycle_multipl_0_1_synth_1
[Wed Feb 11 03:15:12 2026] Waiting for design_1_single_cycle_multipl_0_1_synth_1 to finish...
[Wed Feb 11 03:15:17 2026] Waiting for design_1_single_cycle_multipl_0_1_synth_1 to finish...
[Wed Feb 11 03:15:22 2026] Waiting for design_1_single_cycle_multipl_0_1_synth_1 to finish...
[Wed Feb 11 03:15:27 2026] Waiting for design_1_single_cycle_multipl_0_1_synth_1 to finish...
[Wed Feb 11 03:15:37 2026] Waiting for design_1_single_cycle_multipl_0_1_synth_1 to finish...
[Wed Feb 11 03:15:47 2026] Waiting for design_1_single_cycle_multipl_0_1_synth_1 to finish...
[Wed Feb 11 03:15:57 2026] Waiting for design_1_single_cycle_multipl_0_1_synth_1 to finish...
[Wed Feb 11 03:16:07 2026] Waiting for design_1_single_cycle_multipl_0_1_synth_1 to finish...

*** Running vivado
    with args -log design_1_single_cycle_multipl_0_1.vds -m64 -product Vivado -mode batch -messageDb vivado.pb -notrace -source design_1_single_cycle_multipl_0_1.tcl


****** Vivado v2023.2 (64-bit)
  **** SW Build 4029153 on Fri Oct 13 20:13:54 MDT 2023
  **** IP Build 4028589 on Sat Oct 14 00:45:43 MDT 2023
  **** SharedData Build 4025554 on Tue Oct 10 17:18:54 MDT 2023
    ** Copyright 1986-2022 Xilinx, Inc. All Rights Reserved.
    ** Copyright 2022-2023 Advanced Micro Devices, Inc. All Rights Reserved.

source design_1_single_cycle_multipl_0_1.tcl -notrace
create_project: Time (s): cpu = 00:00:05 ; elapsed = 00:00:05 . Memory (MB): peak = 1341.262 ; gain = 0.023 ; free physical = 16274 ; free virtual = 29743
INFO: [IP_Flow 19-234] Refreshing IP repositories
INFO: [IP_Flow 19-1704] No user IP repositories specified
INFO: [IP_Flow 19-2313] Loaded Vivado IP repository '/tools/Xilinx-2023.2/Vivado/2023.2/data/ip'.
INFO: [IP_Flow 19-6924] IPCACHE: Running cache check for IP inst: design_1_single_cycle_multipl_0_1
Command: synth_design -top design_1_single_cycle_multipl_0_1 -part xck26-sfvc784-2LV-c -incremental_mode off -mode out_of_context
Starting synth_design
Attempting to get a license for feature 'Synthesis' and/or device 'xck26'
INFO: [Common 17-349] Got license for feature 'Synthesis' and/or device 'xck26'
INFO: [Device 21-403] Loading part xck26-sfvc784-2LV-c
INFO: [Synth 8-7079] Multithreading enabled for synth_design using a maximum of 4 processes.
INFO: [Synth 8-7078] Launching helper process for spawning children vivado processes
INFO: [Synth 8-7075] Helper process launched with PID 3427353
---------------------------------------------------------------------------------
Starting RTL Elaboration : Time (s): cpu = 00:00:03 ; elapsed = 00:00:03 . Memory (MB): peak = 2597.891 ; gain = 286.691 ; free physical = 14762 ; free virtual = 28231
---------------------------------------------------------------------------------
INFO: [Synth 8-6157] synthesizing module 'design_1_single_cycle_multipl_0_1' [/home/jgaitan/Documents/proyecto_1_borrador/project_1/project_1.gen/sources_1/bd/design_1/ip/design_1_single_cycle_multipl_0_1/synth/design_1_single_cycle_multipl_0_1.v:53]
INFO: [Synth 8-6157] synthesizing module 'single_cycle_multiplier' [/home/jgaitan/Documents/proyecto_1_borrador/single_cycle_multiplier.v:6]
INFO: [Synth 8-6155] done synthesizing module 'single_cycle_multiplier' (0#1) [/home/jgaitan/Documents/proyecto_1_borrador/single_cycle_multiplier.v:6]
INFO: [Synth 8-6155] done synthesizing module 'design_1_single_cycle_multipl_0_1' (0#1) [/home/jgaitan/Documents/proyecto_1_borrador/project_1/project_1.gen/sources_1/bd/design_1/ip/design_1_single_cycle_multipl_0_1/synth/design_1_single_cycle_multipl_0_1.v:53]
---------------------------------------------------------------------------------
Finished RTL Elaboration : Time (s): cpu = 00:00:05 ; elapsed = 00:00:05 . Memory (MB): peak = 2674.859 ; gain = 363.660 ; free physical = 14664 ; free virtual = 28133
---------------------------------------------------------------------------------
---------------------------------------------------------------------------------
Start Handling Custom Attributes
---------------------------------------------------------------------------------
---------------------------------------------------------------------------------
Finished Handling Custom Attributes : Time (s): cpu = 00:00:05 ; elapsed = 00:00:05 . Memory (MB): peak = 2677.828 ; gain = 366.629 ; free physical = 14664 ; free virtual = 28133
---------------------------------------------------------------------------------
---------------------------------------------------------------------------------
Finished RTL Optimization Phase 1 : Time (s): cpu = 00:00:05 ; elapsed = 00:00:05 . Memory (MB): peak = 2677.828 ; gain = 366.629 ; free physical = 14664 ; free virtual = 28133
---------------------------------------------------------------------------------
Netlist sorting complete. Time (s): cpu = 00:00:00 ; elapsed = 00:00:00 . Memory (MB): peak = 2677.828 ; gain = 0.000 ; free physical = 14664 ; free virtual = 28133
INFO: [Project 1-570] Preparing netlist for logic optimization

Processing XDC Constraints
Initializing timing engine
Completed Processing XDC Constraints

Netlist sorting complete. Time (s): cpu = 00:00:00 ; elapsed = 00:00:00 . Memory (MB): peak = 2749.492 ; gain = 0.000 ; free physical = 14658 ; free virtual = 28128
INFO: [Project 1-111] Unisim Transformation Summary:
No Unisim elements were transformed.

Constraint Validation Runtime : Time (s): cpu = 00:00:00.02 ; elapsed = 00:00:00.01 . Memory (MB): peak = 2749.527 ; gain = 0.000 ; free physical = 14657 ; free virtual = 28127
INFO: [Designutils 20-5008] Incremental synthesis strategy off
---------------------------------------------------------------------------------
Finished Constraint Validation : Time (s): cpu = 00:00:09 ; elapsed = 00:00:09 . Memory (MB): peak = 2749.527 ; gain = 438.328 ; free physical = 14655 ; free virtual = 28125
---------------------------------------------------------------------------------
---------------------------------------------------------------------------------
Start Loading Part and Timing Information
---------------------------------------------------------------------------------
Loading part: xck26-sfvc784-2LV-c
INFO: [Synth 8-6742] Reading net delay rules and data
---------------------------------------------------------------------------------
Finished Loading Part and Timing Information : Time (s): cpu = 00:00:09 ; elapsed = 00:00:09 . Memory (MB): peak = 2749.527 ; gain = 438.328 ; free physical = 14655 ; free virtual = 28125
---------------------------------------------------------------------------------
---------------------------------------------------------------------------------
Start Applying 'set_property' XDC Constraints
---------------------------------------------------------------------------------
---------------------------------------------------------------------------------
Finished applying 'set_property' XDC Constraints : Time (s): cpu = 00:00:09 ; elapsed = 00:00:09 . Memory (MB): peak = 2749.527 ; gain = 438.328 ; free physical = 14655 ; free virtual = 28125
---------------------------------------------------------------------------------
---------------------------------------------------------------------------------
Finished RTL Optimization Phase 2 : Time (s): cpu = 00:00:09 ; elapsed = 00:00:10 . Memory (MB): peak = 2749.527 ; gain = 438.328 ; free physical = 14654 ; free virtual = 28125
---------------------------------------------------------------------------------
---------------------------------------------------------------------------------
Start RTL Component Statistics 
---------------------------------------------------------------------------------
Detailed RTL Component Info : 
+---Multipliers : 
	              64x64  Multipliers := 1     
---------------------------------------------------------------------------------
Finished RTL Component Statistics 
---------------------------------------------------------------------------------
---------------------------------------------------------------------------------
Start Part Resource Summary
---------------------------------------------------------------------------------
Part Resources:
DSPs: 1248 (col length:96)
BRAMs: 288 (col length: RAMB18 96 RAMB36 48)
---------------------------------------------------------------------------------
Finished Part Resource Summary
---------------------------------------------------------------------------------
---------------------------------------------------------------------------------
Start Cross Boundary and Area Optimization
---------------------------------------------------------------------------------
WARNING: [Synth 8-7080] Parallel synthesis criteria is not met
DSP Report: Generating DSP inst/product0, operation Mode is: A*B.
DSP Report: operator inst/product0 is absorbed into DSP inst/product0.
DSP Report: operator inst/product0 is absorbed into DSP inst/product0.
DSP Report: Generating DSP inst/product0, operation Mode is: (PCIN>>17)+A*B.
DSP Report: operator inst/product0 is absorbed into DSP inst/product0.
DSP Report: operator inst/product0 is absorbed into DSP inst/product0.
DSP Report: Generating DSP inst/product0, operation Mode is: PCIN+A*B.
DSP Report: operator inst/product0 is absorbed into DSP inst/product0.
DSP Report: operator inst/product0 is absorbed into DSP inst/product0.
DSP Report: Generating DSP inst/product0, operation Mode is: (PCIN>>17)+A*B.
DSP Report: operator inst/product0 is absorbed into DSP inst/product0.
DSP Report: operator inst/product0 is absorbed into DSP inst/product0.
DSP Report: Generating DSP inst/product0, operation Mode is: A*B.
DSP Report: operator inst/product0 is absorbed into DSP inst/product0.
DSP Report: operator inst/product0 is absorbed into DSP inst/product0.
DSP Report: Generating DSP inst/product0, operation Mode is: PCIN+A*B.
DSP Report: operator inst/product0 is absorbed into DSP inst/product0.
DSP Report: operator inst/product0 is absorbed into DSP inst/product0.
DSP Report: Generating DSP inst/product0, operation Mode is: (PCIN>>17)+A*B.
DSP Report: operator inst/product0 is absorbed into DSP inst/product0.
DSP Report: operator inst/product0 is absorbed into DSP inst/product0.
DSP Report: Generating DSP inst/product0, operation Mode is: PCIN+A*B.
DSP Report: operator inst/product0 is absorbed into DSP inst/product0.
DSP Report: operator inst/product0 is absorbed into DSP inst/product0.
DSP Report: Generating DSP inst/product0, operation Mode is: A*B.
DSP Report: operator inst/product0 is absorbed into DSP inst/product0.
DSP Report: operator inst/product0 is absorbed into DSP inst/product0.
DSP Report: Generating DSP inst/product0, operation Mode is: PCIN+A*B.
DSP Report: operator inst/product0 is absorbed into DSP inst/product0.
DSP Report: operator inst/product0 is absorbed into DSP inst/product0.
DSP Report: Generating DSP inst/product0, operation Mode is: (PCIN>>17)+A*B.
DSP Report: operator inst/product0 is absorbed into DSP inst/product0.
DSP Report: operator inst/product0 is absorbed into DSP inst/product0.
DSP Report: Generating DSP inst/product0, operation Mode is: PCIN+A*B.
DSP Report: operator inst/product0 is absorbed into DSP inst/product0.
DSP Report: operator inst/product0 is absorbed into DSP inst/product0.
DSP Report: Generating DSP inst/product0, operation Mode is: A*B.
DSP Report: operator inst/product0 is absorbed into DSP inst/product0.
DSP Report: operator inst/product0 is absorbed into DSP inst/product0.
DSP Report: Generating DSP inst/product0, operation Mode is: (PCIN>>17)+A*B.
DSP Report: operator inst/product0 is absorbed into DSP inst/product0.
DSP Report: operator inst/product0 is absorbed into DSP inst/product0.
DSP Report: Generating DSP inst/product0, operation Mode is: PCIN+A*B.
DSP Report: operator inst/product0 is absorbed into DSP inst/product0.
DSP Report: operator inst/product0 is absorbed into DSP inst/product0.
DSP Report: Generating DSP inst/product0, operation Mode is: (PCIN>>17)+A*B.
DSP Report: operator inst/product0 is absorbed into DSP inst/product0.
DSP Report: operator inst/product0 is absorbed into DSP inst/product0.
---------------------------------------------------------------------------------
Finished Cross Boundary and Area Optimization : Time (s): cpu = 00:00:12 ; elapsed = 00:00:12 . Memory (MB): peak = 2749.527 ; gain = 438.328 ; free physical = 14655 ; free virtual = 28126
---------------------------------------------------------------------------------
 Sort Area is  inst/product0_0 : 0 0 : 3101 12442 : Used 1 time 0
 Sort Area is  inst/product0_0 : 0 1 : 3120 12442 : Used 1 time 0
 Sort Area is  inst/product0_0 : 0 2 : 3101 12442 : Used 1 time 0
 Sort Area is  inst/product0_0 : 0 3 : 3120 12442 : Used 1 time 0
 Sort Area is  inst/product0_4 : 0 0 : 3101 11782 : Used 1 time 0
 Sort Area is  inst/product0_4 : 0 1 : 3101 11782 : Used 1 time 0
 Sort Area is  inst/product0_4 : 0 2 : 2479 11782 : Used 1 time 0
 Sort Area is  inst/product0_4 : 0 3 : 3101 11782 : Used 1 time 0
 Sort Area is  inst/product0_6 : 0 0 : 3101 11141 : Used 1 time 0
 Sort Area is  inst/product0_6 : 0 1 : 2460 11141 : Used 1 time 0
 Sort Area is  inst/product0_6 : 0 2 : 2479 11141 : Used 1 time 0
 Sort Area is  inst/product0_6 : 0 3 : 3101 11141 : Used 1 time 0
 Sort Area is  inst/product0_8 : 0 0 : 2460 9675 : Used 1 time 0
 Sort Area is  inst/product0_8 : 0 1 : 2479 9675 : Used 1 time 0
 Sort Area is  inst/product0_8 : 0 2 : 2460 9675 : Used 1 time 0
 Sort Area is  inst/product0_8 : 0 3 : 2276 9675 : Used 1 time 0
---------------------------------------------------------------------------------
Start ROM, RAM, DSP, Shift Register and Retiming Reporting
---------------------------------------------------------------------------------

DSP: Preliminary Mapping Report (see note below. The ' indicates corresponding REG is set)
+----------------------------------+----------------+--------+--------+--------+--------+--------+------+------+------+------+-------+------+------+
|Module Name                       | DSP Mapping    | A Size | B Size | C Size | D Size | P Size | AREG | BREG | CREG | DREG | ADREG | MREG | PREG | 
+----------------------------------+----------------+--------+--------+--------+--------+--------+------+------+------+------+-------+------+------+
|design_1_single_cycle_multipl_0_1 | A*B            | 18     | 14     | -      | -      | 48     | 0    | 0    | -    | -    | -     | 0    | 0    | 
|design_1_single_cycle_multipl_0_1 | (PCIN>>17)+A*B | 18     | 14     | -      | -      | 48     | 0    | 0    | -    | -    | -     | 0    | 0    | 
|design_1_single_cycle_multipl_0_1 | PCIN+A*B       | 18     | 14     | -      | -      | 48     | 0    | 0    | -    | -    | -     | 0    | 0    | 
|design_1_single_cycle_multipl_0_1 | (PCIN>>17)+A*B | 14     | 14     | -      | -      | 48     | 0    | 0    | -    | -    | -     | 0    | 0    | 
|design_1_single_cycle_multipl_0_1 | A*B            | 18     | 18     | -      | -      | 48     | 0    | 0    | -    | -    | -     | 0    | 0    | 
|design_1_single_cycle_multipl_0_1 | PCIN+A*B       | 18     | 14     | -      | -      | 48     | 0    | 0    | -    | -    | -     | 0    | 0    | 
|design_1_single_cycle_multipl_0_1 | (PCIN>>17)+A*B | 18     | 14     | -      | -      | 48     | 0    | 0    | -    | -    | -     | 0    | 0    | 
|design_1_single_cycle_multipl_0_1 | PCIN+A*B       | 18     | 18     | -      | -      | 48     | 0    | 0    | -    | -    | -     | 0    | 0    | 
|design_1_single_cycle_multipl_0_1 | A*B            | 18     | 18     | -      | -      | 48     | 0    | 0    | -    | -    | -     | 0    | 0    | 
|design_1_single_cycle_multipl_0_1 | PCIN+A*B       | 18     | 18     | -      | -      | 48     | 0    | 0    | -    | -    | -     | 0    | 0    | 
|design_1_single_cycle_multipl_0_1 | (PCIN>>17)+A*B | 18     | 14     | -      | -      | 48     | 0    | 0    | -    | -    | -     | 0    | 0    | 
|design_1_single_cycle_multipl_0_1 | PCIN+A*B       | 18     | 18     | -      | -      | 48     | 0    | 0    | -    | -    | -     | 0    | 0    | 
|design_1_single_cycle_multipl_0_1 | A*B            | 18     | 18     | -      | -      | 48     | 0    | 0    | -    | -    | -     | 0    | 0    | 
|design_1_single_cycle_multipl_0_1 | (PCIN>>17)+A*B | 18     | 18     | -      | -      | 48     | 0    | 0    | -    | -    | -     | 0    | 0    | 
|design_1_single_cycle_multipl_0_1 | PCIN+A*B       | 18     | 18     | -      | -      | 48     | 0    | 0    | -    | -    | -     | 0    | 0    | 
|design_1_single_cycle_multipl_0_1 | (PCIN>>17)+A*B | 18     | 18     | -      | -      | 48     | 0    | 0    | -    | -    | -     | 0    | 0    | 
+----------------------------------+----------------+--------+--------+--------+--------+--------+------+------+------+------+-------+------+------+

Note: The table above is a preliminary report that shows the DSPs inferred at the current stage of the synthesis flow. Some DSP may be reimplemented as non DSP primitives later in the synthesis flow. Multiple instantiated DSPs are reported only once.
---------------------------------------------------------------------------------
Finished ROM, RAM, DSP, Shift Register and Retiming Reporting
---------------------------------------------------------------------------------
---------------------------------------------------------------------------------
Start Applying XDC Timing Constraints
---------------------------------------------------------------------------------
---------------------------------------------------------------------------------
Finished Applying XDC Timing Constraints : Time (s): cpu = 00:00:18 ; elapsed = 00:00:19 . Memory (MB): peak = 3269.688 ; gain = 958.488 ; free physical = 14217 ; free virtual = 27688
---------------------------------------------------------------------------------
---------------------------------------------------------------------------------
Start Timing Optimization
---------------------------------------------------------------------------------
---------------------------------------------------------------------------------
Finished Timing Optimization : Time (s): cpu = 00:00:18 ; elapsed = 00:00:19 . Memory (MB): peak = 3269.688 ; gain = 958.488 ; free physical = 14215 ; free virtual = 27686
---------------------------------------------------------------------------------
---------------------------------------------------------------------------------
Start Technology Mapping
---------------------------------------------------------------------------------
---------------------------------------------------------------------------------
Finished Technology Mapping : Time (s): cpu = 00:00:18 ; elapsed = 00:00:19 . Memory (MB): peak = 3269.688 ; gain = 958.488 ; free physical = 14205 ; free virtual = 27676
---------------------------------------------------------------------------------
---------------------------------------------------------------------------------
Start IO Insertion
---------------------------------------------------------------------------------
---------------------------------------------------------------------------------
Start Flattening Before IO Insertion
---------------------------------------------------------------------------------
---------------------------------------------------------------------------------
Finished Flattening Before IO Insertion
---------------------------------------------------------------------------------
---------------------------------------------------------------------------------
Start Final Netlist Cleanup
---------------------------------------------------------------------------------
---------------------------------------------------------------------------------
Finished Final Netlist Cleanup
---------------------------------------------------------------------------------
---------------------------------------------------------------------------------
Finished IO Insertion : Time (s): cpu = 00:00:22 ; elapsed = 00:00:22 . Memory (MB): peak = 3280.594 ; gain = 969.395 ; free physical = 14204 ; free virtual = 27675
---------------------------------------------------------------------------------
---------------------------------------------------------------------------------
Start Renaming Generated Instances
---------------------------------------------------------------------------------
---------------------------------------------------------------------------------
Finished Renaming Generated Instances : Time (s): cpu = 00:00:22 ; elapsed = 00:00:22 . Memory (MB): peak = 3280.594 ; gain = 969.395 ; free physical = 14204 ; free virtual = 27675
---------------------------------------------------------------------------------
---------------------------------------------------------------------------------
Start Rebuilding User Hierarchy
---------------------------------------------------------------------------------
---------------------------------------------------------------------------------
Finished Rebuilding User Hierarchy : Time (s): cpu = 00:00:22 ; elapsed = 00:00:22 . Memory (MB): peak = 3280.594 ; gain = 969.395 ; free physical = 14204 ; free virtual = 27675
---------------------------------------------------------------------------------
---------------------------------------------------------------------------------
Start Renaming Generated Ports
---------------------------------------------------------------------------------
---------------------------------------------------------------------------------
Finished Renaming Generated Ports : Time (s): cpu = 00:00:22 ; elapsed = 00:00:22 . Memory (MB): peak = 3280.594 ; gain = 969.395 ; free physical = 14204 ; free virtual = 27675
---------------------------------------------------------------------------------
---------------------------------------------------------------------------------
Start Handling Custom Attributes
---------------------------------------------------------------------------------
---------------------------------------------------------------------------------
Finished Handling Custom Attributes : Time (s): cpu = 00:00:22 ; elapsed = 00:00:22 . Memory (MB): peak = 3280.594 ; gain = 969.395 ; free physical = 14204 ; free virtual = 27675
---------------------------------------------------------------------------------
---------------------------------------------------------------------------------
Start Renaming Generated Nets
---------------------------------------------------------------------------------
---------------------------------------------------------------------------------
Finished Renaming Generated Nets : Time (s): cpu = 00:00:22 ; elapsed = 00:00:22 . Memory (MB): peak = 3280.594 ; gain = 969.395 ; free physical = 14204 ; free virtual = 27675
---------------------------------------------------------------------------------
---------------------------------------------------------------------------------
Start Writing Synthesis Report
---------------------------------------------------------------------------------

DSP Final Report (the ' indicates corresponding REG is set)
+----------------------------------+--------------+--------+--------+--------+--------+--------+------+------+------+------+-------+------+------+
|Module Name                       | DSP Mapping  | A Size | B Size | C Size | D Size | P Size | AREG | BREG | CREG | DREG | ADREG | MREG | PREG | 
+----------------------------------+--------------+--------+--------+--------+--------+--------+------+------+------+------+-------+------+------+
|design_1_single_cycle_multipl_0_1 | A*B          | 17     | 13     | -      | -      | 48     | 0    | 0    | -    | -    | -     | 0    | 0    | 
|design_1_single_cycle_multipl_0_1 | PCIN>>17+A*B | 17     | 13     | -      | -      | 48     | 0    | 0    | -    | -    | -     | 0    | 0    | 
|design_1_single_cycle_multipl_0_1 | PCIN+A*B     | 17     | 13     | -      | -      | 48     | 0    | 0    | -    | -    | -     | 0    | 0    | 
|design_1_single_cycle_multipl_0_1 | PCIN>>17+A*B | 13     | 13     | -      | -      | 48     | 0    | 0    | -    | -    | -     | 0    | 0    | 
|design_1_single_cycle_multipl_0_1 | A*B          | 17     | 17     | -      | -      | 48     | 0    | 0    | -    | -    | -     | 0    | 0    | 
|design_1_single_cycle_multipl_0_1 | PCIN+A*B     | 17     | 13     | -      | -      | 48     | 0    | 0    | -    | -    | -     | 0    | 0    | 
|design_1_single_cycle_multipl_0_1 | PCIN>>17+A*B | 17     | 13     | -      | -      | 48     | 0    | 0    | -    | -    | -     | 0    | 0    | 
|design_1_single_cycle_multipl_0_1 | PCIN+A*B     | 17     | 17     | -      | -      | 48     | 0    | 0    | -    | -    | -     | 0    | 0    | 
|design_1_single_cycle_multipl_0_1 | A*B          | 17     | 17     | -      | -      | 48     | 0    | 0    | -    | -    | -     | 0    | 0    | 
|design_1_single_cycle_multipl_0_1 | PCIN+A*B     | 17     | 17     | -      | -      | 48     | 0    | 0    | -    | -    | -     | 0    | 0    | 
|design_1_single_cycle_multipl_0_1 | PCIN>>17+A*B | 17     | 13     | -      | -      | 48     | 0    | 0    | -    | -    | -     | 0    | 0    | 
|design_1_single_cycle_multipl_0_1 | PCIN+A*B     | 17     | 17     | -      | -      | 48     | 0    | 0    | -    | -    | -     | 0    | 0    | 
|design_1_single_cycle_multipl_0_1 | A*B          | 17     | 17     | -      | -      | 48     | 0    | 0    | -    | -    | -     | 0    | 0    | 
|design_1_single_cycle_multipl_0_1 | PCIN>>17+A*B | 17     | 17     | -      | -      | 48     | 0    | 0    | -    | -    | -     | 0    | 0    | 
|design_1_single_cycle_multipl_0_1 | PCIN+A*B     | 17     | 17     | -      | -      | 48     | 0    | 0    | -    | -    | -     | 0    | 0    | 
|design_1_single_cycle_multipl_0_1 | PCIN>>17+A*B | 17     | 17     | -      | -      | 48     | 0    | 0    | -    | -    | -     | 0    | 0    | 
+----------------------------------+--------------+--------+--------+--------+--------+--------+------+------+------+------+-------+------+------+


Report BlackBoxes: 
+-+--------------+----------+
| |BlackBox name |Instances |
+-+--------------+----------+
+-+--------------+----------+

Report Cell Usage: 
+------+----------------+------+
|      |Cell            |Count |
+------+----------------+------+
|1     |CARRY8          |    12|
|2     |DSP_ALU         |    16|
|3     |DSP_A_B_DATA    |    16|
|4     |DSP_C_DATA      |    16|
|5     |DSP_MULTIPLIER  |    16|
|6     |DSP_M_DATA      |    16|
|7     |DSP_OUTPUT      |    16|
|8     |DSP_PREADD      |    16|
|9     |DSP_PREADD_DATA |    16|
|10    |LUT2            |    46|
|11    |LUT3            |    31|
|12    |LUT4            |    36|
|13    |LUT5            |    50|
|14    |LUT6            |    46|
+------+----------------+------+
---------------------------------------------------------------------------------
Finished Writing Synthesis Report : Time (s): cpu = 00:00:22 ; elapsed = 00:00:22 . Memory (MB): peak = 3280.594 ; gain = 969.395 ; free physical = 14204 ; free virtual = 27675
---------------------------------------------------------------------------------
Synthesis finished with 0 errors, 0 critical warnings and 1 warnings.
Synthesis Optimization Runtime : Time (s): cpu = 00:00:21 ; elapsed = 00:00:21 . Memory (MB): peak = 3280.594 ; gain = 897.695 ; free physical = 14204 ; free virtual = 27674
Synthesis Optimization Complete : Time (s): cpu = 00:00:22 ; elapsed = 00:00:22 . Memory (MB): peak = 3280.602 ; gain = 969.395 ; free physical = 14204 ; free virtual = 27674
INFO: [Project 1-571] Translating synthesized netlist
Netlist sorting complete. Time (s): cpu = 00:00:00.01 ; elapsed = 00:00:00 . Memory (MB): peak = 3288.594 ; gain = 0.000 ; free physical = 14482 ; free virtual = 27952
INFO: [Netlist 29-17] Analyzing 28 Unisim elements for replacement
INFO: [Netlist 29-28] Unisim Transformation completed in 0 CPU seconds
INFO: [Project 1-570] Preparing netlist for logic optimization
INFO: [Opt 31-138] Pushed 0 inverter(s) to 0 load pin(s).
Netlist sorting complete. Time (s): cpu = 00:00:00 ; elapsed = 00:00:00 . Memory (MB): peak = 3344.391 ; gain = 0.000 ; free physical = 14464 ; free virtual = 27935
INFO: [Project 1-111] Unisim Transformation Summary:
  A total of 16 instances were transformed.
  DSP48E2 => DSP48E2 (DSP_ALU, DSP_A_B_DATA, DSP_C_DATA, DSP_MULTIPLIER, DSP_M_DATA, DSP_OUTPUT, DSP_PREADD, DSP_PREADD_DATA): 16 instances

Synth Design complete | Checksum: de2db7aa
INFO: [Common 17-83] Releasing license: Synthesis
24 Infos, 1 Warnings, 0 Critical Warnings and 0 Errors encountered.
synth_design completed successfully
synth_design: Time (s): cpu = 00:00:29 ; elapsed = 00:00:27 . Memory (MB): peak = 3344.426 ; gain = 1958.320 ; free physical = 14464 ; free virtual = 27934
INFO: [Common 17-2834] synth_design peak Physical Memory [PSS] (MB): overall = 2866.992; main = 2558.450; forked = 384.156
INFO: [Common 17-2834] synth_design peak Virtual Memory [VSS] (MB): overall = 4251.133; main = 3344.395; forked = 981.441
Write ShapeDB Complete: Time (s): cpu = 00:00:00 ; elapsed = 00:00:00 . Memory (MB): peak = 3368.402 ; gain = 0.000 ; free physical = 14464 ; free virtual = 27934
INFO: [Common 17-1381] The checkpoint '/home/jgaitan/Documents/proyecto_1_borrador/project_1/project_1.runs/design_1_single_cycle_multipl_0_1_synth_1/design_1_single_cycle_multipl_0_1.dcp' has been generated.
INFO: [Coretcl 2-1648] Added synthesis output to IP cache for IP design_1_single_cycle_multipl_0_1, cache-ID = 948849fc39c44ae9
Write ShapeDB Complete: Time (s): cpu = 00:00:00 ; elapsed = 00:00:00 . Memory (MB): peak = 3368.402 ; gain = 0.000 ; free physical = 14461 ; free virtual = 27933
INFO: [Common 17-1381] The checkpoint '/home/jgaitan/Documents/proyecto_1_borrador/project_1/project_1.runs/design_1_single_cycle_multipl_0_1_synth_1/design_1_single_cycle_multipl_0_1.dcp' has been generated.
INFO: [runtcl-4] Executing : report_utilization -file design_1_single_cycle_multipl_0_1_utilization_synth.rpt -pb design_1_single_cycle_multipl_0_1_utilization_synth.pb
INFO: [Common 17-206] Exiting Vivado at Wed Feb 11 03:15:52 2026...
[Wed Feb 11 03:16:07 2026] design_1_single_cycle_multipl_0_1_synth_1 finished
wait_on_runs: Time (s): cpu = 00:00:03 ; elapsed = 00:00:55 . Memory (MB): peak = 10444.434 ; gain = 0.000 ; free physical = 16776 ; free virtual = 30247
launch_runs design_1_spliter_128to32_0_1_synth_1
INFO: [IP_Flow 19-6924] IPCACHE: Running cache check for IP inst: design_1_spliter_128to32_0_1
[Wed Feb 11 03:16:09 2026] Launched design_1_spliter_128to32_0_1_synth_1...
Run output will be captured here: /home/jgaitan/Documents/proyecto_1_borrador/project_1/project_1.runs/design_1_spliter_128to32_0_1_synth_1/runme.log
wait_on_run design_1_spliter_128to32_0_1_synth_1
[Wed Feb 11 03:16:09 2026] Waiting for design_1_spliter_128to32_0_1_synth_1 to finish...
[Wed Feb 11 03:16:14 2026] Waiting for design_1_spliter_128to32_0_1_synth_1 to finish...
[Wed Feb 11 03:16:19 2026] Waiting for design_1_spliter_128to32_0_1_synth_1 to finish...
[Wed Feb 11 03:16:24 2026] Waiting for design_1_spliter_128to32_0_1_synth_1 to finish...
[Wed Feb 11 03:16:34 2026] Waiting for design_1_spliter_128to32_0_1_synth_1 to finish...
[Wed Feb 11 03:16:44 2026] Waiting for design_1_spliter_128to32_0_1_synth_1 to finish...
[Wed Feb 11 03:16:54 2026] Waiting for design_1_spliter_128to32_0_1_synth_1 to finish...

*** Running vivado
    with args -log design_1_spliter_128to32_0_1.vds -m64 -product Vivado -mode batch -messageDb vivado.pb -notrace -source design_1_spliter_128to32_0_1.tcl


****** Vivado v2023.2 (64-bit)
  **** SW Build 4029153 on Fri Oct 13 20:13:54 MDT 2023
  **** IP Build 4028589 on Sat Oct 14 00:45:43 MDT 2023
  **** SharedData Build 4025554 on Tue Oct 10 17:18:54 MDT 2023
    ** Copyright 1986-2022 Xilinx, Inc. All Rights Reserved.
    ** Copyright 2022-2023 Advanced Micro Devices, Inc. All Rights Reserved.

source design_1_spliter_128to32_0_1.tcl -notrace
create_project: Time (s): cpu = 00:00:05 ; elapsed = 00:00:05 . Memory (MB): peak = 1342.746 ; gain = 0.023 ; free physical = 16285 ; free virtual = 29756
INFO: [IP_Flow 19-234] Refreshing IP repositories
INFO: [IP_Flow 19-1704] No user IP repositories specified
INFO: [IP_Flow 19-2313] Loaded Vivado IP repository '/tools/Xilinx-2023.2/Vivado/2023.2/data/ip'.
INFO: [IP_Flow 19-6924] IPCACHE: Running cache check for IP inst: design_1_spliter_128to32_0_1
Command: synth_design -top design_1_spliter_128to32_0_1 -part xck26-sfvc784-2LV-c -incremental_mode off -mode out_of_context
Starting synth_design
Attempting to get a license for feature 'Synthesis' and/or device 'xck26'
INFO: [Common 17-349] Got license for feature 'Synthesis' and/or device 'xck26'
INFO: [Device 21-403] Loading part xck26-sfvc784-2LV-c
INFO: [Synth 8-7079] Multithreading enabled for synth_design using a maximum of 4 processes.
INFO: [Synth 8-7078] Launching helper process for spawning children vivado processes
INFO: [Synth 8-7075] Helper process launched with PID 3428506
---------------------------------------------------------------------------------
Starting RTL Elaboration : Time (s): cpu = 00:00:03 ; elapsed = 00:00:03 . Memory (MB): peak = 2597.195 ; gain = 285.691 ; free physical = 14777 ; free virtual = 28248
---------------------------------------------------------------------------------
INFO: [Synth 8-6157] synthesizing module 'design_1_spliter_128to32_0_1' [/home/jgaitan/Documents/proyecto_1_borrador/project_1/project_1.gen/sources_1/bd/design_1/ip/design_1_spliter_128to32_0_1/synth/design_1_spliter_128to32_0_1.v:53]
INFO: [Synth 8-6157] synthesizing module 'spliter_128to32' [/home/jgaitan/Documents/proyecto_1_borrador/128to32_spliter.v:5]
INFO: [Synth 8-6155] done synthesizing module 'spliter_128to32' (0#1) [/home/jgaitan/Documents/proyecto_1_borrador/128to32_spliter.v:5]
INFO: [Synth 8-6155] done synthesizing module 'design_1_spliter_128to32_0_1' (0#1) [/home/jgaitan/Documents/proyecto_1_borrador/project_1/project_1.gen/sources_1/bd/design_1/ip/design_1_spliter_128to32_0_1/synth/design_1_spliter_128to32_0_1.v:53]
---------------------------------------------------------------------------------
Finished RTL Elaboration : Time (s): cpu = 00:00:04 ; elapsed = 00:00:05 . Memory (MB): peak = 2675.164 ; gain = 363.660 ; free physical = 14676 ; free virtual = 28148
---------------------------------------------------------------------------------
---------------------------------------------------------------------------------
Start Handling Custom Attributes
---------------------------------------------------------------------------------
---------------------------------------------------------------------------------
Finished Handling Custom Attributes : Time (s): cpu = 00:00:04 ; elapsed = 00:00:05 . Memory (MB): peak = 2678.133 ; gain = 366.629 ; free physical = 14676 ; free virtual = 28148
---------------------------------------------------------------------------------
---------------------------------------------------------------------------------
Finished RTL Optimization Phase 1 : Time (s): cpu = 00:00:04 ; elapsed = 00:00:05 . Memory (MB): peak = 2678.133 ; gain = 366.629 ; free physical = 14676 ; free virtual = 28148
---------------------------------------------------------------------------------
Netlist sorting complete. Time (s): cpu = 00:00:00 ; elapsed = 00:00:00 . Memory (MB): peak = 2678.133 ; gain = 0.000 ; free physical = 14676 ; free virtual = 28148
INFO: [Project 1-570] Preparing netlist for logic optimization

Processing XDC Constraints
Initializing timing engine
Completed Processing XDC Constraints

Netlist sorting complete. Time (s): cpu = 00:00:00 ; elapsed = 00:00:00 . Memory (MB): peak = 2749.797 ; gain = 0.000 ; free physical = 14670 ; free virtual = 28142
INFO: [Project 1-111] Unisim Transformation Summary:
No Unisim elements were transformed.

Constraint Validation Runtime : Time (s): cpu = 00:00:00.01 ; elapsed = 00:00:00.01 . Memory (MB): peak = 2749.832 ; gain = 0.000 ; free physical = 14670 ; free virtual = 28142
INFO: [Designutils 20-5008] Incremental synthesis strategy off
---------------------------------------------------------------------------------
Finished Constraint Validation : Time (s): cpu = 00:00:09 ; elapsed = 00:00:09 . Memory (MB): peak = 2749.832 ; gain = 438.328 ; free physical = 14669 ; free virtual = 28141
---------------------------------------------------------------------------------
---------------------------------------------------------------------------------
Start Loading Part and Timing Information
---------------------------------------------------------------------------------
Loading part: xck26-sfvc784-2LV-c
INFO: [Synth 8-6742] Reading net delay rules and data
---------------------------------------------------------------------------------
Finished Loading Part and Timing Information : Time (s): cpu = 00:00:09 ; elapsed = 00:00:09 . Memory (MB): peak = 2749.832 ; gain = 438.328 ; free physical = 14669 ; free virtual = 28141
---------------------------------------------------------------------------------
---------------------------------------------------------------------------------
Start Applying 'set_property' XDC Constraints
---------------------------------------------------------------------------------
---------------------------------------------------------------------------------
Finished applying 'set_property' XDC Constraints : Time (s): cpu = 00:00:09 ; elapsed = 00:00:09 . Memory (MB): peak = 2749.832 ; gain = 438.328 ; free physical = 14669 ; free virtual = 28141
---------------------------------------------------------------------------------
---------------------------------------------------------------------------------
Finished RTL Optimization Phase 2 : Time (s): cpu = 00:00:09 ; elapsed = 00:00:09 . Memory (MB): peak = 2749.832 ; gain = 438.328 ; free physical = 14668 ; free virtual = 28142
---------------------------------------------------------------------------------
---------------------------------------------------------------------------------
Start RTL Component Statistics 
---------------------------------------------------------------------------------
Detailed RTL Component Info : 
---------------------------------------------------------------------------------
Finished RTL Component Statistics 
---------------------------------------------------------------------------------
---------------------------------------------------------------------------------
Start Part Resource Summary
---------------------------------------------------------------------------------
Part Resources:
DSPs: 1248 (col length:96)
BRAMs: 288 (col length: RAMB18 96 RAMB36 48)
---------------------------------------------------------------------------------
Finished Part Resource Summary
---------------------------------------------------------------------------------
---------------------------------------------------------------------------------
Start Cross Boundary and Area Optimization
---------------------------------------------------------------------------------
WARNING: [Synth 8-7080] Parallel synthesis criteria is not met
WARNING: [Synth 8-3330] design design_1_spliter_128to32_0_1 has an empty top module
---------------------------------------------------------------------------------
Finished Cross Boundary and Area Optimization : Time (s): cpu = 00:00:10 ; elapsed = 00:00:10 . Memory (MB): peak = 2749.832 ; gain = 438.328 ; free physical = 14669 ; free virtual = 28142
---------------------------------------------------------------------------------
---------------------------------------------------------------------------------
Start Applying XDC Timing Constraints
---------------------------------------------------------------------------------
---------------------------------------------------------------------------------
Finished Applying XDC Timing Constraints : Time (s): cpu = 00:00:17 ; elapsed = 00:00:17 . Memory (MB): peak = 3225.195 ; gain = 913.691 ; free physical = 14242 ; free virtual = 27715
---------------------------------------------------------------------------------
---------------------------------------------------------------------------------
Start Timing Optimization
---------------------------------------------------------------------------------
---------------------------------------------------------------------------------
Finished Timing Optimization : Time (s): cpu = 00:00:17 ; elapsed = 00:00:17 . Memory (MB): peak = 3225.195 ; gain = 913.691 ; free physical = 14242 ; free virtual = 27715
---------------------------------------------------------------------------------
---------------------------------------------------------------------------------
Start Technology Mapping
---------------------------------------------------------------------------------
---------------------------------------------------------------------------------
Finished Technology Mapping : Time (s): cpu = 00:00:17 ; elapsed = 00:00:17 . Memory (MB): peak = 3234.211 ; gain = 922.707 ; free physical = 14234 ; free virtual = 27707
---------------------------------------------------------------------------------
---------------------------------------------------------------------------------
Start IO Insertion
---------------------------------------------------------------------------------
---------------------------------------------------------------------------------
Start Flattening Before IO Insertion
---------------------------------------------------------------------------------
---------------------------------------------------------------------------------
Finished Flattening Before IO Insertion
---------------------------------------------------------------------------------
---------------------------------------------------------------------------------
Start Final Netlist Cleanup
---------------------------------------------------------------------------------
---------------------------------------------------------------------------------
Finished Final Netlist Cleanup
---------------------------------------------------------------------------------
---------------------------------------------------------------------------------
Finished IO Insertion : Time (s): cpu = 00:00:20 ; elapsed = 00:00:20 . Memory (MB): peak = 3250.055 ; gain = 938.551 ; free physical = 14233 ; free virtual = 27707
---------------------------------------------------------------------------------
---------------------------------------------------------------------------------
Start Renaming Generated Instances
---------------------------------------------------------------------------------
---------------------------------------------------------------------------------
Finished Renaming Generated Instances : Time (s): cpu = 00:00:20 ; elapsed = 00:00:20 . Memory (MB): peak = 3250.055 ; gain = 938.551 ; free physical = 14233 ; free virtual = 27707
---------------------------------------------------------------------------------
---------------------------------------------------------------------------------
Start Rebuilding User Hierarchy
---------------------------------------------------------------------------------
---------------------------------------------------------------------------------
Finished Rebuilding User Hierarchy : Time (s): cpu = 00:00:20 ; elapsed = 00:00:20 . Memory (MB): peak = 3250.055 ; gain = 938.551 ; free physical = 14233 ; free virtual = 27707
---------------------------------------------------------------------------------
---------------------------------------------------------------------------------
Start Renaming Generated Ports
---------------------------------------------------------------------------------
---------------------------------------------------------------------------------
Finished Renaming Generated Ports : Time (s): cpu = 00:00:20 ; elapsed = 00:00:20 . Memory (MB): peak = 3250.055 ; gain = 938.551 ; free physical = 14233 ; free virtual = 27707
---------------------------------------------------------------------------------
---------------------------------------------------------------------------------
Start Handling Custom Attributes
---------------------------------------------------------------------------------
---------------------------------------------------------------------------------
Finished Handling Custom Attributes : Time (s): cpu = 00:00:20 ; elapsed = 00:00:20 . Memory (MB): peak = 3250.055 ; gain = 938.551 ; free physical = 14233 ; free virtual = 27707
---------------------------------------------------------------------------------
---------------------------------------------------------------------------------
Start Renaming Generated Nets
---------------------------------------------------------------------------------
---------------------------------------------------------------------------------
Finished Renaming Generated Nets : Time (s): cpu = 00:00:20 ; elapsed = 00:00:20 . Memory (MB): peak = 3250.055 ; gain = 938.551 ; free physical = 14233 ; free virtual = 27707
---------------------------------------------------------------------------------
---------------------------------------------------------------------------------
Start Writing Synthesis Report
---------------------------------------------------------------------------------

Report BlackBoxes: 
+-+--------------+----------+
| |BlackBox name |Instances |
+-+--------------+----------+
+-+--------------+----------+

Report Cell Usage: 
+-+-----+------+
| |Cell |Count |
+-+-----+------+
+-+-----+------+
---------------------------------------------------------------------------------
Finished Writing Synthesis Report : Time (s): cpu = 00:00:20 ; elapsed = 00:00:20 . Memory (MB): peak = 3250.055 ; gain = 938.551 ; free physical = 14233 ; free virtual = 27707
---------------------------------------------------------------------------------
Synthesis finished with 0 errors, 0 critical warnings and 2 warnings.
Synthesis Optimization Runtime : Time (s): cpu = 00:00:19 ; elapsed = 00:00:19 . Memory (MB): peak = 3250.055 ; gain = 866.852 ; free physical = 14233 ; free virtual = 27707
Synthesis Optimization Complete : Time (s): cpu = 00:00:20 ; elapsed = 00:00:20 . Memory (MB): peak = 3250.062 ; gain = 938.551 ; free physical = 14233 ; free virtual = 27707
INFO: [Project 1-571] Translating synthesized netlist
Netlist sorting complete. Time (s): cpu = 00:00:00 ; elapsed = 00:00:00 . Memory (MB): peak = 3250.062 ; gain = 0.000 ; free physical = 14233 ; free virtual = 27707
INFO: [Project 1-570] Preparing netlist for logic optimization
INFO: [Opt 31-138] Pushed 0 inverter(s) to 0 load pin(s).
Netlist sorting complete. Time (s): cpu = 00:00:00 ; elapsed = 00:00:00 . Memory (MB): peak = 3282.773 ; gain = 0.000 ; free physical = 14484 ; free virtual = 27957
INFO: [Project 1-111] Unisim Transformation Summary:
No Unisim elements were transformed.

Synth Design complete | Checksum: 42228f20
INFO: [Common 17-83] Releasing license: Synthesis
22 Infos, 2 Warnings, 0 Critical Warnings and 0 Errors encountered.
synth_design completed successfully
synth_design: Time (s): cpu = 00:00:26 ; elapsed = 00:00:25 . Memory (MB): peak = 3282.809 ; gain = 1898.398 ; free physical = 14491 ; free virtual = 27964
INFO: [Common 17-2834] synth_design peak Physical Memory [PSS] (MB): overall = 2826.546; main = 2517.982; forked = 385.392
INFO: [Common 17-2834] synth_design peak Virtual Memory [VSS] (MB): overall = 4215.652; main = 3282.777; forked = 981.438
INFO: [Common 17-1381] The checkpoint '/home/jgaitan/Documents/proyecto_1_borrador/project_1/project_1.runs/design_1_spliter_128to32_0_1_synth_1/design_1_spliter_128to32_0_1.dcp' has been generated.
INFO: [Coretcl 2-1648] Added synthesis output to IP cache for IP design_1_spliter_128to32_0_1, cache-ID = a7934fc4c924e39b
INFO: [Common 17-1381] The checkpoint '/home/jgaitan/Documents/proyecto_1_borrador/project_1/project_1.runs/design_1_spliter_128to32_0_1_synth_1/design_1_spliter_128to32_0_1.dcp' has been generated.
INFO: [runtcl-4] Executing : report_utilization -file design_1_spliter_128to32_0_1_utilization_synth.rpt -pb design_1_spliter_128to32_0_1_utilization_synth.pb
INFO: [Common 17-206] Exiting Vivado at Wed Feb 11 03:16:46 2026...
[Wed Feb 11 03:16:59 2026] design_1_spliter_128to32_0_1_synth_1 finished
wait_on_runs: Time (s): cpu = 00:00:03 ; elapsed = 00:00:50 . Memory (MB): peak = 10444.434 ; gain = 0.000 ; free physical = 16770 ; free virtual = 30242
launch_runs design_1_xbar_0_synth_1
INFO: [IP_Flow 19-6924] IPCACHE: Running cache check for IP inst: design_1_xbar_0
[Wed Feb 11 03:16:59 2026] Launched design_1_xbar_0_synth_1...
Run output will be captured here: /home/jgaitan/Documents/proyecto_1_borrador/project_1/project_1.runs/design_1_xbar_0_synth_1/runme.log
wait_on_run design_1_xbar_0_synth_1
[Wed Feb 11 03:17:00 2026] Waiting for design_1_xbar_0_synth_1 to finish...
[Wed Feb 11 03:17:05 2026] Waiting for design_1_xbar_0_synth_1 to finish...
[Wed Feb 11 03:17:10 2026] Waiting for design_1_xbar_0_synth_1 to finish...
[Wed Feb 11 03:17:15 2026] Waiting for design_1_xbar_0_synth_1 to finish...
[Wed Feb 11 03:17:25 2026] Waiting for design_1_xbar_0_synth_1 to finish...
[Wed Feb 11 03:17:35 2026] Waiting for design_1_xbar_0_synth_1 to finish...
[Wed Feb 11 03:17:45 2026] Waiting for design_1_xbar_0_synth_1 to finish...
[Wed Feb 11 03:17:55 2026] Waiting for design_1_xbar_0_synth_1 to finish...

*** Running vivado
    with args -log design_1_xbar_0.vds -m64 -product Vivado -mode batch -messageDb vivado.pb -notrace -source design_1_xbar_0.tcl


****** Vivado v2023.2 (64-bit)
  **** SW Build 4029153 on Fri Oct 13 20:13:54 MDT 2023
  **** IP Build 4028589 on Sat Oct 14 00:45:43 MDT 2023
  **** SharedData Build 4025554 on Tue Oct 10 17:18:54 MDT 2023
    ** Copyright 1986-2022 Xilinx, Inc. All Rights Reserved.
    ** Copyright 2022-2023 Advanced Micro Devices, Inc. All Rights Reserved.

source design_1_xbar_0.tcl -notrace
create_project: Time (s): cpu = 00:00:05 ; elapsed = 00:00:05 . Memory (MB): peak = 1343.742 ; gain = 0.023 ; free physical = 16283 ; free virtual = 29755
INFO: [IP_Flow 19-6924] IPCACHE: Running cache check for IP inst: design_1_xbar_0
Command: synth_design -top design_1_xbar_0 -part xck26-sfvc784-2LV-c -incremental_mode off -mode out_of_context
Starting synth_design
Attempting to get a license for feature 'Synthesis' and/or device 'xck26'
INFO: [Common 17-349] Got license for feature 'Synthesis' and/or device 'xck26'
INFO: [Device 21-403] Loading part xck26-sfvc784-2LV-c
INFO: [Synth 8-7079] Multithreading enabled for synth_design using a maximum of 4 processes.
INFO: [Synth 8-7078] Launching helper process for spawning children vivado processes
INFO: [Synth 8-7075] Helper process launched with PID 3429608
---------------------------------------------------------------------------------
Starting RTL Elaboration : Time (s): cpu = 00:00:04 ; elapsed = 00:00:05 . Memory (MB): peak = 2605.004 ; gain = 284.777 ; free physical = 14762 ; free virtual = 28234
---------------------------------------------------------------------------------
INFO: [Synth 8-6157] synthesizing module 'design_1_xbar_0' [/home/jgaitan/Documents/proyecto_1_borrador/project_1/project_1.gen/sources_1/bd/design_1/ip/design_1_xbar_0/synth/design_1_xbar_0.v:53]
INFO: [Synth 8-6157] synthesizing module 'axi_crossbar_v2_1_30_axi_crossbar' [/home/jgaitan/Documents/proyecto_1_borrador/project_1/project_1.gen/sources_1/bd/design_1/ipshared/fb47/hdl/axi_crossbar_v2_1_vl_rfs.v:4871]
INFO: [Synth 8-6157] synthesizing module 'axi_crossbar_v2_1_30_crossbar_sasd' [/home/jgaitan/Documents/proyecto_1_borrador/project_1/project_1.gen/sources_1/bd/design_1/ipshared/fb47/hdl/axi_crossbar_v2_1_vl_rfs.v:1234]
INFO: [Synth 8-6157] synthesizing module 'axi_crossbar_v2_1_30_addr_decoder' [/home/jgaitan/Documents/proyecto_1_borrador/project_1/project_1.gen/sources_1/bd/design_1/ipshared/fb47/hdl/axi_crossbar_v2_1_vl_rfs.v:790]
INFO: [Synth 8-6157] synthesizing module 'generic_baseblocks_v2_1_1_comparator_static' [/home/jgaitan/Documents/proyecto_1_borrador/project_1/project_1.gen/sources_1/bd/design_1/ipshared/10ab/hdl/generic_baseblocks_v2_1_vl_rfs.v:2119]
INFO: [Synth 8-6157] synthesizing module 'generic_baseblocks_v2_1_1_carry_and' [/home/jgaitan/Documents/proyecto_1_borrador/project_1/project_1.gen/sources_1/bd/design_1/ipshared/10ab/hdl/generic_baseblocks_v2_1_vl_rfs.v:60]
INFO: [Synth 8-6155] done synthesizing module 'generic_baseblocks_v2_1_1_carry_and' (0#1) [/home/jgaitan/Documents/proyecto_1_borrador/project_1/project_1.gen/sources_1/bd/design_1/ipshared/10ab/hdl/generic_baseblocks_v2_1_vl_rfs.v:60]
INFO: [Synth 8-6155] done synthesizing module 'generic_baseblocks_v2_1_1_comparator_static' (0#1) [/home/jgaitan/Documents/proyecto_1_borrador/project_1/project_1.gen/sources_1/bd/design_1/ipshared/10ab/hdl/generic_baseblocks_v2_1_vl_rfs.v:2119]
INFO: [Synth 8-6157] synthesizing module 'generic_baseblocks_v2_1_1_comparator_static__parameterized0' [/home/jgaitan/Documents/proyecto_1_borrador/project_1/project_1.gen/sources_1/bd/design_1/ipshared/10ab/hdl/generic_baseblocks_v2_1_vl_rfs.v:2119]
INFO: [Synth 8-6155] done synthesizing module 'generic_baseblocks_v2_1_1_comparator_static__parameterized0' (0#1) [/home/jgaitan/Documents/proyecto_1_borrador/project_1/project_1.gen/sources_1/bd/design_1/ipshared/10ab/hdl/generic_baseblocks_v2_1_vl_rfs.v:2119]
INFO: [Synth 8-6155] done synthesizing module 'axi_crossbar_v2_1_30_addr_decoder' (0#1) [/home/jgaitan/Documents/proyecto_1_borrador/project_1/project_1.gen/sources_1/bd/design_1/ipshared/fb47/hdl/axi_crossbar_v2_1_vl_rfs.v:790]
INFO: [Synth 8-6157] synthesizing module 'generic_baseblocks_v2_1_1_mux_enc' [/home/jgaitan/Documents/proyecto_1_borrador/project_1/project_1.gen/sources_1/bd/design_1/ipshared/10ab/hdl/generic_baseblocks_v2_1_vl_rfs.v:2436]
INFO: [Synth 8-6155] done synthesizing module 'generic_baseblocks_v2_1_1_mux_enc' (0#1) [/home/jgaitan/Documents/proyecto_1_borrador/project_1/project_1.gen/sources_1/bd/design_1/ipshared/10ab/hdl/generic_baseblocks_v2_1_vl_rfs.v:2436]
INFO: [Synth 8-6157] synthesizing module 'generic_baseblocks_v2_1_1_mux_enc__parameterized0' [/home/jgaitan/Documents/proyecto_1_borrador/project_1/project_1.gen/sources_1/bd/design_1/ipshared/10ab/hdl/generic_baseblocks_v2_1_vl_rfs.v:2436]
INFO: [Synth 8-6155] done synthesizing module 'generic_baseblocks_v2_1_1_mux_enc__parameterized0' (0#1) [/home/jgaitan/Documents/proyecto_1_borrador/project_1/project_1.gen/sources_1/bd/design_1/ipshared/10ab/hdl/generic_baseblocks_v2_1_vl_rfs.v:2436]
INFO: [Synth 8-6157] synthesizing module 'axi_crossbar_v2_1_30_decerr_slave' [/home/jgaitan/Documents/proyecto_1_borrador/project_1/project_1.gen/sources_1/bd/design_1/ipshared/fb47/hdl/axi_crossbar_v2_1_vl_rfs.v:3493]
INFO: [Synth 8-6155] done synthesizing module 'axi_crossbar_v2_1_30_decerr_slave' (0#1) [/home/jgaitan/Documents/proyecto_1_borrador/project_1/project_1.gen/sources_1/bd/design_1/ipshared/fb47/hdl/axi_crossbar_v2_1_vl_rfs.v:3493]
INFO: [Synth 8-6157] synthesizing module 'axi_crossbar_v2_1_30_addr_arbiter_sasd' [/home/jgaitan/Documents/proyecto_1_borrador/project_1/project_1.gen/sources_1/bd/design_1/ipshared/fb47/hdl/axi_crossbar_v2_1_vl_rfs.v:63]
INFO: [Synth 8-6157] synthesizing module 'generic_baseblocks_v2_1_1_mux_enc__parameterized1' [/home/jgaitan/Documents/proyecto_1_borrador/project_1/project_1.gen/sources_1/bd/design_1/ipshared/10ab/hdl/generic_baseblocks_v2_1_vl_rfs.v:2436]
INFO: [Synth 8-6155] done synthesizing module 'generic_baseblocks_v2_1_1_mux_enc__parameterized1' (0#1) [/home/jgaitan/Documents/proyecto_1_borrador/project_1/project_1.gen/sources_1/bd/design_1/ipshared/10ab/hdl/generic_baseblocks_v2_1_vl_rfs.v:2436]
INFO: [Synth 8-6155] done synthesizing module 'axi_crossbar_v2_1_30_addr_arbiter_sasd' (0#1) [/home/jgaitan/Documents/proyecto_1_borrador/project_1/project_1.gen/sources_1/bd/design_1/ipshared/fb47/hdl/axi_crossbar_v2_1_vl_rfs.v:63]
INFO: [Synth 8-6157] synthesizing module 'axi_crossbar_v2_1_30_splitter' [/home/jgaitan/Documents/proyecto_1_borrador/project_1/project_1.gen/sources_1/bd/design_1/ipshared/fb47/hdl/axi_crossbar_v2_1_vl_rfs.v:4451]
INFO: [Synth 8-6155] done synthesizing module 'axi_crossbar_v2_1_30_splitter' (0#1) [/home/jgaitan/Documents/proyecto_1_borrador/project_1/project_1.gen/sources_1/bd/design_1/ipshared/fb47/hdl/axi_crossbar_v2_1_vl_rfs.v:4451]
INFO: [Synth 8-6157] synthesizing module 'axi_crossbar_v2_1_30_splitter__parameterized0' [/home/jgaitan/Documents/proyecto_1_borrador/project_1/project_1.gen/sources_1/bd/design_1/ipshared/fb47/hdl/axi_crossbar_v2_1_vl_rfs.v:4451]
INFO: [Synth 8-6155] done synthesizing module 'axi_crossbar_v2_1_30_splitter__parameterized0' (0#1) [/home/jgaitan/Documents/proyecto_1_borrador/project_1/project_1.gen/sources_1/bd/design_1/ipshared/fb47/hdl/axi_crossbar_v2_1_vl_rfs.v:4451]
INFO: [Synth 8-6157] synthesizing module 'generic_baseblocks_v2_1_1_mux_enc__parameterized2' [/home/jgaitan/Documents/proyecto_1_borrador/project_1/project_1.gen/sources_1/bd/design_1/ipshared/10ab/hdl/generic_baseblocks_v2_1_vl_rfs.v:2436]
INFO: [Synth 8-6155] done synthesizing module 'generic_baseblocks_v2_1_1_mux_enc__parameterized2' (0#1) [/home/jgaitan/Documents/proyecto_1_borrador/project_1/project_1.gen/sources_1/bd/design_1/ipshared/10ab/hdl/generic_baseblocks_v2_1_vl_rfs.v:2436]
INFO: [Synth 8-6157] synthesizing module 'generic_baseblocks_v2_1_1_mux_enc__parameterized3' [/home/jgaitan/Documents/proyecto_1_borrador/project_1/project_1.gen/sources_1/bd/design_1/ipshared/10ab/hdl/generic_baseblocks_v2_1_vl_rfs.v:2436]
INFO: [Synth 8-6155] done synthesizing module 'generic_baseblocks_v2_1_1_mux_enc__parameterized3' (0#1) [/home/jgaitan/Documents/proyecto_1_borrador/project_1/project_1.gen/sources_1/bd/design_1/ipshared/10ab/hdl/generic_baseblocks_v2_1_vl_rfs.v:2436]
INFO: [Synth 8-6157] synthesizing module 'axi_register_slice_v2_1_29_axic_register_slice' [/home/jgaitan/Documents/proyecto_1_borrador/project_1/project_1.gen/sources_1/bd/design_1/ipshared/ff9f/hdl/axi_register_slice_v2_1_vl_rfs.v:1492]
INFO: [Synth 8-6155] done synthesizing module 'axi_register_slice_v2_1_29_axic_register_slice' (0#1) [/home/jgaitan/Documents/proyecto_1_borrador/project_1/project_1.gen/sources_1/bd/design_1/ipshared/ff9f/hdl/axi_register_slice_v2_1_vl_rfs.v:1492]
INFO: [Synth 8-6157] synthesizing module 'generic_baseblocks_v2_1_1_mux_enc__parameterized4' [/home/jgaitan/Documents/proyecto_1_borrador/project_1/project_1.gen/sources_1/bd/design_1/ipshared/10ab/hdl/generic_baseblocks_v2_1_vl_rfs.v:2436]
INFO: [Synth 8-6155] done synthesizing module 'generic_baseblocks_v2_1_1_mux_enc__parameterized4' (0#1) [/home/jgaitan/Documents/proyecto_1_borrador/project_1/project_1.gen/sources_1/bd/design_1/ipshared/10ab/hdl/generic_baseblocks_v2_1_vl_rfs.v:2436]
INFO: [Synth 8-6155] done synthesizing module 'axi_crossbar_v2_1_30_crossbar_sasd' (0#1) [/home/jgaitan/Documents/proyecto_1_borrador/project_1/project_1.gen/sources_1/bd/design_1/ipshared/fb47/hdl/axi_crossbar_v2_1_vl_rfs.v:1234]
INFO: [Synth 8-6155] done synthesizing module 'axi_crossbar_v2_1_30_axi_crossbar' (0#1) [/home/jgaitan/Documents/proyecto_1_borrador/project_1/project_1.gen/sources_1/bd/design_1/ipshared/fb47/hdl/axi_crossbar_v2_1_vl_rfs.v:4871]
INFO: [Synth 8-6155] done synthesizing module 'design_1_xbar_0' (0#1) [/home/jgaitan/Documents/proyecto_1_borrador/project_1/project_1.gen/sources_1/bd/design_1/ip/design_1_xbar_0/synth/design_1_xbar_0.v:53]
WARNING: [Synth 8-6014] Unused sequential element gen_debug_trans_seq.debug_aw_trans_seq_i_reg was removed.  [/home/jgaitan/Documents/proyecto_1_borrador/project_1/project_1.gen/sources_1/bd/design_1/ipshared/fb47/hdl/axi_crossbar_v2_1_vl_rfs.v:2051]
WARNING: [Synth 8-6014] Unused sequential element gen_debug_trans_seq.debug_ar_trans_seq_i_reg was removed.  [/home/jgaitan/Documents/proyecto_1_borrador/project_1/project_1.gen/sources_1/bd/design_1/ipshared/fb47/hdl/axi_crossbar_v2_1_vl_rfs.v:2062]
WARNING: [Synth 8-6014] Unused sequential element gen_debug_trans_seq.debug_w_beat_cnt_i_reg was removed.  [/home/jgaitan/Documents/proyecto_1_borrador/project_1/project_1.gen/sources_1/bd/design_1/ipshared/fb47/hdl/axi_crossbar_v2_1_vl_rfs.v:2073]
WARNING: [Synth 8-6014] Unused sequential element gen_debug_trans_seq.debug_r_beat_cnt_i_reg was removed.  [/home/jgaitan/Documents/proyecto_1_borrador/project_1/project_1.gen/sources_1/bd/design_1/ipshared/fb47/hdl/axi_crossbar_v2_1_vl_rfs.v:2086]
WARNING: [Synth 8-7129] Port S_AXI_AWID[0] in module axi_crossbar_v2_1_30_decerr_slave is either unconnected or has no load
WARNING: [Synth 8-7129] Port S_AXI_WLAST in module axi_crossbar_v2_1_30_decerr_slave is either unconnected or has no load
WARNING: [Synth 8-7129] Port S_AXI_ARID[0] in module axi_crossbar_v2_1_30_decerr_slave is either unconnected or has no load
WARNING: [Synth 8-7129] Port S_AXI_ARLEN[7] in module axi_crossbar_v2_1_30_decerr_slave is either unconnected or has no load
WARNING: [Synth 8-7129] Port S_AXI_ARLEN[6] in module axi_crossbar_v2_1_30_decerr_slave is either unconnected or has no load
WARNING: [Synth 8-7129] Port S_AXI_ARLEN[5] in module axi_crossbar_v2_1_30_decerr_slave is either unconnected or has no load
WARNING: [Synth 8-7129] Port S_AXI_ARLEN[4] in module axi_crossbar_v2_1_30_decerr_slave is either unconnected or has no load
WARNING: [Synth 8-7129] Port S_AXI_ARLEN[3] in module axi_crossbar_v2_1_30_decerr_slave is either unconnected or has no load
WARNING: [Synth 8-7129] Port S_AXI_ARLEN[2] in module axi_crossbar_v2_1_30_decerr_slave is either unconnected or has no load
WARNING: [Synth 8-7129] Port S_AXI_ARLEN[1] in module axi_crossbar_v2_1_30_decerr_slave is either unconnected or has no load
WARNING: [Synth 8-7129] Port S_AXI_ARLEN[0] in module axi_crossbar_v2_1_30_decerr_slave is either unconnected or has no load
WARNING: [Synth 8-7129] Port ADDR[1] in module axi_crossbar_v2_1_30_addr_decoder is either unconnected or has no load
WARNING: [Synth 8-7129] Port ADDR[0] in module axi_crossbar_v2_1_30_addr_decoder is either unconnected or has no load
WARNING: [Synth 8-7129] Port S_AXI_AWID[1] in module axi_crossbar_v2_1_30_crossbar_sasd is either unconnected or has no load
WARNING: [Synth 8-7129] Port S_AXI_AWID[0] in module axi_crossbar_v2_1_30_crossbar_sasd is either unconnected or has no load
WARNING: [Synth 8-7129] Port S_AXI_WID[1] in module axi_crossbar_v2_1_30_crossbar_sasd is either unconnected or has no load
WARNING: [Synth 8-7129] Port S_AXI_WID[0] in module axi_crossbar_v2_1_30_crossbar_sasd is either unconnected or has no load
WARNING: [Synth 8-7129] Port S_AXI_ARID[1] in module axi_crossbar_v2_1_30_crossbar_sasd is either unconnected or has no load
WARNING: [Synth 8-7129] Port S_AXI_ARID[0] in module axi_crossbar_v2_1_30_crossbar_sasd is either unconnected or has no load
WARNING: [Synth 8-7129] Port M_AXI_BID[1] in module axi_crossbar_v2_1_30_crossbar_sasd is either unconnected or has no load
WARNING: [Synth 8-7129] Port M_AXI_BID[0] in module axi_crossbar_v2_1_30_crossbar_sasd is either unconnected or has no load
WARNING: [Synth 8-7129] Port M_AXI_RID[1] in module axi_crossbar_v2_1_30_crossbar_sasd is either unconnected or has no load
WARNING: [Synth 8-7129] Port M_AXI_RID[0] in module axi_crossbar_v2_1_30_crossbar_sasd is either unconnected or has no load
WARNING: [Synth 8-7129] Port s_axi_awid[1] in module axi_crossbar_v2_1_30_axi_crossbar is either unconnected or has no load
WARNING: [Synth 8-7129] Port s_axi_awid[0] in module axi_crossbar_v2_1_30_axi_crossbar is either unconnected or has no load
WARNING: [Synth 8-7129] Port s_axi_awlen[15] in module axi_crossbar_v2_1_30_axi_crossbar is either unconnected or has no load
WARNING: [Synth 8-7129] Port s_axi_awlen[14] in module axi_crossbar_v2_1_30_axi_crossbar is either unconnected or has no load
WARNING: [Synth 8-7129] Port s_axi_awlen[13] in module axi_crossbar_v2_1_30_axi_crossbar is either unconnected or has no load
WARNING: [Synth 8-7129] Port s_axi_awlen[12] in module axi_crossbar_v2_1_30_axi_crossbar is either unconnected or has no load
WARNING: [Synth 8-7129] Port s_axi_awlen[11] in module axi_crossbar_v2_1_30_axi_crossbar is either unconnected or has no load
WARNING: [Synth 8-7129] Port s_axi_awlen[10] in module axi_crossbar_v2_1_30_axi_crossbar is either unconnected or has no load
WARNING: [Synth 8-7129] Port s_axi_awlen[9] in module axi_crossbar_v2_1_30_axi_crossbar is either unconnected or has no load
WARNING: [Synth 8-7129] Port s_axi_awlen[8] in module axi_crossbar_v2_1_30_axi_crossbar is either unconnected or has no load
WARNING: [Synth 8-7129] Port s_axi_awlen[7] in module axi_crossbar_v2_1_30_axi_crossbar is either unconnected or has no load
WARNING: [Synth 8-7129] Port s_axi_awlen[6] in module axi_crossbar_v2_1_30_axi_crossbar is either unconnected or has no load
WARNING: [Synth 8-7129] Port s_axi_awlen[5] in module axi_crossbar_v2_1_30_axi_crossbar is either unconnected or has no load
WARNING: [Synth 8-7129] Port s_axi_awlen[4] in module axi_crossbar_v2_1_30_axi_crossbar is either unconnected or has no load
WARNING: [Synth 8-7129] Port s_axi_awlen[3] in module axi_crossbar_v2_1_30_axi_crossbar is either unconnected or has no load
WARNING: [Synth 8-7129] Port s_axi_awlen[2] in module axi_crossbar_v2_1_30_axi_crossbar is either unconnected or has no load
WARNING: [Synth 8-7129] Port s_axi_awlen[1] in module axi_crossbar_v2_1_30_axi_crossbar is either unconnected or has no load
WARNING: [Synth 8-7129] Port s_axi_awlen[0] in module axi_crossbar_v2_1_30_axi_crossbar is either unconnected or has no load
WARNING: [Synth 8-7129] Port s_axi_awsize[5] in module axi_crossbar_v2_1_30_axi_crossbar is either unconnected or has no load
WARNING: [Synth 8-7129] Port s_axi_awsize[4] in module axi_crossbar_v2_1_30_axi_crossbar is either unconnected or has no load
WARNING: [Synth 8-7129] Port s_axi_awsize[3] in module axi_crossbar_v2_1_30_axi_crossbar is either unconnected or has no load
WARNING: [Synth 8-7129] Port s_axi_awsize[2] in module axi_crossbar_v2_1_30_axi_crossbar is either unconnected or has no load
WARNING: [Synth 8-7129] Port s_axi_awsize[1] in module axi_crossbar_v2_1_30_axi_crossbar is either unconnected or has no load
WARNING: [Synth 8-7129] Port s_axi_awsize[0] in module axi_crossbar_v2_1_30_axi_crossbar is either unconnected or has no load
WARNING: [Synth 8-7129] Port s_axi_awburst[3] in module axi_crossbar_v2_1_30_axi_crossbar is either unconnected or has no load
WARNING: [Synth 8-7129] Port s_axi_awburst[2] in module axi_crossbar_v2_1_30_axi_crossbar is either unconnected or has no load
WARNING: [Synth 8-7129] Port s_axi_awburst[1] in module axi_crossbar_v2_1_30_axi_crossbar is either unconnected or has no load
WARNING: [Synth 8-7129] Port s_axi_awburst[0] in module axi_crossbar_v2_1_30_axi_crossbar is either unconnected or has no load
WARNING: [Synth 8-7129] Port s_axi_awlock[1] in module axi_crossbar_v2_1_30_axi_crossbar is either unconnected or has no load
WARNING: [Synth 8-7129] Port s_axi_awlock[0] in module axi_crossbar_v2_1_30_axi_crossbar is either unconnected or has no load
WARNING: [Synth 8-7129] Port s_axi_awcache[7] in module axi_crossbar_v2_1_30_axi_crossbar is either unconnected or has no load
WARNING: [Synth 8-7129] Port s_axi_awcache[6] in module axi_crossbar_v2_1_30_axi_crossbar is either unconnected or has no load
WARNING: [Synth 8-7129] Port s_axi_awcache[5] in module axi_crossbar_v2_1_30_axi_crossbar is either unconnected or has no load
WARNING: [Synth 8-7129] Port s_axi_awcache[4] in module axi_crossbar_v2_1_30_axi_crossbar is either unconnected or has no load
WARNING: [Synth 8-7129] Port s_axi_awcache[3] in module axi_crossbar_v2_1_30_axi_crossbar is either unconnected or has no load
WARNING: [Synth 8-7129] Port s_axi_awcache[2] in module axi_crossbar_v2_1_30_axi_crossbar is either unconnected or has no load
WARNING: [Synth 8-7129] Port s_axi_awcache[1] in module axi_crossbar_v2_1_30_axi_crossbar is either unconnected or has no load
WARNING: [Synth 8-7129] Port s_axi_awcache[0] in module axi_crossbar_v2_1_30_axi_crossbar is either unconnected or has no load
WARNING: [Synth 8-7129] Port s_axi_awqos[7] in module axi_crossbar_v2_1_30_axi_crossbar is either unconnected or has no load
WARNING: [Synth 8-7129] Port s_axi_awqos[6] in module axi_crossbar_v2_1_30_axi_crossbar is either unconnected or has no load
WARNING: [Synth 8-7129] Port s_axi_awqos[5] in module axi_crossbar_v2_1_30_axi_crossbar is either unconnected or has no load
WARNING: [Synth 8-7129] Port s_axi_awqos[4] in module axi_crossbar_v2_1_30_axi_crossbar is either unconnected or has no load
WARNING: [Synth 8-7129] Port s_axi_awqos[3] in module axi_crossbar_v2_1_30_axi_crossbar is either unconnected or has no load
WARNING: [Synth 8-7129] Port s_axi_awqos[2] in module axi_crossbar_v2_1_30_axi_crossbar is either unconnected or has no load
WARNING: [Synth 8-7129] Port s_axi_awqos[1] in module axi_crossbar_v2_1_30_axi_crossbar is either unconnected or has no load
WARNING: [Synth 8-7129] Port s_axi_awqos[0] in module axi_crossbar_v2_1_30_axi_crossbar is either unconnected or has no load
WARNING: [Synth 8-7129] Port s_axi_awuser[1] in module axi_crossbar_v2_1_30_axi_crossbar is either unconnected or has no load
WARNING: [Synth 8-7129] Port s_axi_awuser[0] in module axi_crossbar_v2_1_30_axi_crossbar is either unconnected or has no load
WARNING: [Synth 8-7129] Port s_axi_wid[1] in module axi_crossbar_v2_1_30_axi_crossbar is either unconnected or has no load
WARNING: [Synth 8-7129] Port s_axi_wid[0] in module axi_crossbar_v2_1_30_axi_crossbar is either unconnected or has no load
WARNING: [Synth 8-7129] Port s_axi_wlast[1] in module axi_crossbar_v2_1_30_axi_crossbar is either unconnected or has no load
WARNING: [Synth 8-7129] Port s_axi_wlast[0] in module axi_crossbar_v2_1_30_axi_crossbar is either unconnected or has no load
WARNING: [Synth 8-7129] Port s_axi_wuser[1] in module axi_crossbar_v2_1_30_axi_crossbar is either unconnected or has no load
WARNING: [Synth 8-7129] Port s_axi_wuser[0] in module axi_crossbar_v2_1_30_axi_crossbar is either unconnected or has no load
WARNING: [Synth 8-7129] Port s_axi_arid[1] in module axi_crossbar_v2_1_30_axi_crossbar is either unconnected or has no load
WARNING: [Synth 8-7129] Port s_axi_arid[0] in module axi_crossbar_v2_1_30_axi_crossbar is either unconnected or has no load
WARNING: [Synth 8-7129] Port s_axi_arlen[15] in module axi_crossbar_v2_1_30_axi_crossbar is either unconnected or has no load
WARNING: [Synth 8-7129] Port s_axi_arlen[14] in module axi_crossbar_v2_1_30_axi_crossbar is either unconnected or has no load
WARNING: [Synth 8-7129] Port s_axi_arlen[13] in module axi_crossbar_v2_1_30_axi_crossbar is either unconnected or has no load
WARNING: [Synth 8-7129] Port s_axi_arlen[12] in module axi_crossbar_v2_1_30_axi_crossbar is either unconnected or has no load
WARNING: [Synth 8-7129] Port s_axi_arlen[11] in module axi_crossbar_v2_1_30_axi_crossbar is either unconnected or has no load
WARNING: [Synth 8-7129] Port s_axi_arlen[10] in module axi_crossbar_v2_1_30_axi_crossbar is either unconnected or has no load
WARNING: [Synth 8-7129] Port s_axi_arlen[9] in module axi_crossbar_v2_1_30_axi_crossbar is either unconnected or has no load
WARNING: [Synth 8-7129] Port s_axi_arlen[8] in module axi_crossbar_v2_1_30_axi_crossbar is either unconnected or has no load
WARNING: [Synth 8-7129] Port s_axi_arlen[7] in module axi_crossbar_v2_1_30_axi_crossbar is either unconnected or has no load
WARNING: [Synth 8-7129] Port s_axi_arlen[6] in module axi_crossbar_v2_1_30_axi_crossbar is either unconnected or has no load
WARNING: [Synth 8-7129] Port s_axi_arlen[5] in module axi_crossbar_v2_1_30_axi_crossbar is either unconnected or has no load
WARNING: [Synth 8-7129] Port s_axi_arlen[4] in module axi_crossbar_v2_1_30_axi_crossbar is either unconnected or has no load
WARNING: [Synth 8-7129] Port s_axi_arlen[3] in module axi_crossbar_v2_1_30_axi_crossbar is either unconnected or has no load
WARNING: [Synth 8-7129] Port s_axi_arlen[2] in module axi_crossbar_v2_1_30_axi_crossbar is either unconnected or has no load
WARNING: [Synth 8-7129] Port s_axi_arlen[1] in module axi_crossbar_v2_1_30_axi_crossbar is either unconnected or has no load
WARNING: [Synth 8-7129] Port s_axi_arlen[0] in module axi_crossbar_v2_1_30_axi_crossbar is either unconnected or has no load
WARNING: [Synth 8-7129] Port s_axi_arsize[5] in module axi_crossbar_v2_1_30_axi_crossbar is either unconnected or has no load
WARNING: [Synth 8-7129] Port s_axi_arsize[4] in module axi_crossbar_v2_1_30_axi_crossbar is either unconnected or has no load
WARNING: [Synth 8-7129] Port s_axi_arsize[3] in module axi_crossbar_v2_1_30_axi_crossbar is either unconnected or has no load
WARNING: [Synth 8-7129] Port s_axi_arsize[2] in module axi_crossbar_v2_1_30_axi_crossbar is either unconnected or has no load
WARNING: [Synth 8-7129] Port s_axi_arsize[1] in module axi_crossbar_v2_1_30_axi_crossbar is either unconnected or has no load
INFO: [Common 17-14] Message 'Synth 8-7129' appears 100 times and further instances of the messages will be disabled. Use the Tcl command set_msg_config to change the current settings.
---------------------------------------------------------------------------------
Finished RTL Elaboration : Time (s): cpu = 00:00:08 ; elapsed = 00:00:09 . Memory (MB): peak = 2791.941 ; gain = 471.715 ; free physical = 14556 ; free virtual = 28029
---------------------------------------------------------------------------------
---------------------------------------------------------------------------------
Start Handling Custom Attributes
---------------------------------------------------------------------------------
---------------------------------------------------------------------------------
Finished Handling Custom Attributes : Time (s): cpu = 00:00:09 ; elapsed = 00:00:09 . Memory (MB): peak = 2791.941 ; gain = 471.715 ; free physical = 14558 ; free virtual = 28031
---------------------------------------------------------------------------------
---------------------------------------------------------------------------------
Finished RTL Optimization Phase 1 : Time (s): cpu = 00:00:09 ; elapsed = 00:00:09 . Memory (MB): peak = 2791.941 ; gain = 471.715 ; free physical = 14558 ; free virtual = 28031
---------------------------------------------------------------------------------
Netlist sorting complete. Time (s): cpu = 00:00:00.01 ; elapsed = 00:00:00.01 . Memory (MB): peak = 2791.941 ; gain = 0.000 ; free physical = 14558 ; free virtual = 28031
INFO: [Project 1-570] Preparing netlist for logic optimization

Processing XDC Constraints
Initializing timing engine
Parsing XDC File [/home/jgaitan/Documents/proyecto_1_borrador/project_1/project_1.gen/sources_1/bd/design_1/ip/design_1_xbar_0/design_1_xbar_0_ooc.xdc] for cell 'inst'
Finished Parsing XDC File [/home/jgaitan/Documents/proyecto_1_borrador/project_1/project_1.gen/sources_1/bd/design_1/ip/design_1_xbar_0/design_1_xbar_0_ooc.xdc] for cell 'inst'
Parsing XDC File [/home/jgaitan/Documents/proyecto_1_borrador/project_1/project_1.runs/design_1_xbar_0_synth_1/dont_touch.xdc]
Finished Parsing XDC File [/home/jgaitan/Documents/proyecto_1_borrador/project_1/project_1.runs/design_1_xbar_0_synth_1/dont_touch.xdc]
Completed Processing XDC Constraints

Netlist sorting complete. Time (s): cpu = 00:00:00 ; elapsed = 00:00:00 . Memory (MB): peak = 2867.848 ; gain = 0.000 ; free physical = 14549 ; free virtual = 28022
INFO: [Project 1-111] Unisim Transformation Summary:
No Unisim elements were transformed.

Constraint Validation Runtime : Time (s): cpu = 00:00:00.04 ; elapsed = 00:00:00.02 . Memory (MB): peak = 2867.883 ; gain = 0.000 ; free physical = 14550 ; free virtual = 28023
INFO: [Designutils 20-5008] Incremental synthesis strategy off
---------------------------------------------------------------------------------
Finished Constraint Validation : Time (s): cpu = 00:00:17 ; elapsed = 00:00:18 . Memory (MB): peak = 2867.883 ; gain = 547.656 ; free physical = 14547 ; free virtual = 28020
---------------------------------------------------------------------------------
---------------------------------------------------------------------------------
Start Loading Part and Timing Information
---------------------------------------------------------------------------------
Loading part: xck26-sfvc784-2LV-c
INFO: [Synth 8-6742] Reading net delay rules and data
---------------------------------------------------------------------------------
Finished Loading Part and Timing Information : Time (s): cpu = 00:00:17 ; elapsed = 00:00:18 . Memory (MB): peak = 2867.883 ; gain = 547.656 ; free physical = 14547 ; free virtual = 28020
---------------------------------------------------------------------------------
---------------------------------------------------------------------------------
Start Applying 'set_property' XDC Constraints
---------------------------------------------------------------------------------
Applied set_property KEEP_HIERARCHY = SOFT for inst. (constraint file  /home/jgaitan/Documents/proyecto_1_borrador/project_1/project_1.runs/design_1_xbar_0_synth_1/dont_touch.xdc, line 9).
---------------------------------------------------------------------------------
Finished applying 'set_property' XDC Constraints : Time (s): cpu = 00:00:17 ; elapsed = 00:00:18 . Memory (MB): peak = 2867.883 ; gain = 547.656 ; free physical = 14548 ; free virtual = 28021
---------------------------------------------------------------------------------
---------------------------------------------------------------------------------
Finished RTL Optimization Phase 2 : Time (s): cpu = 00:00:18 ; elapsed = 00:00:19 . Memory (MB): peak = 2867.883 ; gain = 547.656 ; free physical = 14547 ; free virtual = 28021
---------------------------------------------------------------------------------
---------------------------------------------------------------------------------
Start RTL Component Statistics 
---------------------------------------------------------------------------------
Detailed RTL Component Info : 
+---Registers : 
	               72 Bit    Registers := 1     
	               36 Bit    Registers := 2     
	                3 Bit    Registers := 2     
	                2 Bit    Registers := 8     
	                1 Bit    Registers := 11    
+---Muxes : 
	   2 Input   72 Bit        Muxes := 2     
	   2 Input   36 Bit        Muxes := 2     
	   2 Input    3 Bit        Muxes := 1     
	   2 Input    2 Bit        Muxes := 2     
	   2 Input    1 Bit        Muxes := 32    
---------------------------------------------------------------------------------
Finished RTL Component Statistics 
---------------------------------------------------------------------------------
---------------------------------------------------------------------------------
Start Part Resource Summary
---------------------------------------------------------------------------------
Part Resources:
DSPs: 1248 (col length:96)
BRAMs: 288 (col length: RAMB18 96 RAMB36 48)
---------------------------------------------------------------------------------
Finished Part Resource Summary
---------------------------------------------------------------------------------
---------------------------------------------------------------------------------
Start Cross Boundary and Area Optimization
---------------------------------------------------------------------------------
WARNING: [Synth 8-7080] Parallel synthesis criteria is not met
INFO: [Synth 8-3936] Found unconnected internal register 'gen_sasd.crossbar_sasd_0/reg_slice_r/m_payload_i_reg' and it is trimmed from '36' to '35' bits. [/home/jgaitan/Documents/proyecto_1_borrador/project_1/project_1.gen/sources_1/bd/design_1/ipshared/ff9f/hdl/axi_register_slice_v2_1_vl_rfs.v:1726]
---------------------------------------------------------------------------------
Finished Cross Boundary and Area Optimization : Time (s): cpu = 00:00:19 ; elapsed = 00:00:20 . Memory (MB): peak = 2867.883 ; gain = 547.656 ; free physical = 14548 ; free virtual = 28022
---------------------------------------------------------------------------------
---------------------------------------------------------------------------------
Start Applying XDC Timing Constraints
---------------------------------------------------------------------------------
---------------------------------------------------------------------------------
Finished Applying XDC Timing Constraints : Time (s): cpu = 00:00:26 ; elapsed = 00:00:27 . Memory (MB): peak = 3259.809 ; gain = 939.582 ; free physical = 14208 ; free virtual = 27682
---------------------------------------------------------------------------------
---------------------------------------------------------------------------------
Start Timing Optimization
---------------------------------------------------------------------------------
---------------------------------------------------------------------------------
Finished Timing Optimization : Time (s): cpu = 00:00:26 ; elapsed = 00:00:27 . Memory (MB): peak = 3288.840 ; gain = 968.613 ; free physical = 14178 ; free virtual = 27652
---------------------------------------------------------------------------------
---------------------------------------------------------------------------------
Start Technology Mapping
---------------------------------------------------------------------------------
---------------------------------------------------------------------------------
Finished Technology Mapping : Time (s): cpu = 00:00:26 ; elapsed = 00:00:27 . Memory (MB): peak = 3304.855 ; gain = 984.629 ; free physical = 14162 ; free virtual = 27636
---------------------------------------------------------------------------------
---------------------------------------------------------------------------------
Start IO Insertion
---------------------------------------------------------------------------------
---------------------------------------------------------------------------------
Start Flattening Before IO Insertion
---------------------------------------------------------------------------------
---------------------------------------------------------------------------------
Finished Flattening Before IO Insertion
---------------------------------------------------------------------------------
---------------------------------------------------------------------------------
Start Final Netlist Cleanup
---------------------------------------------------------------------------------
---------------------------------------------------------------------------------
Finished Final Netlist Cleanup
---------------------------------------------------------------------------------
---------------------------------------------------------------------------------
Finished IO Insertion : Time (s): cpu = 00:00:29 ; elapsed = 00:00:31 . Memory (MB): peak = 3304.855 ; gain = 984.629 ; free physical = 14162 ; free virtual = 27636
---------------------------------------------------------------------------------
---------------------------------------------------------------------------------
Start Renaming Generated Instances
---------------------------------------------------------------------------------
---------------------------------------------------------------------------------
Finished Renaming Generated Instances : Time (s): cpu = 00:00:30 ; elapsed = 00:00:31 . Memory (MB): peak = 3304.855 ; gain = 984.629 ; free physical = 14162 ; free virtual = 27636
---------------------------------------------------------------------------------
---------------------------------------------------------------------------------
Start Rebuilding User Hierarchy
---------------------------------------------------------------------------------
---------------------------------------------------------------------------------
Finished Rebuilding User Hierarchy : Time (s): cpu = 00:00:30 ; elapsed = 00:00:31 . Memory (MB): peak = 3304.855 ; gain = 984.629 ; free physical = 14162 ; free virtual = 27636
---------------------------------------------------------------------------------
---------------------------------------------------------------------------------
Start Renaming Generated Ports
---------------------------------------------------------------------------------
---------------------------------------------------------------------------------
Finished Renaming Generated Ports : Time (s): cpu = 00:00:30 ; elapsed = 00:00:31 . Memory (MB): peak = 3304.855 ; gain = 984.629 ; free physical = 14162 ; free virtual = 27636
---------------------------------------------------------------------------------
---------------------------------------------------------------------------------
Start Handling Custom Attributes
---------------------------------------------------------------------------------
---------------------------------------------------------------------------------
Finished Handling Custom Attributes : Time (s): cpu = 00:00:30 ; elapsed = 00:00:31 . Memory (MB): peak = 3304.855 ; gain = 984.629 ; free physical = 14162 ; free virtual = 27636
---------------------------------------------------------------------------------
---------------------------------------------------------------------------------
Start Renaming Generated Nets
---------------------------------------------------------------------------------
---------------------------------------------------------------------------------
Finished Renaming Generated Nets : Time (s): cpu = 00:00:30 ; elapsed = 00:00:31 . Memory (MB): peak = 3304.855 ; gain = 984.629 ; free physical = 14162 ; free virtual = 27636
---------------------------------------------------------------------------------
---------------------------------------------------------------------------------
Start Writing Synthesis Report
---------------------------------------------------------------------------------

Report BlackBoxes: 
+-+--------------+----------+
| |BlackBox name |Instances |
+-+--------------+----------+
+-+--------------+----------+

Report Cell Usage: 
+------+-----+------+
|      |Cell |Count |
+------+-----+------+
|1     |LUT1 |     2|
|2     |LUT2 |    16|
|3     |LUT3 |    46|
|4     |LUT4 |    80|
|5     |LUT5 |     8|
|6     |LUT6 |   106|
|7     |FDRE |   145|
|8     |FDSE |     1|
+------+-----+------+
---------------------------------------------------------------------------------
Finished Writing Synthesis Report : Time (s): cpu = 00:00:30 ; elapsed = 00:00:31 . Memory (MB): peak = 3304.855 ; gain = 984.629 ; free physical = 14162 ; free virtual = 27636
---------------------------------------------------------------------------------
Synthesis finished with 0 errors, 0 critical warnings and 113 warnings.
Synthesis Optimization Runtime : Time (s): cpu = 00:00:25 ; elapsed = 00:00:26 . Memory (MB): peak = 3304.855 ; gain = 908.688 ; free physical = 14162 ; free virtual = 27636
Synthesis Optimization Complete : Time (s): cpu = 00:00:30 ; elapsed = 00:00:31 . Memory (MB): peak = 3304.863 ; gain = 984.629 ; free physical = 14162 ; free virtual = 27636
INFO: [Project 1-571] Translating synthesized netlist
Netlist sorting complete. Time (s): cpu = 00:00:00.01 ; elapsed = 00:00:00.01 . Memory (MB): peak = 3304.863 ; gain = 0.000 ; free physical = 14445 ; free virtual = 27919
INFO: [Project 1-570] Preparing netlist for logic optimization
INFO: [Opt 31-138] Pushed 0 inverter(s) to 0 load pin(s).
Netlist sorting complete. Time (s): cpu = 00:00:00 ; elapsed = 00:00:00 . Memory (MB): peak = 3357.684 ; gain = 0.000 ; free physical = 14441 ; free virtual = 27915
INFO: [Project 1-111] Unisim Transformation Summary:
No Unisim elements were transformed.

Synth Design complete | Checksum: bb4f88b1
INFO: [Common 17-83] Releasing license: Synthesis
53 Infos, 105 Warnings, 0 Critical Warnings and 0 Errors encountered.
synth_design completed successfully
synth_design: Time (s): cpu = 00:00:36 ; elapsed = 00:00:35 . Memory (MB): peak = 3357.719 ; gain = 1968.586 ; free physical = 14441 ; free virtual = 27915
INFO: [Common 17-2834] synth_design peak Physical Memory [PSS] (MB): overall = 2908.810; main = 2579.079; forked = 383.979
INFO: [Common 17-2834] synth_design peak Virtual Memory [VSS] (MB): overall = 4286.301; main = 3357.688; forked = 981.441
Write ShapeDB Complete: Time (s): cpu = 00:00:00.01 ; elapsed = 00:00:00 . Memory (MB): peak = 3381.695 ; gain = 0.000 ; free physical = 14441 ; free virtual = 27915
INFO: [Common 17-1381] The checkpoint '/home/jgaitan/Documents/proyecto_1_borrador/project_1/project_1.runs/design_1_xbar_0_synth_1/design_1_xbar_0.dcp' has been generated.
INFO: [Coretcl 2-1648] Added synthesis output to IP cache for IP design_1_xbar_0, cache-ID = dd9eecedd63d0809
INFO: [Coretcl 2-1174] Renamed 7 cell refs.
Write ShapeDB Complete: Time (s): cpu = 00:00:00 ; elapsed = 00:00:00 . Memory (MB): peak = 3381.695 ; gain = 0.000 ; free physical = 14440 ; free virtual = 27915
INFO: [Common 17-1381] The checkpoint '/home/jgaitan/Documents/proyecto_1_borrador/project_1/project_1.runs/design_1_xbar_0_synth_1/design_1_xbar_0.dcp' has been generated.
INFO: [runtcl-4] Executing : report_utilization -file design_1_xbar_0_utilization_synth.rpt -pb design_1_xbar_0_utilization_synth.pb
INFO: [Common 17-206] Exiting Vivado at Wed Feb 11 03:17:48 2026...
[Wed Feb 11 03:18:00 2026] design_1_xbar_0_synth_1 finished
wait_on_runs: Time (s): cpu = 00:00:03 ; elapsed = 00:01:00 . Memory (MB): peak = 10444.434 ; gain = 0.000 ; free physical = 16748 ; free virtual = 30222
launch_runs design_1_zynq_ultra_ps_e_0_0_synth_1
INFO: [IP_Flow 19-6924] IPCACHE: Running cache check for IP inst: design_1_zynq_ultra_ps_e_0_0
[Wed Feb 11 03:18:00 2026] Launched design_1_zynq_ultra_ps_e_0_0_synth_1...
Run output will be captured here: /home/jgaitan/Documents/proyecto_1_borrador/project_1/project_1.runs/design_1_zynq_ultra_ps_e_0_0_synth_1/runme.log
wait_on_run design_1_zynq_ultra_ps_e_0_0_synth_1
[Wed Feb 11 03:18:01 2026] Waiting for design_1_zynq_ultra_ps_e_0_0_synth_1 to finish...
[Wed Feb 11 03:18:06 2026] Waiting for design_1_zynq_ultra_ps_e_0_0_synth_1 to finish...
[Wed Feb 11 03:18:11 2026] Waiting for design_1_zynq_ultra_ps_e_0_0_synth_1 to finish...
[Wed Feb 11 03:18:16 2026] Waiting for design_1_zynq_ultra_ps_e_0_0_synth_1 to finish...
[Wed Feb 11 03:18:26 2026] Waiting for design_1_zynq_ultra_ps_e_0_0_synth_1 to finish...
[Wed Feb 11 03:18:36 2026] Waiting for design_1_zynq_ultra_ps_e_0_0_synth_1 to finish...
[Wed Feb 11 03:18:46 2026] Waiting for design_1_zynq_ultra_ps_e_0_0_synth_1 to finish...
[Wed Feb 11 03:18:56 2026] Waiting for design_1_zynq_ultra_ps_e_0_0_synth_1 to finish...

*** Running vivado
    with args -log design_1_zynq_ultra_ps_e_0_0.vds -m64 -product Vivado -mode batch -messageDb vivado.pb -notrace -source design_1_zynq_ultra_ps_e_0_0.tcl


****** Vivado v2023.2 (64-bit)
  **** SW Build 4029153 on Fri Oct 13 20:13:54 MDT 2023
  **** IP Build 4028589 on Sat Oct 14 00:45:43 MDT 2023
  **** SharedData Build 4025554 on Tue Oct 10 17:18:54 MDT 2023
    ** Copyright 1986-2022 Xilinx, Inc. All Rights Reserved.
    ** Copyright 2022-2023 Advanced Micro Devices, Inc. All Rights Reserved.

source design_1_zynq_ultra_ps_e_0_0.tcl -notrace
create_project: Time (s): cpu = 00:00:05 ; elapsed = 00:00:05 . Memory (MB): peak = 1338.805 ; gain = 0.023 ; free physical = 16268 ; free virtual = 29742
INFO: [IP_Flow 19-6924] IPCACHE: Running cache check for IP inst: design_1_zynq_ultra_ps_e_0_0
Command: synth_design -top design_1_zynq_ultra_ps_e_0_0 -part xck26-sfvc784-2LV-c -incremental_mode off -mode out_of_context
Starting synth_design
Attempting to get a license for feature 'Synthesis' and/or device 'xck26'
INFO: [Common 17-349] Got license for feature 'Synthesis' and/or device 'xck26'
INFO: [Device 21-403] Loading part xck26-sfvc784-2LV-c
INFO: [Synth 8-7079] Multithreading enabled for synth_design using a maximum of 4 processes.
INFO: [Synth 8-7078] Launching helper process for spawning children vivado processes
INFO: [Synth 8-7075] Helper process launched with PID 3430796
---------------------------------------------------------------------------------
Starting RTL Elaboration : Time (s): cpu = 00:00:03 ; elapsed = 00:00:03 . Memory (MB): peak = 2608.426 ; gain = 285.777 ; free physical = 14742 ; free virtual = 28216
---------------------------------------------------------------------------------
INFO: [Synth 8-11241] undeclared symbol 'dp_audi_ref_clk', assumed default net type 'wire' [/home/jgaitan/Documents/proyecto_1_borrador/project_1/project_1.gen/sources_1/bd/design_1/ip/design_1_zynq_ultra_ps_e_0_0/hdl/zynq_ultra_ps_e_v3_5_1.v:2469]
INFO: [Synth 8-6157] synthesizing module 'design_1_zynq_ultra_ps_e_0_0' [/home/jgaitan/Documents/proyecto_1_borrador/project_1/project_1.gen/sources_1/bd/design_1/ip/design_1_zynq_ultra_ps_e_0_0/synth/design_1_zynq_ultra_ps_e_0_0.v:53]
INFO: [Synth 8-6157] synthesizing module 'zynq_ultra_ps_e_v3_5_1_zynq_ultra_ps_e' [/home/jgaitan/Documents/proyecto_1_borrador/project_1/project_1.gen/sources_1/bd/design_1/ip/design_1_zynq_ultra_ps_e_0_0/hdl/zynq_ultra_ps_e_v3_5_1.v:68]
INFO: [Synth 8-6157] synthesizing module 'BUFG_PS' [/tools/Xilinx-2023.2/Vivado/2023.2/scripts/rt/data/unisim_comp.v:2186]
INFO: [Synth 8-6155] done synthesizing module 'BUFG_PS' (0#1) [/tools/Xilinx-2023.2/Vivado/2023.2/scripts/rt/data/unisim_comp.v:2186]
INFO: [Synth 8-6157] synthesizing module 'PS8' [/tools/Xilinx-2023.2/Vivado/2023.2/scripts/rt/data/unisim_comp.v:113105]
INFO: [Synth 8-6155] done synthesizing module 'PS8' (0#1) [/tools/Xilinx-2023.2/Vivado/2023.2/scripts/rt/data/unisim_comp.v:113105]
WARNING: [Synth 8-689] width (5) of port connection 'EMIOSDIO0DATAOUT' does not match port width (8) of module 'PS8' [/home/jgaitan/Documents/proyecto_1_borrador/project_1/project_1.gen/sources_1/bd/design_1/ip/design_1_zynq_ultra_ps_e_0_0/hdl/zynq_ultra_ps_e_v3_5_1.v:4654]
WARNING: [Synth 8-689] width (5) of port connection 'EMIOSDIO0DATAENA' does not match port width (8) of module 'PS8' [/home/jgaitan/Documents/proyecto_1_borrador/project_1/project_1.gen/sources_1/bd/design_1/ip/design_1_zynq_ultra_ps_e_0_0/hdl/zynq_ultra_ps_e_v3_5_1.v:4655]
WARNING: [Synth 8-689] width (5) of port connection 'EMIOSDIO1DATAOUT' does not match port width (8) of module 'PS8' [/home/jgaitan/Documents/proyecto_1_borrador/project_1/project_1.gen/sources_1/bd/design_1/ip/design_1_zynq_ultra_ps_e_0_0/hdl/zynq_ultra_ps_e_v3_5_1.v:4667]
WARNING: [Synth 8-689] width (5) of port connection 'EMIOSDIO1DATAENA' does not match port width (8) of module 'PS8' [/home/jgaitan/Documents/proyecto_1_borrador/project_1/project_1.gen/sources_1/bd/design_1/ip/design_1_zynq_ultra_ps_e_0_0/hdl/zynq_ultra_ps_e_v3_5_1.v:4668]
WARNING: [Synth 8-7071] port 'PSS_ALTO_CORE_PAD_MGTTXN0OUT' of module 'PS8' is unconnected for instance 'PS8_i' [/home/jgaitan/Documents/proyecto_1_borrador/project_1/project_1.gen/sources_1/bd/design_1/ip/design_1_zynq_ultra_ps_e_0_0/hdl/zynq_ultra_ps_e_v3_5_1.v:3844]
WARNING: [Synth 8-7071] port 'PSS_ALTO_CORE_PAD_MGTTXN1OUT' of module 'PS8' is unconnected for instance 'PS8_i' [/home/jgaitan/Documents/proyecto_1_borrador/project_1/project_1.gen/sources_1/bd/design_1/ip/design_1_zynq_ultra_ps_e_0_0/hdl/zynq_ultra_ps_e_v3_5_1.v:3844]
WARNING: [Synth 8-7071] port 'PSS_ALTO_CORE_PAD_MGTTXN2OUT' of module 'PS8' is unconnected for instance 'PS8_i' [/home/jgaitan/Documents/proyecto_1_borrador/project_1/project_1.gen/sources_1/bd/design_1/ip/design_1_zynq_ultra_ps_e_0_0/hdl/zynq_ultra_ps_e_v3_5_1.v:3844]
WARNING: [Synth 8-7071] port 'PSS_ALTO_CORE_PAD_MGTTXN3OUT' of module 'PS8' is unconnected for instance 'PS8_i' [/home/jgaitan/Documents/proyecto_1_borrador/project_1/project_1.gen/sources_1/bd/design_1/ip/design_1_zynq_ultra_ps_e_0_0/hdl/zynq_ultra_ps_e_v3_5_1.v:3844]
WARNING: [Synth 8-7071] port 'PSS_ALTO_CORE_PAD_MGTTXP0OUT' of module 'PS8' is unconnected for instance 'PS8_i' [/home/jgaitan/Documents/proyecto_1_borrador/project_1/project_1.gen/sources_1/bd/design_1/ip/design_1_zynq_ultra_ps_e_0_0/hdl/zynq_ultra_ps_e_v3_5_1.v:3844]
WARNING: [Synth 8-7071] port 'PSS_ALTO_CORE_PAD_MGTTXP1OUT' of module 'PS8' is unconnected for instance 'PS8_i' [/home/jgaitan/Documents/proyecto_1_borrador/project_1/project_1.gen/sources_1/bd/design_1/ip/design_1_zynq_ultra_ps_e_0_0/hdl/zynq_ultra_ps_e_v3_5_1.v:3844]
WARNING: [Synth 8-7071] port 'PSS_ALTO_CORE_PAD_MGTTXP2OUT' of module 'PS8' is unconnected for instance 'PS8_i' [/home/jgaitan/Documents/proyecto_1_borrador/project_1/project_1.gen/sources_1/bd/design_1/ip/design_1_zynq_ultra_ps_e_0_0/hdl/zynq_ultra_ps_e_v3_5_1.v:3844]
WARNING: [Synth 8-7071] port 'PSS_ALTO_CORE_PAD_MGTTXP3OUT' of module 'PS8' is unconnected for instance 'PS8_i' [/home/jgaitan/Documents/proyecto_1_borrador/project_1/project_1.gen/sources_1/bd/design_1/ip/design_1_zynq_ultra_ps_e_0_0/hdl/zynq_ultra_ps_e_v3_5_1.v:3844]
WARNING: [Synth 8-7071] port 'PSS_ALTO_CORE_PAD_PADO' of module 'PS8' is unconnected for instance 'PS8_i' [/home/jgaitan/Documents/proyecto_1_borrador/project_1/project_1.gen/sources_1/bd/design_1/ip/design_1_zynq_ultra_ps_e_0_0/hdl/zynq_ultra_ps_e_v3_5_1.v:3844]
WARNING: [Synth 8-7071] port 'PSS_ALTO_CORE_PAD_BOOTMODE' of module 'PS8' is unconnected for instance 'PS8_i' [/home/jgaitan/Documents/proyecto_1_borrador/project_1/project_1.gen/sources_1/bd/design_1/ip/design_1_zynq_ultra_ps_e_0_0/hdl/zynq_ultra_ps_e_v3_5_1.v:3844]
WARNING: [Synth 8-7071] port 'PSS_ALTO_CORE_PAD_CLK' of module 'PS8' is unconnected for instance 'PS8_i' [/home/jgaitan/Documents/proyecto_1_borrador/project_1/project_1.gen/sources_1/bd/design_1/ip/design_1_zynq_ultra_ps_e_0_0/hdl/zynq_ultra_ps_e_v3_5_1.v:3844]
WARNING: [Synth 8-7071] port 'PSS_ALTO_CORE_PAD_DONEB' of module 'PS8' is unconnected for instance 'PS8_i' [/home/jgaitan/Documents/proyecto_1_borrador/project_1/project_1.gen/sources_1/bd/design_1/ip/design_1_zynq_ultra_ps_e_0_0/hdl/zynq_ultra_ps_e_v3_5_1.v:3844]
WARNING: [Synth 8-7071] port 'PSS_ALTO_CORE_PAD_DRAMA' of module 'PS8' is unconnected for instance 'PS8_i' [/home/jgaitan/Documents/proyecto_1_borrador/project_1/project_1.gen/sources_1/bd/design_1/ip/design_1_zynq_ultra_ps_e_0_0/hdl/zynq_ultra_ps_e_v3_5_1.v:3844]
WARNING: [Synth 8-7071] port 'PSS_ALTO_CORE_PAD_DRAMACTN' of module 'PS8' is unconnected for instance 'PS8_i' [/home/jgaitan/Documents/proyecto_1_borrador/project_1/project_1.gen/sources_1/bd/design_1/ip/design_1_zynq_ultra_ps_e_0_0/hdl/zynq_ultra_ps_e_v3_5_1.v:3844]
WARNING: [Synth 8-7071] port 'PSS_ALTO_CORE_PAD_DRAMALERTN' of module 'PS8' is unconnected for instance 'PS8_i' [/home/jgaitan/Documents/proyecto_1_borrador/project_1/project_1.gen/sources_1/bd/design_1/ip/design_1_zynq_ultra_ps_e_0_0/hdl/zynq_ultra_ps_e_v3_5_1.v:3844]
WARNING: [Synth 8-7071] port 'PSS_ALTO_CORE_PAD_DRAMBA' of module 'PS8' is unconnected for instance 'PS8_i' [/home/jgaitan/Documents/proyecto_1_borrador/project_1/project_1.gen/sources_1/bd/design_1/ip/design_1_zynq_ultra_ps_e_0_0/hdl/zynq_ultra_ps_e_v3_5_1.v:3844]
WARNING: [Synth 8-7071] port 'PSS_ALTO_CORE_PAD_DRAMBG' of module 'PS8' is unconnected for instance 'PS8_i' [/home/jgaitan/Documents/proyecto_1_borrador/project_1/project_1.gen/sources_1/bd/design_1/ip/design_1_zynq_ultra_ps_e_0_0/hdl/zynq_ultra_ps_e_v3_5_1.v:3844]
WARNING: [Synth 8-7071] port 'PSS_ALTO_CORE_PAD_DRAMCK' of module 'PS8' is unconnected for instance 'PS8_i' [/home/jgaitan/Documents/proyecto_1_borrador/project_1/project_1.gen/sources_1/bd/design_1/ip/design_1_zynq_ultra_ps_e_0_0/hdl/zynq_ultra_ps_e_v3_5_1.v:3844]
WARNING: [Synth 8-7071] port 'PSS_ALTO_CORE_PAD_DRAMCKE' of module 'PS8' is unconnected for instance 'PS8_i' [/home/jgaitan/Documents/proyecto_1_borrador/project_1/project_1.gen/sources_1/bd/design_1/ip/design_1_zynq_ultra_ps_e_0_0/hdl/zynq_ultra_ps_e_v3_5_1.v:3844]
WARNING: [Synth 8-7071] port 'PSS_ALTO_CORE_PAD_DRAMCKN' of module 'PS8' is unconnected for instance 'PS8_i' [/home/jgaitan/Documents/proyecto_1_borrador/project_1/project_1.gen/sources_1/bd/design_1/ip/design_1_zynq_ultra_ps_e_0_0/hdl/zynq_ultra_ps_e_v3_5_1.v:3844]
WARNING: [Synth 8-7071] port 'PSS_ALTO_CORE_PAD_DRAMCSN' of module 'PS8' is unconnected for instance 'PS8_i' [/home/jgaitan/Documents/proyecto_1_borrador/project_1/project_1.gen/sources_1/bd/design_1/ip/design_1_zynq_ultra_ps_e_0_0/hdl/zynq_ultra_ps_e_v3_5_1.v:3844]
WARNING: [Synth 8-7071] port 'PSS_ALTO_CORE_PAD_DRAMDM' of module 'PS8' is unconnected for instance 'PS8_i' [/home/jgaitan/Documents/proyecto_1_borrador/project_1/project_1.gen/sources_1/bd/design_1/ip/design_1_zynq_ultra_ps_e_0_0/hdl/zynq_ultra_ps_e_v3_5_1.v:3844]
WARNING: [Synth 8-7071] port 'PSS_ALTO_CORE_PAD_DRAMDQ' of module 'PS8' is unconnected for instance 'PS8_i' [/home/jgaitan/Documents/proyecto_1_borrador/project_1/project_1.gen/sources_1/bd/design_1/ip/design_1_zynq_ultra_ps_e_0_0/hdl/zynq_ultra_ps_e_v3_5_1.v:3844]
WARNING: [Synth 8-7071] port 'PSS_ALTO_CORE_PAD_DRAMDQS' of module 'PS8' is unconnected for instance 'PS8_i' [/home/jgaitan/Documents/proyecto_1_borrador/project_1/project_1.gen/sources_1/bd/design_1/ip/design_1_zynq_ultra_ps_e_0_0/hdl/zynq_ultra_ps_e_v3_5_1.v:3844]
WARNING: [Synth 8-7071] port 'PSS_ALTO_CORE_PAD_DRAMDQSN' of module 'PS8' is unconnected for instance 'PS8_i' [/home/jgaitan/Documents/proyecto_1_borrador/project_1/project_1.gen/sources_1/bd/design_1/ip/design_1_zynq_ultra_ps_e_0_0/hdl/zynq_ultra_ps_e_v3_5_1.v:3844]
WARNING: [Synth 8-7071] port 'PSS_ALTO_CORE_PAD_DRAMODT' of module 'PS8' is unconnected for instance 'PS8_i' [/home/jgaitan/Documents/proyecto_1_borrador/project_1/project_1.gen/sources_1/bd/design_1/ip/design_1_zynq_ultra_ps_e_0_0/hdl/zynq_ultra_ps_e_v3_5_1.v:3844]
WARNING: [Synth 8-7071] port 'PSS_ALTO_CORE_PAD_DRAMPARITY' of module 'PS8' is unconnected for instance 'PS8_i' [/home/jgaitan/Documents/proyecto_1_borrador/project_1/project_1.gen/sources_1/bd/design_1/ip/design_1_zynq_ultra_ps_e_0_0/hdl/zynq_ultra_ps_e_v3_5_1.v:3844]
WARNING: [Synth 8-7071] port 'PSS_ALTO_CORE_PAD_DRAMRAMRSTN' of module 'PS8' is unconnected for instance 'PS8_i' [/home/jgaitan/Documents/proyecto_1_borrador/project_1/project_1.gen/sources_1/bd/design_1/ip/design_1_zynq_ultra_ps_e_0_0/hdl/zynq_ultra_ps_e_v3_5_1.v:3844]
WARNING: [Synth 8-7071] port 'PSS_ALTO_CORE_PAD_ERROROUT' of module 'PS8' is unconnected for instance 'PS8_i' [/home/jgaitan/Documents/proyecto_1_borrador/project_1/project_1.gen/sources_1/bd/design_1/ip/design_1_zynq_ultra_ps_e_0_0/hdl/zynq_ultra_ps_e_v3_5_1.v:3844]
WARNING: [Synth 8-7071] port 'PSS_ALTO_CORE_PAD_ERRORSTATUS' of module 'PS8' is unconnected for instance 'PS8_i' [/home/jgaitan/Documents/proyecto_1_borrador/project_1/project_1.gen/sources_1/bd/design_1/ip/design_1_zynq_ultra_ps_e_0_0/hdl/zynq_ultra_ps_e_v3_5_1.v:3844]
WARNING: [Synth 8-7071] port 'PSS_ALTO_CORE_PAD_INITB' of module 'PS8' is unconnected for instance 'PS8_i' [/home/jgaitan/Documents/proyecto_1_borrador/project_1/project_1.gen/sources_1/bd/design_1/ip/design_1_zynq_ultra_ps_e_0_0/hdl/zynq_ultra_ps_e_v3_5_1.v:3844]
WARNING: [Synth 8-7071] port 'PSS_ALTO_CORE_PAD_JTAGTCK' of module 'PS8' is unconnected for instance 'PS8_i' [/home/jgaitan/Documents/proyecto_1_borrador/project_1/project_1.gen/sources_1/bd/design_1/ip/design_1_zynq_ultra_ps_e_0_0/hdl/zynq_ultra_ps_e_v3_5_1.v:3844]
WARNING: [Synth 8-7071] port 'PSS_ALTO_CORE_PAD_JTAGTDI' of module 'PS8' is unconnected for instance 'PS8_i' [/home/jgaitan/Documents/proyecto_1_borrador/project_1/project_1.gen/sources_1/bd/design_1/ip/design_1_zynq_ultra_ps_e_0_0/hdl/zynq_ultra_ps_e_v3_5_1.v:3844]
WARNING: [Synth 8-7071] port 'PSS_ALTO_CORE_PAD_JTAGTDO' of module 'PS8' is unconnected for instance 'PS8_i' [/home/jgaitan/Documents/proyecto_1_borrador/project_1/project_1.gen/sources_1/bd/design_1/ip/design_1_zynq_ultra_ps_e_0_0/hdl/zynq_ultra_ps_e_v3_5_1.v:3844]
WARNING: [Synth 8-7071] port 'PSS_ALTO_CORE_PAD_JTAGTMS' of module 'PS8' is unconnected for instance 'PS8_i' [/home/jgaitan/Documents/proyecto_1_borrador/project_1/project_1.gen/sources_1/bd/design_1/ip/design_1_zynq_ultra_ps_e_0_0/hdl/zynq_ultra_ps_e_v3_5_1.v:3844]
WARNING: [Synth 8-7071] port 'PSS_ALTO_CORE_PAD_MIO' of module 'PS8' is unconnected for instance 'PS8_i' [/home/jgaitan/Documents/proyecto_1_borrador/project_1/project_1.gen/sources_1/bd/design_1/ip/design_1_zynq_ultra_ps_e_0_0/hdl/zynq_ultra_ps_e_v3_5_1.v:3844]
WARNING: [Synth 8-7071] port 'PSS_ALTO_CORE_PAD_PORB' of module 'PS8' is unconnected for instance 'PS8_i' [/home/jgaitan/Documents/proyecto_1_borrador/project_1/project_1.gen/sources_1/bd/design_1/ip/design_1_zynq_ultra_ps_e_0_0/hdl/zynq_ultra_ps_e_v3_5_1.v:3844]
WARNING: [Synth 8-7071] port 'PSS_ALTO_CORE_PAD_PROGB' of module 'PS8' is unconnected for instance 'PS8_i' [/home/jgaitan/Documents/proyecto_1_borrador/project_1/project_1.gen/sources_1/bd/design_1/ip/design_1_zynq_ultra_ps_e_0_0/hdl/zynq_ultra_ps_e_v3_5_1.v:3844]
WARNING: [Synth 8-7071] port 'PSS_ALTO_CORE_PAD_RCALIBINOUT' of module 'PS8' is unconnected for instance 'PS8_i' [/home/jgaitan/Documents/proyecto_1_borrador/project_1/project_1.gen/sources_1/bd/design_1/ip/design_1_zynq_ultra_ps_e_0_0/hdl/zynq_ultra_ps_e_v3_5_1.v:3844]
WARNING: [Synth 8-7071] port 'PSS_ALTO_CORE_PAD_SRSTB' of module 'PS8' is unconnected for instance 'PS8_i' [/home/jgaitan/Documents/proyecto_1_borrador/project_1/project_1.gen/sources_1/bd/design_1/ip/design_1_zynq_ultra_ps_e_0_0/hdl/zynq_ultra_ps_e_v3_5_1.v:3844]
WARNING: [Synth 8-7071] port 'PSS_ALTO_CORE_PAD_ZQ' of module 'PS8' is unconnected for instance 'PS8_i' [/home/jgaitan/Documents/proyecto_1_borrador/project_1/project_1.gen/sources_1/bd/design_1/ip/design_1_zynq_ultra_ps_e_0_0/hdl/zynq_ultra_ps_e_v3_5_1.v:3844]
WARNING: [Synth 8-7071] port 'PSS_ALTO_CORE_PAD_MGTRXN0IN' of module 'PS8' is unconnected for instance 'PS8_i' [/home/jgaitan/Documents/proyecto_1_borrador/project_1/project_1.gen/sources_1/bd/design_1/ip/design_1_zynq_ultra_ps_e_0_0/hdl/zynq_ultra_ps_e_v3_5_1.v:3844]
WARNING: [Synth 8-7071] port 'PSS_ALTO_CORE_PAD_MGTRXN1IN' of module 'PS8' is unconnected for instance 'PS8_i' [/home/jgaitan/Documents/proyecto_1_borrador/project_1/project_1.gen/sources_1/bd/design_1/ip/design_1_zynq_ultra_ps_e_0_0/hdl/zynq_ultra_ps_e_v3_5_1.v:3844]
WARNING: [Synth 8-7071] port 'PSS_ALTO_CORE_PAD_MGTRXN2IN' of module 'PS8' is unconnected for instance 'PS8_i' [/home/jgaitan/Documents/proyecto_1_borrador/project_1/project_1.gen/sources_1/bd/design_1/ip/design_1_zynq_ultra_ps_e_0_0/hdl/zynq_ultra_ps_e_v3_5_1.v:3844]
WARNING: [Synth 8-7071] port 'PSS_ALTO_CORE_PAD_MGTRXN3IN' of module 'PS8' is unconnected for instance 'PS8_i' [/home/jgaitan/Documents/proyecto_1_borrador/project_1/project_1.gen/sources_1/bd/design_1/ip/design_1_zynq_ultra_ps_e_0_0/hdl/zynq_ultra_ps_e_v3_5_1.v:3844]
WARNING: [Synth 8-7071] port 'PSS_ALTO_CORE_PAD_MGTRXP0IN' of module 'PS8' is unconnected for instance 'PS8_i' [/home/jgaitan/Documents/proyecto_1_borrador/project_1/project_1.gen/sources_1/bd/design_1/ip/design_1_zynq_ultra_ps_e_0_0/hdl/zynq_ultra_ps_e_v3_5_1.v:3844]
WARNING: [Synth 8-7071] port 'PSS_ALTO_CORE_PAD_MGTRXP1IN' of module 'PS8' is unconnected for instance 'PS8_i' [/home/jgaitan/Documents/proyecto_1_borrador/project_1/project_1.gen/sources_1/bd/design_1/ip/design_1_zynq_ultra_ps_e_0_0/hdl/zynq_ultra_ps_e_v3_5_1.v:3844]
WARNING: [Synth 8-7071] port 'PSS_ALTO_CORE_PAD_MGTRXP2IN' of module 'PS8' is unconnected for instance 'PS8_i' [/home/jgaitan/Documents/proyecto_1_borrador/project_1/project_1.gen/sources_1/bd/design_1/ip/design_1_zynq_ultra_ps_e_0_0/hdl/zynq_ultra_ps_e_v3_5_1.v:3844]
WARNING: [Synth 8-7071] port 'PSS_ALTO_CORE_PAD_MGTRXP3IN' of module 'PS8' is unconnected for instance 'PS8_i' [/home/jgaitan/Documents/proyecto_1_borrador/project_1/project_1.gen/sources_1/bd/design_1/ip/design_1_zynq_ultra_ps_e_0_0/hdl/zynq_ultra_ps_e_v3_5_1.v:3844]
WARNING: [Synth 8-7071] port 'PSS_ALTO_CORE_PAD_PADI' of module 'PS8' is unconnected for instance 'PS8_i' [/home/jgaitan/Documents/proyecto_1_borrador/project_1/project_1.gen/sources_1/bd/design_1/ip/design_1_zynq_ultra_ps_e_0_0/hdl/zynq_ultra_ps_e_v3_5_1.v:3844]
WARNING: [Synth 8-7071] port 'PSS_ALTO_CORE_PAD_REFN0IN' of module 'PS8' is unconnected for instance 'PS8_i' [/home/jgaitan/Documents/proyecto_1_borrador/project_1/project_1.gen/sources_1/bd/design_1/ip/design_1_zynq_ultra_ps_e_0_0/hdl/zynq_ultra_ps_e_v3_5_1.v:3844]
WARNING: [Synth 8-7071] port 'PSS_ALTO_CORE_PAD_REFN1IN' of module 'PS8' is unconnected for instance 'PS8_i' [/home/jgaitan/Documents/proyecto_1_borrador/project_1/project_1.gen/sources_1/bd/design_1/ip/design_1_zynq_ultra_ps_e_0_0/hdl/zynq_ultra_ps_e_v3_5_1.v:3844]
WARNING: [Synth 8-7071] port 'PSS_ALTO_CORE_PAD_REFN2IN' of module 'PS8' is unconnected for instance 'PS8_i' [/home/jgaitan/Documents/proyecto_1_borrador/project_1/project_1.gen/sources_1/bd/design_1/ip/design_1_zynq_ultra_ps_e_0_0/hdl/zynq_ultra_ps_e_v3_5_1.v:3844]
WARNING: [Synth 8-7071] port 'PSS_ALTO_CORE_PAD_REFN3IN' of module 'PS8' is unconnected for instance 'PS8_i' [/home/jgaitan/Documents/proyecto_1_borrador/project_1/project_1.gen/sources_1/bd/design_1/ip/design_1_zynq_ultra_ps_e_0_0/hdl/zynq_ultra_ps_e_v3_5_1.v:3844]
WARNING: [Synth 8-7071] port 'PSS_ALTO_CORE_PAD_REFP0IN' of module 'PS8' is unconnected for instance 'PS8_i' [/home/jgaitan/Documents/proyecto_1_borrador/project_1/project_1.gen/sources_1/bd/design_1/ip/design_1_zynq_ultra_ps_e_0_0/hdl/zynq_ultra_ps_e_v3_5_1.v:3844]
WARNING: [Synth 8-7071] port 'PSS_ALTO_CORE_PAD_REFP1IN' of module 'PS8' is unconnected for instance 'PS8_i' [/home/jgaitan/Documents/proyecto_1_borrador/project_1/project_1.gen/sources_1/bd/design_1/ip/design_1_zynq_ultra_ps_e_0_0/hdl/zynq_ultra_ps_e_v3_5_1.v:3844]
WARNING: [Synth 8-7071] port 'PSS_ALTO_CORE_PAD_REFP2IN' of module 'PS8' is unconnected for instance 'PS8_i' [/home/jgaitan/Documents/proyecto_1_borrador/project_1/project_1.gen/sources_1/bd/design_1/ip/design_1_zynq_ultra_ps_e_0_0/hdl/zynq_ultra_ps_e_v3_5_1.v:3844]
WARNING: [Synth 8-7071] port 'PSS_ALTO_CORE_PAD_REFP3IN' of module 'PS8' is unconnected for instance 'PS8_i' [/home/jgaitan/Documents/proyecto_1_borrador/project_1/project_1.gen/sources_1/bd/design_1/ip/design_1_zynq_ultra_ps_e_0_0/hdl/zynq_ultra_ps_e_v3_5_1.v:3844]
WARNING: [Synth 8-7023] instance 'PS8_i' of module 'PS8' has 1015 connections declared, but only 957 given [/home/jgaitan/Documents/proyecto_1_borrador/project_1/project_1.gen/sources_1/bd/design_1/ip/design_1_zynq_ultra_ps_e_0_0/hdl/zynq_ultra_ps_e_v3_5_1.v:3844]
INFO: [Synth 8-6155] done synthesizing module 'zynq_ultra_ps_e_v3_5_1_zynq_ultra_ps_e' (0#1) [/home/jgaitan/Documents/proyecto_1_borrador/project_1/project_1.gen/sources_1/bd/design_1/ip/design_1_zynq_ultra_ps_e_0_0/hdl/zynq_ultra_ps_e_v3_5_1.v:68]
WARNING: [Synth 8-7071] port 'emio_enet0_signal_detect' of module 'zynq_ultra_ps_e_v3_5_1_zynq_ultra_ps_e' is unconnected for instance 'inst' [/home/jgaitan/Documents/proyecto_1_borrador/project_1/project_1.gen/sources_1/bd/design_1/ip/design_1_zynq_ultra_ps_e_0_0/synth/design_1_zynq_ultra_ps_e_0_0.v:359]
WARNING: [Synth 8-7071] port 'emio_enet1_signal_detect' of module 'zynq_ultra_ps_e_v3_5_1_zynq_ultra_ps_e' is unconnected for instance 'inst' [/home/jgaitan/Documents/proyecto_1_borrador/project_1/project_1.gen/sources_1/bd/design_1/ip/design_1_zynq_ultra_ps_e_0_0/synth/design_1_zynq_ultra_ps_e_0_0.v:359]
WARNING: [Synth 8-7071] port 'emio_enet2_signal_detect' of module 'zynq_ultra_ps_e_v3_5_1_zynq_ultra_ps_e' is unconnected for instance 'inst' [/home/jgaitan/Documents/proyecto_1_borrador/project_1/project_1.gen/sources_1/bd/design_1/ip/design_1_zynq_ultra_ps_e_0_0/synth/design_1_zynq_ultra_ps_e_0_0.v:359]
WARNING: [Synth 8-7071] port 'emio_enet3_signal_detect' of module 'zynq_ultra_ps_e_v3_5_1_zynq_ultra_ps_e' is unconnected for instance 'inst' [/home/jgaitan/Documents/proyecto_1_borrador/project_1/project_1.gen/sources_1/bd/design_1/ip/design_1_zynq_ultra_ps_e_0_0/synth/design_1_zynq_ultra_ps_e_0_0.v:359]
WARNING: [Synth 8-7023] instance 'inst' of module 'zynq_ultra_ps_e_v3_5_1_zynq_ultra_ps_e' has 1491 connections declared, but only 1487 given [/home/jgaitan/Documents/proyecto_1_borrador/project_1/project_1.gen/sources_1/bd/design_1/ip/design_1_zynq_ultra_ps_e_0_0/synth/design_1_zynq_ultra_ps_e_0_0.v:359]
INFO: [Synth 8-6155] done synthesizing module 'design_1_zynq_ultra_ps_e_0_0' (0#1) [/home/jgaitan/Documents/proyecto_1_borrador/project_1/project_1.gen/sources_1/bd/design_1/ip/design_1_zynq_ultra_ps_e_0_0/synth/design_1_zynq_ultra_ps_e_0_0.v:53]
WARNING: [Synth 8-3848] Net dp_audio_ref_clk in module/entity zynq_ultra_ps_e_v3_5_1_zynq_ultra_ps_e does not have driver. [/home/jgaitan/Documents/proyecto_1_borrador/project_1/project_1.gen/sources_1/bd/design_1/ip/design_1_zynq_ultra_ps_e_0_0/hdl/zynq_ultra_ps_e_v3_5_1.v:343]
WARNING: [Synth 8-3848] Net irq_ipi_pl_0 in module/entity zynq_ultra_ps_e_v3_5_1_zynq_ultra_ps_e does not have driver. [/home/jgaitan/Documents/proyecto_1_borrador/project_1/project_1.gen/sources_1/bd/design_1/ip/design_1_zynq_ultra_ps_e_0_0/hdl/zynq_ultra_ps_e_v3_5_1.v:1363]
WARNING: [Synth 8-3848] Net irq_ipi_pl_1 in module/entity zynq_ultra_ps_e_v3_5_1_zynq_ultra_ps_e does not have driver. [/home/jgaitan/Documents/proyecto_1_borrador/project_1/project_1.gen/sources_1/bd/design_1/ip/design_1_zynq_ultra_ps_e_0_0/hdl/zynq_ultra_ps_e_v3_5_1.v:1364]
WARNING: [Synth 8-3848] Net irq_ipi_pl_2 in module/entity zynq_ultra_ps_e_v3_5_1_zynq_ultra_ps_e does not have driver. [/home/jgaitan/Documents/proyecto_1_borrador/project_1/project_1.gen/sources_1/bd/design_1/ip/design_1_zynq_ultra_ps_e_0_0/hdl/zynq_ultra_ps_e_v3_5_1.v:1365]
WARNING: [Synth 8-3848] Net irq_ipi_pl_3 in module/entity zynq_ultra_ps_e_v3_5_1_zynq_ultra_ps_e does not have driver. [/home/jgaitan/Documents/proyecto_1_borrador/project_1/project_1.gen/sources_1/bd/design_1/ip/design_1_zynq_ultra_ps_e_0_0/hdl/zynq_ultra_ps_e_v3_5_1.v:1366]
WARNING: [Synth 8-7129] Port dp_audio_ref_clk in module zynq_ultra_ps_e_v3_5_1_zynq_ultra_ps_e is either unconnected or has no load
WARNING: [Synth 8-7129] Port irq_ipi_pl_0 in module zynq_ultra_ps_e_v3_5_1_zynq_ultra_ps_e is either unconnected or has no load
WARNING: [Synth 8-7129] Port irq_ipi_pl_1 in module zynq_ultra_ps_e_v3_5_1_zynq_ultra_ps_e is either unconnected or has no load
WARNING: [Synth 8-7129] Port irq_ipi_pl_2 in module zynq_ultra_ps_e_v3_5_1_zynq_ultra_ps_e is either unconnected or has no load
WARNING: [Synth 8-7129] Port irq_ipi_pl_3 in module zynq_ultra_ps_e_v3_5_1_zynq_ultra_ps_e is either unconnected or has no load
WARNING: [Synth 8-7129] Port saxihpc0_fpd_rclk in module zynq_ultra_ps_e_v3_5_1_zynq_ultra_ps_e is either unconnected or has no load
WARNING: [Synth 8-7129] Port saxihpc0_fpd_wclk in module zynq_ultra_ps_e_v3_5_1_zynq_ultra_ps_e is either unconnected or has no load
WARNING: [Synth 8-7129] Port saxihpc1_fpd_rclk in module zynq_ultra_ps_e_v3_5_1_zynq_ultra_ps_e is either unconnected or has no load
WARNING: [Synth 8-7129] Port saxihpc1_fpd_wclk in module zynq_ultra_ps_e_v3_5_1_zynq_ultra_ps_e is either unconnected or has no load
WARNING: [Synth 8-7129] Port saxihp0_fpd_rclk in module zynq_ultra_ps_e_v3_5_1_zynq_ultra_ps_e is either unconnected or has no load
WARNING: [Synth 8-7129] Port saxihp0_fpd_wclk in module zynq_ultra_ps_e_v3_5_1_zynq_ultra_ps_e is either unconnected or has no load
WARNING: [Synth 8-7129] Port saxihp1_fpd_rclk in module zynq_ultra_ps_e_v3_5_1_zynq_ultra_ps_e is either unconnected or has no load
WARNING: [Synth 8-7129] Port saxihp1_fpd_wclk in module zynq_ultra_ps_e_v3_5_1_zynq_ultra_ps_e is either unconnected or has no load
WARNING: [Synth 8-7129] Port saxihp2_fpd_rclk in module zynq_ultra_ps_e_v3_5_1_zynq_ultra_ps_e is either unconnected or has no load
WARNING: [Synth 8-7129] Port saxihp2_fpd_wclk in module zynq_ultra_ps_e_v3_5_1_zynq_ultra_ps_e is either unconnected or has no load
WARNING: [Synth 8-7129] Port saxihp3_fpd_rclk in module zynq_ultra_ps_e_v3_5_1_zynq_ultra_ps_e is either unconnected or has no load
WARNING: [Synth 8-7129] Port saxihp3_fpd_wclk in module zynq_ultra_ps_e_v3_5_1_zynq_ultra_ps_e is either unconnected or has no load
WARNING: [Synth 8-7129] Port saxi_lpd_rclk in module zynq_ultra_ps_e_v3_5_1_zynq_ultra_ps_e is either unconnected or has no load
WARNING: [Synth 8-7129] Port saxi_lpd_wclk in module zynq_ultra_ps_e_v3_5_1_zynq_ultra_ps_e is either unconnected or has no load
WARNING: [Synth 8-7129] Port sacefpd_awuser[15] in module zynq_ultra_ps_e_v3_5_1_zynq_ultra_ps_e is either unconnected or has no load
WARNING: [Synth 8-7129] Port sacefpd_awuser[14] in module zynq_ultra_ps_e_v3_5_1_zynq_ultra_ps_e is either unconnected or has no load
WARNING: [Synth 8-7129] Port sacefpd_awuser[13] in module zynq_ultra_ps_e_v3_5_1_zynq_ultra_ps_e is either unconnected or has no load
WARNING: [Synth 8-7129] Port sacefpd_awuser[12] in module zynq_ultra_ps_e_v3_5_1_zynq_ultra_ps_e is either unconnected or has no load
WARNING: [Synth 8-7129] Port sacefpd_awuser[11] in module zynq_ultra_ps_e_v3_5_1_zynq_ultra_ps_e is either unconnected or has no load
WARNING: [Synth 8-7129] Port sacefpd_awuser[10] in module zynq_ultra_ps_e_v3_5_1_zynq_ultra_ps_e is either unconnected or has no load
WARNING: [Synth 8-7129] Port sacefpd_awuser[9] in module zynq_ultra_ps_e_v3_5_1_zynq_ultra_ps_e is either unconnected or has no load
WARNING: [Synth 8-7129] Port sacefpd_awuser[8] in module zynq_ultra_ps_e_v3_5_1_zynq_ultra_ps_e is either unconnected or has no load
WARNING: [Synth 8-7129] Port sacefpd_awuser[7] in module zynq_ultra_ps_e_v3_5_1_zynq_ultra_ps_e is either unconnected or has no load
WARNING: [Synth 8-7129] Port sacefpd_awuser[6] in module zynq_ultra_ps_e_v3_5_1_zynq_ultra_ps_e is either unconnected or has no load
WARNING: [Synth 8-7129] Port sacefpd_aruser[15] in module zynq_ultra_ps_e_v3_5_1_zynq_ultra_ps_e is either unconnected or has no load
WARNING: [Synth 8-7129] Port sacefpd_aruser[14] in module zynq_ultra_ps_e_v3_5_1_zynq_ultra_ps_e is either unconnected or has no load
WARNING: [Synth 8-7129] Port sacefpd_aruser[13] in module zynq_ultra_ps_e_v3_5_1_zynq_ultra_ps_e is either unconnected or has no load
WARNING: [Synth 8-7129] Port sacefpd_aruser[12] in module zynq_ultra_ps_e_v3_5_1_zynq_ultra_ps_e is either unconnected or has no load
WARNING: [Synth 8-7129] Port sacefpd_aruser[11] in module zynq_ultra_ps_e_v3_5_1_zynq_ultra_ps_e is either unconnected or has no load
WARNING: [Synth 8-7129] Port sacefpd_aruser[10] in module zynq_ultra_ps_e_v3_5_1_zynq_ultra_ps_e is either unconnected or has no load
WARNING: [Synth 8-7129] Port sacefpd_aruser[9] in module zynq_ultra_ps_e_v3_5_1_zynq_ultra_ps_e is either unconnected or has no load
WARNING: [Synth 8-7129] Port sacefpd_aruser[8] in module zynq_ultra_ps_e_v3_5_1_zynq_ultra_ps_e is either unconnected or has no load
WARNING: [Synth 8-7129] Port sacefpd_aruser[7] in module zynq_ultra_ps_e_v3_5_1_zynq_ultra_ps_e is either unconnected or has no load
WARNING: [Synth 8-7129] Port sacefpd_aruser[6] in module zynq_ultra_ps_e_v3_5_1_zynq_ultra_ps_e is either unconnected or has no load
WARNING: [Synth 8-7129] Port test_adc_clk[3] in module zynq_ultra_ps_e_v3_5_1_zynq_ultra_ps_e is either unconnected or has no load
WARNING: [Synth 8-7129] Port test_adc_clk[2] in module zynq_ultra_ps_e_v3_5_1_zynq_ultra_ps_e is either unconnected or has no load
WARNING: [Synth 8-7129] Port test_adc_clk[1] in module zynq_ultra_ps_e_v3_5_1_zynq_ultra_ps_e is either unconnected or has no load
WARNING: [Synth 8-7129] Port test_adc_clk[0] in module zynq_ultra_ps_e_v3_5_1_zynq_ultra_ps_e is either unconnected or has no load
WARNING: [Synth 8-7129] Port test_adc_in[31] in module zynq_ultra_ps_e_v3_5_1_zynq_ultra_ps_e is either unconnected or has no load
WARNING: [Synth 8-7129] Port test_adc_in[30] in module zynq_ultra_ps_e_v3_5_1_zynq_ultra_ps_e is either unconnected or has no load
WARNING: [Synth 8-7129] Port test_adc_in[29] in module zynq_ultra_ps_e_v3_5_1_zynq_ultra_ps_e is either unconnected or has no load
WARNING: [Synth 8-7129] Port test_adc_in[28] in module zynq_ultra_ps_e_v3_5_1_zynq_ultra_ps_e is either unconnected or has no load
WARNING: [Synth 8-7129] Port test_adc_in[27] in module zynq_ultra_ps_e_v3_5_1_zynq_ultra_ps_e is either unconnected or has no load
WARNING: [Synth 8-7129] Port test_adc_in[26] in module zynq_ultra_ps_e_v3_5_1_zynq_ultra_ps_e is either unconnected or has no load
WARNING: [Synth 8-7129] Port test_adc_in[25] in module zynq_ultra_ps_e_v3_5_1_zynq_ultra_ps_e is either unconnected or has no load
WARNING: [Synth 8-7129] Port test_adc_in[24] in module zynq_ultra_ps_e_v3_5_1_zynq_ultra_ps_e is either unconnected or has no load
WARNING: [Synth 8-7129] Port test_adc_in[23] in module zynq_ultra_ps_e_v3_5_1_zynq_ultra_ps_e is either unconnected or has no load
WARNING: [Synth 8-7129] Port test_adc_in[22] in module zynq_ultra_ps_e_v3_5_1_zynq_ultra_ps_e is either unconnected or has no load
WARNING: [Synth 8-7129] Port test_adc_in[21] in module zynq_ultra_ps_e_v3_5_1_zynq_ultra_ps_e is either unconnected or has no load
WARNING: [Synth 8-7129] Port test_adc_in[20] in module zynq_ultra_ps_e_v3_5_1_zynq_ultra_ps_e is either unconnected or has no load
WARNING: [Synth 8-7129] Port test_adc_in[19] in module zynq_ultra_ps_e_v3_5_1_zynq_ultra_ps_e is either unconnected or has no load
WARNING: [Synth 8-7129] Port test_adc_in[18] in module zynq_ultra_ps_e_v3_5_1_zynq_ultra_ps_e is either unconnected or has no load
WARNING: [Synth 8-7129] Port test_adc_in[17] in module zynq_ultra_ps_e_v3_5_1_zynq_ultra_ps_e is either unconnected or has no load
WARNING: [Synth 8-7129] Port test_adc_in[16] in module zynq_ultra_ps_e_v3_5_1_zynq_ultra_ps_e is either unconnected or has no load
WARNING: [Synth 8-7129] Port test_adc_in[15] in module zynq_ultra_ps_e_v3_5_1_zynq_ultra_ps_e is either unconnected or has no load
WARNING: [Synth 8-7129] Port test_adc_in[14] in module zynq_ultra_ps_e_v3_5_1_zynq_ultra_ps_e is either unconnected or has no load
WARNING: [Synth 8-7129] Port test_adc_in[13] in module zynq_ultra_ps_e_v3_5_1_zynq_ultra_ps_e is either unconnected or has no load
WARNING: [Synth 8-7129] Port test_adc_in[12] in module zynq_ultra_ps_e_v3_5_1_zynq_ultra_ps_e is either unconnected or has no load
WARNING: [Synth 8-7129] Port test_adc_in[11] in module zynq_ultra_ps_e_v3_5_1_zynq_ultra_ps_e is either unconnected or has no load
WARNING: [Synth 8-7129] Port test_adc_in[10] in module zynq_ultra_ps_e_v3_5_1_zynq_ultra_ps_e is either unconnected or has no load
WARNING: [Synth 8-7129] Port test_adc_in[9] in module zynq_ultra_ps_e_v3_5_1_zynq_ultra_ps_e is either unconnected or has no load
WARNING: [Synth 8-7129] Port test_adc_in[8] in module zynq_ultra_ps_e_v3_5_1_zynq_ultra_ps_e is either unconnected or has no load
WARNING: [Synth 8-7129] Port test_adc_in[7] in module zynq_ultra_ps_e_v3_5_1_zynq_ultra_ps_e is either unconnected or has no load
WARNING: [Synth 8-7129] Port test_adc_in[6] in module zynq_ultra_ps_e_v3_5_1_zynq_ultra_ps_e is either unconnected or has no load
WARNING: [Synth 8-7129] Port test_adc_in[5] in module zynq_ultra_ps_e_v3_5_1_zynq_ultra_ps_e is either unconnected or has no load
WARNING: [Synth 8-7129] Port test_adc_in[4] in module zynq_ultra_ps_e_v3_5_1_zynq_ultra_ps_e is either unconnected or has no load
WARNING: [Synth 8-7129] Port test_adc_in[3] in module zynq_ultra_ps_e_v3_5_1_zynq_ultra_ps_e is either unconnected or has no load
WARNING: [Synth 8-7129] Port test_adc_in[2] in module zynq_ultra_ps_e_v3_5_1_zynq_ultra_ps_e is either unconnected or has no load
WARNING: [Synth 8-7129] Port test_adc_in[1] in module zynq_ultra_ps_e_v3_5_1_zynq_ultra_ps_e is either unconnected or has no load
WARNING: [Synth 8-7129] Port test_adc_in[0] in module zynq_ultra_ps_e_v3_5_1_zynq_ultra_ps_e is either unconnected or has no load
WARNING: [Synth 8-7129] Port test_adc2_in[31] in module zynq_ultra_ps_e_v3_5_1_zynq_ultra_ps_e is either unconnected or has no load
WARNING: [Synth 8-7129] Port test_adc2_in[30] in module zynq_ultra_ps_e_v3_5_1_zynq_ultra_ps_e is either unconnected or has no load
WARNING: [Synth 8-7129] Port test_adc2_in[29] in module zynq_ultra_ps_e_v3_5_1_zynq_ultra_ps_e is either unconnected or has no load
WARNING: [Synth 8-7129] Port test_adc2_in[28] in module zynq_ultra_ps_e_v3_5_1_zynq_ultra_ps_e is either unconnected or has no load
WARNING: [Synth 8-7129] Port test_adc2_in[27] in module zynq_ultra_ps_e_v3_5_1_zynq_ultra_ps_e is either unconnected or has no load
WARNING: [Synth 8-7129] Port test_adc2_in[26] in module zynq_ultra_ps_e_v3_5_1_zynq_ultra_ps_e is either unconnected or has no load
WARNING: [Synth 8-7129] Port test_adc2_in[25] in module zynq_ultra_ps_e_v3_5_1_zynq_ultra_ps_e is either unconnected or has no load
WARNING: [Synth 8-7129] Port test_adc2_in[24] in module zynq_ultra_ps_e_v3_5_1_zynq_ultra_ps_e is either unconnected or has no load
WARNING: [Synth 8-7129] Port test_adc2_in[23] in module zynq_ultra_ps_e_v3_5_1_zynq_ultra_ps_e is either unconnected or has no load
WARNING: [Synth 8-7129] Port test_adc2_in[22] in module zynq_ultra_ps_e_v3_5_1_zynq_ultra_ps_e is either unconnected or has no load
WARNING: [Synth 8-7129] Port test_adc2_in[21] in module zynq_ultra_ps_e_v3_5_1_zynq_ultra_ps_e is either unconnected or has no load
WARNING: [Synth 8-7129] Port test_adc2_in[20] in module zynq_ultra_ps_e_v3_5_1_zynq_ultra_ps_e is either unconnected or has no load
WARNING: [Synth 8-7129] Port test_adc2_in[19] in module zynq_ultra_ps_e_v3_5_1_zynq_ultra_ps_e is either unconnected or has no load
WARNING: [Synth 8-7129] Port test_adc2_in[18] in module zynq_ultra_ps_e_v3_5_1_zynq_ultra_ps_e is either unconnected or has no load
WARNING: [Synth 8-7129] Port test_adc2_in[17] in module zynq_ultra_ps_e_v3_5_1_zynq_ultra_ps_e is either unconnected or has no load
WARNING: [Synth 8-7129] Port test_adc2_in[16] in module zynq_ultra_ps_e_v3_5_1_zynq_ultra_ps_e is either unconnected or has no load
WARNING: [Synth 8-7129] Port test_adc2_in[15] in module zynq_ultra_ps_e_v3_5_1_zynq_ultra_ps_e is either unconnected or has no load
WARNING: [Synth 8-7129] Port test_adc2_in[14] in module zynq_ultra_ps_e_v3_5_1_zynq_ultra_ps_e is either unconnected or has no load
WARNING: [Synth 8-7129] Port test_adc2_in[13] in module zynq_ultra_ps_e_v3_5_1_zynq_ultra_ps_e is either unconnected or has no load
WARNING: [Synth 8-7129] Port test_adc2_in[12] in module zynq_ultra_ps_e_v3_5_1_zynq_ultra_ps_e is either unconnected or has no load
WARNING: [Synth 8-7129] Port test_adc2_in[11] in module zynq_ultra_ps_e_v3_5_1_zynq_ultra_ps_e is either unconnected or has no load
WARNING: [Synth 8-7129] Port test_adc2_in[10] in module zynq_ultra_ps_e_v3_5_1_zynq_ultra_ps_e is either unconnected or has no load
WARNING: [Synth 8-7129] Port test_adc2_in[9] in module zynq_ultra_ps_e_v3_5_1_zynq_ultra_ps_e is either unconnected or has no load
WARNING: [Synth 8-7129] Port test_adc2_in[8] in module zynq_ultra_ps_e_v3_5_1_zynq_ultra_ps_e is either unconnected or has no load
WARNING: [Synth 8-7129] Port test_adc2_in[7] in module zynq_ultra_ps_e_v3_5_1_zynq_ultra_ps_e is either unconnected or has no load
INFO: [Common 17-14] Message 'Synth 8-7129' appears 100 times and further instances of the messages will be disabled. Use the Tcl command set_msg_config to change the current settings.
---------------------------------------------------------------------------------
Finished RTL Elaboration : Time (s): cpu = 00:00:05 ; elapsed = 00:00:05 . Memory (MB): peak = 2695.395 ; gain = 372.746 ; free physical = 14633 ; free virtual = 28108
---------------------------------------------------------------------------------
---------------------------------------------------------------------------------
Start Handling Custom Attributes
---------------------------------------------------------------------------------
---------------------------------------------------------------------------------
Finished Handling Custom Attributes : Time (s): cpu = 00:00:05 ; elapsed = 00:00:05 . Memory (MB): peak = 2695.395 ; gain = 372.746 ; free physical = 14633 ; free virtual = 28108
---------------------------------------------------------------------------------
---------------------------------------------------------------------------------
Finished RTL Optimization Phase 1 : Time (s): cpu = 00:00:05 ; elapsed = 00:00:05 . Memory (MB): peak = 2695.395 ; gain = 372.746 ; free physical = 14633 ; free virtual = 28108
---------------------------------------------------------------------------------
Netlist sorting complete. Time (s): cpu = 00:00:00.01 ; elapsed = 00:00:00.02 . Memory (MB): peak = 2703.395 ; gain = 0.000 ; free physical = 14634 ; free virtual = 28109
INFO: [Project 1-570] Preparing netlist for logic optimization

Processing XDC Constraints
Initializing timing engine
Parsing XDC File [/home/jgaitan/Documents/proyecto_1_borrador/project_1/project_1.gen/sources_1/bd/design_1/ip/design_1_zynq_ultra_ps_e_0_0/design_1_zynq_ultra_ps_e_0_0_ooc.xdc] for cell 'inst'
Finished Parsing XDC File [/home/jgaitan/Documents/proyecto_1_borrador/project_1/project_1.gen/sources_1/bd/design_1/ip/design_1_zynq_ultra_ps_e_0_0/design_1_zynq_ultra_ps_e_0_0_ooc.xdc] for cell 'inst'
Parsing XDC File [/home/jgaitan/Documents/proyecto_1_borrador/project_1/project_1.gen/sources_1/bd/design_1/ip/design_1_zynq_ultra_ps_e_0_0/design_1_zynq_ultra_ps_e_0_0.xdc] for cell 'inst'
Finished Parsing XDC File [/home/jgaitan/Documents/proyecto_1_borrador/project_1/project_1.gen/sources_1/bd/design_1/ip/design_1_zynq_ultra_ps_e_0_0/design_1_zynq_ultra_ps_e_0_0.xdc] for cell 'inst'
Parsing XDC File [/home/jgaitan/Documents/proyecto_1_borrador/project_1/project_1.runs/design_1_zynq_ultra_ps_e_0_0_synth_1/dont_touch.xdc]
Finished Parsing XDC File [/home/jgaitan/Documents/proyecto_1_borrador/project_1/project_1.runs/design_1_zynq_ultra_ps_e_0_0_synth_1/dont_touch.xdc]
Completed Processing XDC Constraints

Netlist sorting complete. Time (s): cpu = 00:00:00 ; elapsed = 00:00:00 . Memory (MB): peak = 2767.426 ; gain = 0.000 ; free physical = 14627 ; free virtual = 28102
INFO: [Project 1-111] Unisim Transformation Summary:
No Unisim elements were transformed.

Constraint Validation Runtime : Time (s): cpu = 00:00:00.03 ; elapsed = 00:00:00.03 . Memory (MB): peak = 2767.461 ; gain = 0.000 ; free physical = 14626 ; free virtual = 28101
INFO: [Designutils 20-5008] Incremental synthesis strategy off
---------------------------------------------------------------------------------
Finished Constraint Validation : Time (s): cpu = 00:00:14 ; elapsed = 00:00:14 . Memory (MB): peak = 2767.461 ; gain = 444.812 ; free physical = 14625 ; free virtual = 28101
---------------------------------------------------------------------------------
---------------------------------------------------------------------------------
Start Loading Part and Timing Information
---------------------------------------------------------------------------------
Loading part: xck26-sfvc784-2LV-c
INFO: [Synth 8-6742] Reading net delay rules and data
---------------------------------------------------------------------------------
Finished Loading Part and Timing Information : Time (s): cpu = 00:00:14 ; elapsed = 00:00:14 . Memory (MB): peak = 2767.461 ; gain = 444.812 ; free physical = 14625 ; free virtual = 28101
---------------------------------------------------------------------------------
---------------------------------------------------------------------------------
Start Applying 'set_property' XDC Constraints
---------------------------------------------------------------------------------
Applied set_property DONT_TOUCH = true for inst/PS8_i. (constraint file  /home/jgaitan/Documents/proyecto_1_borrador/project_1/project_1.gen/sources_1/bd/design_1/ip/design_1_zynq_ultra_ps_e_0_0/design_1_zynq_ultra_ps_e_0_0.xdc, line 25).
Applied set_property KEEP_HIERARCHY = SOFT for inst. (constraint file  /home/jgaitan/Documents/proyecto_1_borrador/project_1/project_1.runs/design_1_zynq_ultra_ps_e_0_0_synth_1/dont_touch.xdc, line 9).
---------------------------------------------------------------------------------
Finished applying 'set_property' XDC Constraints : Time (s): cpu = 00:00:14 ; elapsed = 00:00:14 . Memory (MB): peak = 2767.461 ; gain = 444.812 ; free physical = 14625 ; free virtual = 28101
---------------------------------------------------------------------------------
---------------------------------------------------------------------------------
Finished RTL Optimization Phase 2 : Time (s): cpu = 00:00:14 ; elapsed = 00:00:14 . Memory (MB): peak = 2767.461 ; gain = 444.812 ; free physical = 14624 ; free virtual = 28100
---------------------------------------------------------------------------------
---------------------------------------------------------------------------------
Start RTL Component Statistics 
---------------------------------------------------------------------------------
Detailed RTL Component Info : 
+---Registers : 
	                1 Bit    Registers := 1     
---------------------------------------------------------------------------------
Finished RTL Component Statistics 
---------------------------------------------------------------------------------
---------------------------------------------------------------------------------
Start Part Resource Summary
---------------------------------------------------------------------------------
Part Resources:
DSPs: 1248 (col length:96)
BRAMs: 288 (col length: RAMB18 96 RAMB36 48)
---------------------------------------------------------------------------------
Finished Part Resource Summary
---------------------------------------------------------------------------------
---------------------------------------------------------------------------------
Start Cross Boundary and Area Optimization
---------------------------------------------------------------------------------
WARNING: [Synth 8-7080] Parallel synthesis criteria is not met
---------------------------------------------------------------------------------
Finished Cross Boundary and Area Optimization : Time (s): cpu = 00:00:15 ; elapsed = 00:00:15 . Memory (MB): peak = 2767.461 ; gain = 444.812 ; free physical = 14616 ; free virtual = 28092
---------------------------------------------------------------------------------
---------------------------------------------------------------------------------
Start Applying XDC Timing Constraints
---------------------------------------------------------------------------------
---------------------------------------------------------------------------------
Finished Applying XDC Timing Constraints : Time (s): cpu = 00:00:23 ; elapsed = 00:00:23 . Memory (MB): peak = 4359.824 ; gain = 2037.176 ; free physical = 13135 ; free virtual = 26611
---------------------------------------------------------------------------------
---------------------------------------------------------------------------------
Start Timing Optimization
---------------------------------------------------------------------------------
---------------------------------------------------------------------------------
Finished Timing Optimization : Time (s): cpu = 00:00:23 ; elapsed = 00:00:23 . Memory (MB): peak = 4385.832 ; gain = 2063.184 ; free physical = 13116 ; free virtual = 26592
---------------------------------------------------------------------------------
---------------------------------------------------------------------------------
Start Technology Mapping
---------------------------------------------------------------------------------
---------------------------------------------------------------------------------
Finished Technology Mapping : Time (s): cpu = 00:00:23 ; elapsed = 00:00:24 . Memory (MB): peak = 4393.840 ; gain = 2071.191 ; free physical = 13106 ; free virtual = 26582
---------------------------------------------------------------------------------
---------------------------------------------------------------------------------
Start IO Insertion
---------------------------------------------------------------------------------
---------------------------------------------------------------------------------
Start Flattening Before IO Insertion
---------------------------------------------------------------------------------
---------------------------------------------------------------------------------
Finished Flattening Before IO Insertion
---------------------------------------------------------------------------------
---------------------------------------------------------------------------------
Start Final Netlist Cleanup
---------------------------------------------------------------------------------
---------------------------------------------------------------------------------
Finished Final Netlist Cleanup
---------------------------------------------------------------------------------
INFO: [Synth 8-3295] tying undriven pin trace_ctl_pipe[0]_inferred:in0 to constant 0
INFO: [Synth 8-3295] tying undriven pin trace_data_pipe[0]_inferred:in0[31] to constant 0
INFO: [Synth 8-3295] tying undriven pin trace_data_pipe[0]_inferred:in0[30] to constant 0
INFO: [Synth 8-3295] tying undriven pin trace_data_pipe[0]_inferred:in0[29] to constant 0
INFO: [Synth 8-3295] tying undriven pin trace_data_pipe[0]_inferred:in0[28] to constant 0
INFO: [Synth 8-3295] tying undriven pin trace_data_pipe[0]_inferred:in0[27] to constant 0
INFO: [Synth 8-3295] tying undriven pin trace_data_pipe[0]_inferred:in0[26] to constant 0
INFO: [Synth 8-3295] tying undriven pin trace_data_pipe[0]_inferred:in0[25] to constant 0
INFO: [Synth 8-3295] tying undriven pin trace_data_pipe[0]_inferred:in0[24] to constant 0
INFO: [Synth 8-3295] tying undriven pin trace_data_pipe[0]_inferred:in0[23] to constant 0
INFO: [Synth 8-3295] tying undriven pin trace_data_pipe[0]_inferred:in0[22] to constant 0
INFO: [Synth 8-3295] tying undriven pin trace_data_pipe[0]_inferred:in0[21] to constant 0
INFO: [Synth 8-3295] tying undriven pin trace_data_pipe[0]_inferred:in0[20] to constant 0
INFO: [Synth 8-3295] tying undriven pin trace_data_pipe[0]_inferred:in0[19] to constant 0
INFO: [Synth 8-3295] tying undriven pin trace_data_pipe[0]_inferred:in0[18] to constant 0
INFO: [Synth 8-3295] tying undriven pin trace_data_pipe[0]_inferred:in0[17] to constant 0
INFO: [Synth 8-3295] tying undriven pin trace_data_pipe[0]_inferred:in0[16] to constant 0
INFO: [Synth 8-3295] tying undriven pin trace_data_pipe[0]_inferred:in0[15] to constant 0
INFO: [Synth 8-3295] tying undriven pin trace_data_pipe[0]_inferred:in0[14] to constant 0
INFO: [Synth 8-3295] tying undriven pin trace_data_pipe[0]_inferred:in0[13] to constant 0
INFO: [Synth 8-3295] tying undriven pin trace_data_pipe[0]_inferred:in0[12] to constant 0
INFO: [Synth 8-3295] tying undriven pin trace_data_pipe[0]_inferred:in0[11] to constant 0
INFO: [Synth 8-3295] tying undriven pin trace_data_pipe[0]_inferred:in0[10] to constant 0
INFO: [Synth 8-3295] tying undriven pin trace_data_pipe[0]_inferred:in0[9] to constant 0
INFO: [Synth 8-3295] tying undriven pin trace_data_pipe[0]_inferred:in0[8] to constant 0
INFO: [Synth 8-3295] tying undriven pin trace_data_pipe[0]_inferred:in0[7] to constant 0
INFO: [Synth 8-3295] tying undriven pin trace_data_pipe[0]_inferred:in0[6] to constant 0
INFO: [Synth 8-3295] tying undriven pin trace_data_pipe[0]_inferred:in0[5] to constant 0
INFO: [Synth 8-3295] tying undriven pin trace_data_pipe[0]_inferred:in0[4] to constant 0
INFO: [Synth 8-3295] tying undriven pin trace_data_pipe[0]_inferred:in0[3] to constant 0
INFO: [Synth 8-3295] tying undriven pin trace_data_pipe[0]_inferred:in0[2] to constant 0
INFO: [Synth 8-3295] tying undriven pin trace_data_pipe[0]_inferred:in0[1] to constant 0
INFO: [Synth 8-3295] tying undriven pin trace_data_pipe[0]_inferred:in0[0] to constant 0
INFO: [Synth 8-3295] tying undriven pin trace_ctl_pipe[7]_inferred:in0 to constant 0
INFO: [Synth 8-3295] tying undriven pin trace_ctl_pipe[6]_inferred:in0 to constant 0
INFO: [Synth 8-3295] tying undriven pin trace_ctl_pipe[5]_inferred:in0 to constant 0
INFO: [Synth 8-3295] tying undriven pin trace_ctl_pipe[4]_inferred:in0 to constant 0
INFO: [Synth 8-3295] tying undriven pin trace_ctl_pipe[3]_inferred:in0 to constant 0
INFO: [Synth 8-3295] tying undriven pin trace_ctl_pipe[2]_inferred:in0 to constant 0
INFO: [Synth 8-3295] tying undriven pin trace_ctl_pipe[1]_inferred:in0 to constant 0
INFO: [Synth 8-3295] tying undriven pin trace_data_pipe[7]_inferred:in0[31] to constant 0
INFO: [Synth 8-3295] tying undriven pin trace_data_pipe[7]_inferred:in0[30] to constant 0
INFO: [Synth 8-3295] tying undriven pin trace_data_pipe[7]_inferred:in0[29] to constant 0
INFO: [Synth 8-3295] tying undriven pin trace_data_pipe[7]_inferred:in0[28] to constant 0
INFO: [Synth 8-3295] tying undriven pin trace_data_pipe[7]_inferred:in0[27] to constant 0
INFO: [Synth 8-3295] tying undriven pin trace_data_pipe[7]_inferred:in0[26] to constant 0
INFO: [Synth 8-3295] tying undriven pin trace_data_pipe[7]_inferred:in0[25] to constant 0
INFO: [Synth 8-3295] tying undriven pin trace_data_pipe[7]_inferred:in0[24] to constant 0
INFO: [Synth 8-3295] tying undriven pin trace_data_pipe[7]_inferred:in0[23] to constant 0
INFO: [Synth 8-3295] tying undriven pin trace_data_pipe[7]_inferred:in0[22] to constant 0
INFO: [Synth 8-3295] tying undriven pin trace_data_pipe[7]_inferred:in0[21] to constant 0
INFO: [Synth 8-3295] tying undriven pin trace_data_pipe[7]_inferred:in0[20] to constant 0
INFO: [Synth 8-3295] tying undriven pin trace_data_pipe[7]_inferred:in0[19] to constant 0
INFO: [Synth 8-3295] tying undriven pin trace_data_pipe[7]_inferred:in0[18] to constant 0
INFO: [Synth 8-3295] tying undriven pin trace_data_pipe[7]_inferred:in0[17] to constant 0
INFO: [Synth 8-3295] tying undriven pin trace_data_pipe[7]_inferred:in0[16] to constant 0
INFO: [Synth 8-3295] tying undriven pin trace_data_pipe[7]_inferred:in0[15] to constant 0
INFO: [Synth 8-3295] tying undriven pin trace_data_pipe[7]_inferred:in0[14] to constant 0
INFO: [Synth 8-3295] tying undriven pin trace_data_pipe[7]_inferred:in0[13] to constant 0
INFO: [Synth 8-3295] tying undriven pin trace_data_pipe[7]_inferred:in0[12] to constant 0
INFO: [Synth 8-3295] tying undriven pin trace_data_pipe[7]_inferred:in0[11] to constant 0
INFO: [Synth 8-3295] tying undriven pin trace_data_pipe[7]_inferred:in0[10] to constant 0
INFO: [Synth 8-3295] tying undriven pin trace_data_pipe[7]_inferred:in0[9] to constant 0
INFO: [Synth 8-3295] tying undriven pin trace_data_pipe[7]_inferred:in0[8] to constant 0
INFO: [Synth 8-3295] tying undriven pin trace_data_pipe[7]_inferred:in0[7] to constant 0
INFO: [Synth 8-3295] tying undriven pin trace_data_pipe[7]_inferred:in0[6] to constant 0
INFO: [Synth 8-3295] tying undriven pin trace_data_pipe[7]_inferred:in0[5] to constant 0
INFO: [Synth 8-3295] tying undriven pin trace_data_pipe[7]_inferred:in0[4] to constant 0
INFO: [Synth 8-3295] tying undriven pin trace_data_pipe[7]_inferred:in0[3] to constant 0
INFO: [Synth 8-3295] tying undriven pin trace_data_pipe[7]_inferred:in0[2] to constant 0
INFO: [Synth 8-3295] tying undriven pin trace_data_pipe[7]_inferred:in0[1] to constant 0
INFO: [Synth 8-3295] tying undriven pin trace_data_pipe[7]_inferred:in0[0] to constant 0
INFO: [Synth 8-3295] tying undriven pin trace_data_pipe[6]_inferred:in0[31] to constant 0
INFO: [Synth 8-3295] tying undriven pin trace_data_pipe[6]_inferred:in0[30] to constant 0
INFO: [Synth 8-3295] tying undriven pin trace_data_pipe[6]_inferred:in0[29] to constant 0
INFO: [Synth 8-3295] tying undriven pin trace_data_pipe[6]_inferred:in0[28] to constant 0
INFO: [Synth 8-3295] tying undriven pin trace_data_pipe[6]_inferred:in0[27] to constant 0
INFO: [Synth 8-3295] tying undriven pin trace_data_pipe[6]_inferred:in0[26] to constant 0
INFO: [Synth 8-3295] tying undriven pin trace_data_pipe[6]_inferred:in0[25] to constant 0
INFO: [Synth 8-3295] tying undriven pin trace_data_pipe[6]_inferred:in0[24] to constant 0
INFO: [Synth 8-3295] tying undriven pin trace_data_pipe[6]_inferred:in0[23] to constant 0
INFO: [Synth 8-3295] tying undriven pin trace_data_pipe[6]_inferred:in0[22] to constant 0
INFO: [Synth 8-3295] tying undriven pin trace_data_pipe[6]_inferred:in0[21] to constant 0
INFO: [Synth 8-3295] tying undriven pin trace_data_pipe[6]_inferred:in0[20] to constant 0
INFO: [Synth 8-3295] tying undriven pin trace_data_pipe[6]_inferred:in0[19] to constant 0
INFO: [Synth 8-3295] tying undriven pin trace_data_pipe[6]_inferred:in0[18] to constant 0
INFO: [Synth 8-3295] tying undriven pin trace_data_pipe[6]_inferred:in0[17] to constant 0
INFO: [Synth 8-3295] tying undriven pin trace_data_pipe[6]_inferred:in0[16] to constant 0
INFO: [Synth 8-3295] tying undriven pin trace_data_pipe[6]_inferred:in0[15] to constant 0
INFO: [Synth 8-3295] tying undriven pin trace_data_pipe[6]_inferred:in0[14] to constant 0
INFO: [Synth 8-3295] tying undriven pin trace_data_pipe[6]_inferred:in0[13] to constant 0
INFO: [Synth 8-3295] tying undriven pin trace_data_pipe[6]_inferred:in0[12] to constant 0
INFO: [Synth 8-3295] tying undriven pin trace_data_pipe[6]_inferred:in0[11] to constant 0
INFO: [Synth 8-3295] tying undriven pin trace_data_pipe[6]_inferred:in0[10] to constant 0
INFO: [Synth 8-3295] tying undriven pin trace_data_pipe[6]_inferred:in0[9] to constant 0
INFO: [Synth 8-3295] tying undriven pin trace_data_pipe[6]_inferred:in0[8] to constant 0
INFO: [Synth 8-3295] tying undriven pin trace_data_pipe[6]_inferred:in0[7] to constant 0
INFO: [Synth 8-3295] tying undriven pin trace_data_pipe[6]_inferred:in0[6] to constant 0
INFO: [Synth 8-3295] tying undriven pin trace_data_pipe[6]_inferred:in0[5] to constant 0
INFO: [Synth 8-3295] tying undriven pin trace_data_pipe[6]_inferred:in0[4] to constant 0
INFO: [Common 17-14] Message 'Synth 8-3295' appears 100 times and further instances of the messages will be disabled. Use the Tcl command set_msg_config to change the current settings.
---------------------------------------------------------------------------------
Finished IO Insertion : Time (s): cpu = 00:00:26 ; elapsed = 00:00:27 . Memory (MB): peak = 4404.746 ; gain = 2082.098 ; free physical = 13103 ; free virtual = 26579
---------------------------------------------------------------------------------
---------------------------------------------------------------------------------
Start Renaming Generated Instances
---------------------------------------------------------------------------------
---------------------------------------------------------------------------------
Finished Renaming Generated Instances : Time (s): cpu = 00:00:26 ; elapsed = 00:00:27 . Memory (MB): peak = 4404.746 ; gain = 2082.098 ; free physical = 13103 ; free virtual = 26579
---------------------------------------------------------------------------------
---------------------------------------------------------------------------------
Start Rebuilding User Hierarchy
---------------------------------------------------------------------------------
---------------------------------------------------------------------------------
Finished Rebuilding User Hierarchy : Time (s): cpu = 00:00:26 ; elapsed = 00:00:27 . Memory (MB): peak = 4404.746 ; gain = 2082.098 ; free physical = 13103 ; free virtual = 26579
---------------------------------------------------------------------------------
---------------------------------------------------------------------------------
Start Renaming Generated Ports
---------------------------------------------------------------------------------
---------------------------------------------------------------------------------
Finished Renaming Generated Ports : Time (s): cpu = 00:00:26 ; elapsed = 00:00:27 . Memory (MB): peak = 4404.746 ; gain = 2082.098 ; free physical = 13103 ; free virtual = 26579
---------------------------------------------------------------------------------
---------------------------------------------------------------------------------
Start Handling Custom Attributes
---------------------------------------------------------------------------------
---------------------------------------------------------------------------------
Finished Handling Custom Attributes : Time (s): cpu = 00:00:26 ; elapsed = 00:00:27 . Memory (MB): peak = 4404.746 ; gain = 2082.098 ; free physical = 13103 ; free virtual = 26579
---------------------------------------------------------------------------------
---------------------------------------------------------------------------------
Start Renaming Generated Nets
---------------------------------------------------------------------------------
---------------------------------------------------------------------------------
Finished Renaming Generated Nets : Time (s): cpu = 00:00:26 ; elapsed = 00:00:27 . Memory (MB): peak = 4404.746 ; gain = 2082.098 ; free physical = 13103 ; free virtual = 26579
---------------------------------------------------------------------------------
---------------------------------------------------------------------------------
Start Writing Synthesis Report
---------------------------------------------------------------------------------

Report BlackBoxes: 
+-+--------------+----------+
| |BlackBox name |Instances |
+-+--------------+----------+
+-+--------------+----------+

Report Cell Usage: 
+------+--------+------+
|      |Cell    |Count |
+------+--------+------+
|1     |BUFG_PS |     1|
|2     |LUT1    |   264|
|3     |PS8     |     1|
+------+--------+------+
---------------------------------------------------------------------------------
Finished Writing Synthesis Report : Time (s): cpu = 00:00:26 ; elapsed = 00:00:27 . Memory (MB): peak = 4404.746 ; gain = 2082.098 ; free physical = 13103 ; free virtual = 26579
---------------------------------------------------------------------------------
Synthesis finished with 0 errors, 0 critical warnings and 570 warnings.
Synthesis Optimization Runtime : Time (s): cpu = 00:00:21 ; elapsed = 00:00:22 . Memory (MB): peak = 4404.746 ; gain = 2010.031 ; free physical = 13103 ; free virtual = 26579
Synthesis Optimization Complete : Time (s): cpu = 00:00:26 ; elapsed = 00:00:27 . Memory (MB): peak = 4404.754 ; gain = 2082.098 ; free physical = 13103 ; free virtual = 26579
INFO: [Project 1-571] Translating synthesized netlist
Netlist sorting complete. Time (s): cpu = 00:00:00.02 ; elapsed = 00:00:00.02 . Memory (MB): peak = 4404.754 ; gain = 0.000 ; free physical = 13388 ; free virtual = 26864
INFO: [Project 1-570] Preparing netlist for logic optimization
INFO: [Opt 31-138] Pushed 0 inverter(s) to 0 load pin(s).
Netlist sorting complete. Time (s): cpu = 00:00:00 ; elapsed = 00:00:00 . Memory (MB): peak = 4440.434 ; gain = 0.000 ; free physical = 13358 ; free virtual = 26834
INFO: [Project 1-111] Unisim Transformation Summary:
No Unisim elements were transformed.

Synth Design complete | Checksum: dbeab1ff
INFO: [Common 17-83] Releasing license: Synthesis
126 Infos, 174 Warnings, 0 Critical Warnings and 0 Errors encountered.
synth_design completed successfully
synth_design: Time (s): cpu = 00:00:33 ; elapsed = 00:00:31 . Memory (MB): peak = 4440.469 ; gain = 3044.914 ; free physical = 13358 ; free virtual = 26834
INFO: [Common 17-2834] synth_design peak Physical Memory [PSS] (MB): overall = 3633.223; main = 3633.223; forked = 383.569
INFO: [Common 17-2834] synth_design peak Virtual Memory [VSS] (MB): overall = 4440.438; main = 4440.438; forked = 981.441
INFO: [Common 17-1381] The checkpoint '/home/jgaitan/Documents/proyecto_1_borrador/project_1/project_1.runs/design_1_zynq_ultra_ps_e_0_0_synth_1/design_1_zynq_ultra_ps_e_0_0.dcp' has been generated.
INFO: [Coretcl 2-1648] Added synthesis output to IP cache for IP design_1_zynq_ultra_ps_e_0_0, cache-ID = e1bcd3894ca90d90
INFO: [Common 17-1381] The checkpoint '/home/jgaitan/Documents/proyecto_1_borrador/project_1/project_1.runs/design_1_zynq_ultra_ps_e_0_0_synth_1/design_1_zynq_ultra_ps_e_0_0.dcp' has been generated.
INFO: [runtcl-4] Executing : report_utilization -file design_1_zynq_ultra_ps_e_0_0_utilization_synth.rpt -pb design_1_zynq_ultra_ps_e_0_0_utilization_synth.pb
INFO: [Common 17-206] Exiting Vivado at Wed Feb 11 03:18:45 2026...
[Wed Feb 11 03:19:01 2026] design_1_zynq_ultra_ps_e_0_0_synth_1 finished
wait_on_runs: Time (s): cpu = 00:00:04 ; elapsed = 00:01:00 . Memory (MB): peak = 10444.434 ; gain = 0.000 ; free physical = 16745 ; free virtual = 30223
synth_design -top design_1_wrapper -part xck26-sfvc784-2LV-c -lint 
Command: synth_design -top design_1_wrapper -part xck26-sfvc784-2LV-c -lint
Starting synth_design
Attempting to get a license for feature 'Synthesis' and/or device 'xck26'
INFO: [Common 17-349] Got license for feature 'Synthesis' and/or device 'xck26'
INFO: [Synth 8-7079] Multithreading enabled for synth_design using a maximum of 4 processes.
INFO: [Synth 8-7078] Launching helper process for spawning children vivado processes
INFO: [Synth 8-7075] Helper process launched with PID 3431599
---------------------------------------------------------------------------------
Starting Synthesize : Time (s): cpu = 00:00:05 ; elapsed = 00:00:03 . Memory (MB): peak = 10508.059 ; gain = 63.625 ; free physical = 16174 ; free virtual = 29652
---------------------------------------------------------------------------------
Clean up Linter database...
INFO: [Synth 8-6157] synthesizing module 'design_1_wrapper' [/home/jgaitan/Documents/proyecto_1_borrador/project_1/project_1.gen/sources_1/bd/design_1/hdl/design_1_wrapper.v:13]
INFO: [Synth 8-6157] synthesizing module 'design_1' [/home/jgaitan/Documents/proyecto_1_borrador/project_1/project_1.gen/sources_1/bd/design_1/synth/design_1.v:13]
INFO: [Synth 8-6157] synthesizing module 'design_1_axi_gpio_0_0' [/home/jgaitan/Documents/proyecto_1_borrador/.Xil/Vivado-3328112-73bff328fa37/realtime/design_1_axi_gpio_0_0_stub.v:6]
INFO: [Synth 8-6155] done synthesizing module 'design_1_axi_gpio_0_0' (1#1) [/home/jgaitan/Documents/proyecto_1_borrador/.Xil/Vivado-3328112-73bff328fa37/realtime/design_1_axi_gpio_0_0_stub.v:6]
WARNING: [Synth 8-7071] port 'gpio_io_t' of module 'design_1_axi_gpio_0_0' is unconnected for instance 'axi_gpio_0' [/home/jgaitan/Documents/proyecto_1_borrador/project_1/project_1.gen/sources_1/bd/design_1/synth/design_1.v:140]
WARNING: [Synth 8-7071] port 'gpio2_io_t' of module 'design_1_axi_gpio_0_0' is unconnected for instance 'axi_gpio_0' [/home/jgaitan/Documents/proyecto_1_borrador/project_1/project_1.gen/sources_1/bd/design_1/synth/design_1.v:140]
WARNING: [Synth 8-7023] instance 'axi_gpio_0' of module 'design_1_axi_gpio_0_0' has 25 connections declared, but only 23 given [/home/jgaitan/Documents/proyecto_1_borrador/project_1/project_1.gen/sources_1/bd/design_1/synth/design_1.v:140]
INFO: [Synth 8-6157] synthesizing module 'design_1_axi_gpio_1_0' [/home/jgaitan/Documents/proyecto_1_borrador/.Xil/Vivado-3328112-73bff328fa37/realtime/design_1_axi_gpio_1_0_stub.v:6]
INFO: [Synth 8-6155] done synthesizing module 'design_1_axi_gpio_1_0' (2#1) [/home/jgaitan/Documents/proyecto_1_borrador/.Xil/Vivado-3328112-73bff328fa37/realtime/design_1_axi_gpio_1_0_stub.v:6]
WARNING: [Synth 8-7071] port 'gpio_io_t' of module 'design_1_axi_gpio_1_0' is unconnected for instance 'axi_gpio_1' [/home/jgaitan/Documents/proyecto_1_borrador/project_1/project_1.gen/sources_1/bd/design_1/synth/design_1.v:164]
WARNING: [Synth 8-7071] port 'gpio2_io_t' of module 'design_1_axi_gpio_1_0' is unconnected for instance 'axi_gpio_1' [/home/jgaitan/Documents/proyecto_1_borrador/project_1/project_1.gen/sources_1/bd/design_1/synth/design_1.v:164]
WARNING: [Synth 8-7023] instance 'axi_gpio_1' of module 'design_1_axi_gpio_1_0' has 25 connections declared, but only 23 given [/home/jgaitan/Documents/proyecto_1_borrador/project_1/project_1.gen/sources_1/bd/design_1/synth/design_1.v:164]
INFO: [Synth 8-6157] synthesizing module 'design_1_ps8_0_axi_periph_0' [/home/jgaitan/Documents/proyecto_1_borrador/project_1/project_1.gen/sources_1/bd/design_1/synth/design_1.v:414]
INFO: [Synth 8-6157] synthesizing module 'm00_couplers_imp_QJIMLI' [/home/jgaitan/Documents/proyecto_1_borrador/project_1/project_1.gen/sources_1/bd/design_1/synth/design_1.v:1186]
INFO: [Synth 8-6155] done synthesizing module 'm00_couplers_imp_QJIMLI' (3#1) [/home/jgaitan/Documents/proyecto_1_borrador/project_1/project_1.gen/sources_1/bd/design_1/synth/design_1.v:1186]
INFO: [Synth 8-6157] synthesizing module 'm01_couplers_imp_1D3SAH3' [/home/jgaitan/Documents/proyecto_1_borrador/project_1/project_1.gen/sources_1/bd/design_1/synth/design_1.v:1318]
INFO: [Synth 8-6155] done synthesizing module 'm01_couplers_imp_1D3SAH3' (4#1) [/home/jgaitan/Documents/proyecto_1_borrador/project_1/project_1.gen/sources_1/bd/design_1/synth/design_1.v:1318]
INFO: [Synth 8-6157] synthesizing module 's00_couplers_imp_1A7ZMW4' [/home/jgaitan/Documents/proyecto_1_borrador/project_1/project_1.gen/sources_1/bd/design_1/synth/design_1.v:1450]
INFO: [Synth 8-6157] synthesizing module 'design_1_auto_ds_0' [/home/jgaitan/Documents/proyecto_1_borrador/.Xil/Vivado-3328112-73bff328fa37/realtime/design_1_auto_ds_0_stub.v:6]
INFO: [Synth 8-6155] done synthesizing module 'design_1_auto_ds_0' (5#1) [/home/jgaitan/Documents/proyecto_1_borrador/.Xil/Vivado-3328112-73bff328fa37/realtime/design_1_auto_ds_0_stub.v:6]
INFO: [Synth 8-6157] synthesizing module 'design_1_auto_pc_0' [/home/jgaitan/Documents/proyecto_1_borrador/.Xil/Vivado-3328112-73bff328fa37/realtime/design_1_auto_pc_0_stub.v:6]
INFO: [Synth 8-6155] done synthesizing module 'design_1_auto_pc_0' (6#1) [/home/jgaitan/Documents/proyecto_1_borrador/.Xil/Vivado-3328112-73bff328fa37/realtime/design_1_auto_pc_0_stub.v:6]
INFO: [Synth 8-6155] done synthesizing module 's00_couplers_imp_1A7ZMW4' (7#1) [/home/jgaitan/Documents/proyecto_1_borrador/project_1/project_1.gen/sources_1/bd/design_1/synth/design_1.v:1450]
INFO: [Synth 8-6157] synthesizing module 's01_couplers_imp_KGUFR9' [/home/jgaitan/Documents/proyecto_1_borrador/project_1/project_1.gen/sources_1/bd/design_1/synth/design_1.v:1860]
INFO: [Synth 8-6157] synthesizing module 'design_1_auto_ds_1' [/home/jgaitan/Documents/proyecto_1_borrador/.Xil/Vivado-3328112-73bff328fa37/realtime/design_1_auto_ds_1_stub.v:6]
INFO: [Synth 8-6155] done synthesizing module 'design_1_auto_ds_1' (8#1) [/home/jgaitan/Documents/proyecto_1_borrador/.Xil/Vivado-3328112-73bff328fa37/realtime/design_1_auto_ds_1_stub.v:6]
INFO: [Synth 8-6157] synthesizing module 'design_1_auto_pc_1' [/home/jgaitan/Documents/proyecto_1_borrador/.Xil/Vivado-3328112-73bff328fa37/realtime/design_1_auto_pc_1_stub.v:6]
INFO: [Synth 8-6155] done synthesizing module 'design_1_auto_pc_1' (9#1) [/home/jgaitan/Documents/proyecto_1_borrador/.Xil/Vivado-3328112-73bff328fa37/realtime/design_1_auto_pc_1_stub.v:6]
INFO: [Synth 8-6155] done synthesizing module 's01_couplers_imp_KGUFR9' (10#1) [/home/jgaitan/Documents/proyecto_1_borrador/project_1/project_1.gen/sources_1/bd/design_1/synth/design_1.v:1860]
INFO: [Synth 8-6157] synthesizing module 'design_1_xbar_0' [/home/jgaitan/Documents/proyecto_1_borrador/.Xil/Vivado-3328112-73bff328fa37/realtime/design_1_xbar_0_stub.v:6]
INFO: [Synth 8-6155] done synthesizing module 'design_1_xbar_0' (11#1) [/home/jgaitan/Documents/proyecto_1_borrador/.Xil/Vivado-3328112-73bff328fa37/realtime/design_1_xbar_0_stub.v:6]
WARNING: [Synth 8-7071] port 'm_axi_awprot' of module 'design_1_xbar_0' is unconnected for instance 'xbar' [/home/jgaitan/Documents/proyecto_1_borrador/project_1/project_1.gen/sources_1/bd/design_1/synth/design_1.v:1145]
WARNING: [Synth 8-7071] port 'm_axi_arprot' of module 'design_1_xbar_0' is unconnected for instance 'xbar' [/home/jgaitan/Documents/proyecto_1_borrador/project_1/project_1.gen/sources_1/bd/design_1/synth/design_1.v:1145]
WARNING: [Synth 8-7023] instance 'xbar' of module 'design_1_xbar_0' has 40 connections declared, but only 38 given [/home/jgaitan/Documents/proyecto_1_borrador/project_1/project_1.gen/sources_1/bd/design_1/synth/design_1.v:1145]
INFO: [Synth 8-6155] done synthesizing module 'design_1_ps8_0_axi_periph_0' (12#1) [/home/jgaitan/Documents/proyecto_1_borrador/project_1/project_1.gen/sources_1/bd/design_1/synth/design_1.v:414]
INFO: [Synth 8-6157] synthesizing module 'design_1_rst_ps8_0_99M_0' [/home/jgaitan/Documents/proyecto_1_borrador/.Xil/Vivado-3328112-73bff328fa37/realtime/design_1_rst_ps8_0_99M_0_stub.v:6]
INFO: [Synth 8-6155] done synthesizing module 'design_1_rst_ps8_0_99M_0' (13#1) [/home/jgaitan/Documents/proyecto_1_borrador/.Xil/Vivado-3328112-73bff328fa37/realtime/design_1_rst_ps8_0_99M_0_stub.v:6]
WARNING: [Synth 8-7071] port 'mb_reset' of module 'design_1_rst_ps8_0_99M_0' is unconnected for instance 'rst_ps8_0_99M' [/home/jgaitan/Documents/proyecto_1_borrador/project_1/project_1.gen/sources_1/bd/design_1/synth/design_1.v:307]
WARNING: [Synth 8-7071] port 'bus_struct_reset' of module 'design_1_rst_ps8_0_99M_0' is unconnected for instance 'rst_ps8_0_99M' [/home/jgaitan/Documents/proyecto_1_borrador/project_1/project_1.gen/sources_1/bd/design_1/synth/design_1.v:307]
WARNING: [Synth 8-7071] port 'peripheral_reset' of module 'design_1_rst_ps8_0_99M_0' is unconnected for instance 'rst_ps8_0_99M' [/home/jgaitan/Documents/proyecto_1_borrador/project_1/project_1.gen/sources_1/bd/design_1/synth/design_1.v:307]
WARNING: [Synth 8-7071] port 'interconnect_aresetn' of module 'design_1_rst_ps8_0_99M_0' is unconnected for instance 'rst_ps8_0_99M' [/home/jgaitan/Documents/proyecto_1_borrador/project_1/project_1.gen/sources_1/bd/design_1/synth/design_1.v:307]
WARNING: [Synth 8-7023] instance 'rst_ps8_0_99M' of module 'design_1_rst_ps8_0_99M_0' has 10 connections declared, but only 6 given [/home/jgaitan/Documents/proyecto_1_borrador/project_1/project_1.gen/sources_1/bd/design_1/synth/design_1.v:307]
INFO: [Synth 8-6157] synthesizing module 'design_1_single_cycle_multipl_0_1' [/home/jgaitan/Documents/proyecto_1_borrador/.Xil/Vivado-3328112-73bff328fa37/realtime/design_1_single_cycle_multipl_0_1_stub.v:6]
INFO: [Synth 8-6155] done synthesizing module 'design_1_single_cycle_multipl_0_1' (14#1) [/home/jgaitan/Documents/proyecto_1_borrador/.Xil/Vivado-3328112-73bff328fa37/realtime/design_1_single_cycle_multipl_0_1_stub.v:6]
INFO: [Synth 8-6157] synthesizing module 'design_1_spliter_128to32_0_1' [/home/jgaitan/Documents/proyecto_1_borrador/.Xil/Vivado-3328112-73bff328fa37/realtime/design_1_spliter_128to32_0_1_stub.v:6]
INFO: [Synth 8-6155] done synthesizing module 'design_1_spliter_128to32_0_1' (15#1) [/home/jgaitan/Documents/proyecto_1_borrador/.Xil/Vivado-3328112-73bff328fa37/realtime/design_1_spliter_128to32_0_1_stub.v:6]
INFO: [Synth 8-6157] synthesizing module 'design_1_xlconcat_0_0' [/home/jgaitan/Documents/proyecto_1_borrador/project_1/project_1.gen/sources_1/bd/design_1/ip/design_1_xlconcat_0_0/synth/design_1_xlconcat_0_0.v:53]
INFO: [Synth 8-6157] synthesizing module 'xlconcat_v2_1_5_xlconcat' [/home/jgaitan/Documents/proyecto_1_borrador/project_1/project_1.gen/sources_1/bd/design_1/ipshared/147b/hdl/xlconcat_v2_1_vl_rfs.v:59]
INFO: [Synth 8-6155] done synthesizing module 'xlconcat_v2_1_5_xlconcat' (16#1) [/home/jgaitan/Documents/proyecto_1_borrador/project_1/project_1.gen/sources_1/bd/design_1/ipshared/147b/hdl/xlconcat_v2_1_vl_rfs.v:59]
INFO: [Synth 8-6155] done synthesizing module 'design_1_xlconcat_0_0' (17#1) [/home/jgaitan/Documents/proyecto_1_borrador/project_1/project_1.gen/sources_1/bd/design_1/ip/design_1_xlconcat_0_0/synth/design_1_xlconcat_0_0.v:53]
INFO: [Synth 8-6157] synthesizing module 'design_1_xlconcat_1_0' [/home/jgaitan/Documents/proyecto_1_borrador/project_1/project_1.gen/sources_1/bd/design_1/ip/design_1_xlconcat_1_0/synth/design_1_xlconcat_1_0.v:53]
INFO: [Synth 8-6155] done synthesizing module 'design_1_xlconcat_1_0' (18#1) [/home/jgaitan/Documents/proyecto_1_borrador/project_1/project_1.gen/sources_1/bd/design_1/ip/design_1_xlconcat_1_0/synth/design_1_xlconcat_1_0.v:53]
INFO: [Synth 8-6157] synthesizing module 'design_1_zynq_ultra_ps_e_0_0' [/home/jgaitan/Documents/proyecto_1_borrador/.Xil/Vivado-3328112-73bff328fa37/realtime/design_1_zynq_ultra_ps_e_0_0_stub.v:6]
INFO: [Synth 8-6155] done synthesizing module 'design_1_zynq_ultra_ps_e_0_0' (19#1) [/home/jgaitan/Documents/proyecto_1_borrador/.Xil/Vivado-3328112-73bff328fa37/realtime/design_1_zynq_ultra_ps_e_0_0_stub.v:6]
WARNING: [Synth 8-7071] port 'maxigp0_awuser' of module 'design_1_zynq_ultra_ps_e_0_0' is unconnected for instance 'zynq_ultra_ps_e_0' [/home/jgaitan/Documents/proyecto_1_borrador/project_1/project_1.gen/sources_1/bd/design_1/synth/design_1.v:332]
WARNING: [Synth 8-7071] port 'maxigp0_aruser' of module 'design_1_zynq_ultra_ps_e_0_0' is unconnected for instance 'zynq_ultra_ps_e_0' [/home/jgaitan/Documents/proyecto_1_borrador/project_1/project_1.gen/sources_1/bd/design_1/synth/design_1.v:332]
WARNING: [Synth 8-7071] port 'maxigp1_awuser' of module 'design_1_zynq_ultra_ps_e_0_0' is unconnected for instance 'zynq_ultra_ps_e_0' [/home/jgaitan/Documents/proyecto_1_borrador/project_1/project_1.gen/sources_1/bd/design_1/synth/design_1.v:332]
WARNING: [Synth 8-7071] port 'maxigp1_aruser' of module 'design_1_zynq_ultra_ps_e_0_0' is unconnected for instance 'zynq_ultra_ps_e_0' [/home/jgaitan/Documents/proyecto_1_borrador/project_1/project_1.gen/sources_1/bd/design_1/synth/design_1.v:332]
WARNING: [Synth 8-7023] instance 'zynq_ultra_ps_e_0' of module 'design_1_zynq_ultra_ps_e_0_0' has 83 connections declared, but only 79 given [/home/jgaitan/Documents/proyecto_1_borrador/project_1/project_1.gen/sources_1/bd/design_1/synth/design_1.v:332]
INFO: [Synth 8-6155] done synthesizing module 'design_1' (20#1) [/home/jgaitan/Documents/proyecto_1_borrador/project_1/project_1.gen/sources_1/bd/design_1/synth/design_1.v:13]
INFO: [Synth 8-6155] done synthesizing module 'design_1_wrapper' (21#1) [/home/jgaitan/Documents/proyecto_1_borrador/project_1/project_1.gen/sources_1/bd/design_1/hdl/design_1_wrapper.v:13]
---------------------------------------------------------------------------------
Finished Synthesize : Time (s): cpu = 00:00:07 ; elapsed = 00:00:05 . Memory (MB): peak = 10590.027 ; gain = 145.594 ; free physical = 16069 ; free virtual = 29549
---------------------------------------------------------------------------------
Copyright 1986-2022 Xilinx, Inc. All Rights Reserved. Copyright 2022-2023 Advanced Micro Devices, Inc. All Rights Reserved.
---------------------------------------------------------------------------------------------------------------------------------------------
| Tool Version : Vivado v.2023.2 (lin64) Build 4029153 Fri Oct 13 20:13:54 MDT 2023
| Date         : Wed Feb 11 03:19:06 2026
| Host         : 73bff328fa37 running 64-bit Ubuntu 20.04.6 LTS
---------------------------------------------------------------------------------------------------------------------------------------------

RTL Linter Report

Table of Contents
-----------------
1. Summary

1. Summary
----------

+-----------+--------------+----------+
| Rule ID   | # Violations | # Waived |
+-----------+--------------+----------+
| ASSIGN-6  | 4            | 0        |
| ASSIGN-10 | 20           | 0        |
+-----------+--------------+----------+


WARNING: [Synth 37-86] [ASSIGN-6]All bits in array 'ps8_0_axi_periph_M00_AXI_ARADDR' are not read. First unread bit index is 9. 
RTL Name 'ps8_0_axi_periph_M00_AXI_ARADDR', Hierarchy 'design_1', File '/home/jgaitan/Documents/proyecto_1_borrador/project_1/project_1.gen/sources_1/bd/design_1/synth/design_1.v', Line 21.
WARNING: [Synth 37-86] [ASSIGN-6]All bits in array 'ps8_0_axi_periph_M00_AXI_AWADDR' are not read. First unread bit index is 9. 
RTL Name 'ps8_0_axi_periph_M00_AXI_AWADDR', Hierarchy 'design_1', File '/home/jgaitan/Documents/proyecto_1_borrador/project_1/project_1.gen/sources_1/bd/design_1/synth/design_1.v', Line 24.
WARNING: [Synth 37-86] [ASSIGN-6]All bits in array 'ps8_0_axi_periph_M01_AXI_ARADDR' are not read. First unread bit index is 9. 
RTL Name 'ps8_0_axi_periph_M01_AXI_ARADDR', Hierarchy 'design_1', File '/home/jgaitan/Documents/proyecto_1_borrador/project_1/project_1.gen/sources_1/bd/design_1/synth/design_1.v', Line 38.
WARNING: [Synth 37-86] [ASSIGN-6]All bits in array 'ps8_0_axi_periph_M01_AXI_AWADDR' are not read. First unread bit index is 9. 
RTL Name 'ps8_0_axi_periph_M01_AXI_AWADDR', Hierarchy 'design_1', File '/home/jgaitan/Documents/proyecto_1_borrador/project_1/project_1.gen/sources_1/bd/design_1/synth/design_1.v', Line 41.
WARNING: [Synth 37-102] [ASSIGN-10]All bits in IO 'M00_ACLK' are not read. First unused bit index is 0. 
RTL Name 'M00_ACLK', Hierarchy 'design_1_ps8_0_axi_periph_0', File '/home/jgaitan/Documents/proyecto_1_borrador/project_1/project_1.gen/sources_1/bd/design_1/synth/design_1.v', Line 535.
WARNING: [Synth 37-102] [ASSIGN-10]All bits in IO 'M00_ARESETN' are not read. First unused bit index is 0. 
RTL Name 'M00_ARESETN', Hierarchy 'design_1_ps8_0_axi_periph_0', File '/home/jgaitan/Documents/proyecto_1_borrador/project_1/project_1.gen/sources_1/bd/design_1/synth/design_1.v', Line 536.
WARNING: [Synth 37-102] [ASSIGN-10]All bits in IO 'M01_ACLK' are not read. First unused bit index is 0. 
RTL Name 'M01_ACLK', Hierarchy 'design_1_ps8_0_axi_periph_0', File '/home/jgaitan/Documents/proyecto_1_borrador/project_1/project_1.gen/sources_1/bd/design_1/synth/design_1.v', Line 554.
WARNING: [Synth 37-102] [ASSIGN-10]All bits in IO 'M01_ARESETN' are not read. First unused bit index is 0. 
RTL Name 'M01_ARESETN', Hierarchy 'design_1_ps8_0_axi_periph_0', File '/home/jgaitan/Documents/proyecto_1_borrador/project_1/project_1.gen/sources_1/bd/design_1/synth/design_1.v', Line 555.
WARNING: [Synth 37-102] [ASSIGN-10]All bits in IO 'M_ACLK' are not read. First unused bit index is 0. 
RTL Name 'M_ACLK', Hierarchy 'm01_couplers_imp_1D3SAH3', File '/home/jgaitan/Documents/proyecto_1_borrador/project_1/project_1.gen/sources_1/bd/design_1/synth/design_1.v', Line 1357.
WARNING: [Synth 37-102] [ASSIGN-10]All bits in IO 'M_ACLK' are not read. First unused bit index is 0. 
RTL Name 'M_ACLK', Hierarchy 's00_couplers_imp_1A7ZMW4', File '/home/jgaitan/Documents/proyecto_1_borrador/project_1/project_1.gen/sources_1/bd/design_1/synth/design_1.v', Line 1511.
WARNING: [Synth 37-102] [ASSIGN-10]All bits in IO 'M_ACLK' are not read. First unused bit index is 0. 
RTL Name 'M_ACLK', Hierarchy 's01_couplers_imp_KGUFR9', File '/home/jgaitan/Documents/proyecto_1_borrador/project_1/project_1.gen/sources_1/bd/design_1/synth/design_1.v', Line 1921.
WARNING: [Synth 37-102] [ASSIGN-10]All bits in IO 'M_ACLK' are not read. First unused bit index is 0. 
RTL Name 'M_ACLK', Hierarchy 'm00_couplers_imp_QJIMLI', File '/home/jgaitan/Documents/proyecto_1_borrador/project_1/project_1.gen/sources_1/bd/design_1/synth/design_1.v', Line 1225.
WARNING: [Synth 37-102] [ASSIGN-10]All bits in IO 'M_ARESETN' are not read. First unused bit index is 0. 
RTL Name 'M_ARESETN', Hierarchy 'm00_couplers_imp_QJIMLI', File '/home/jgaitan/Documents/proyecto_1_borrador/project_1/project_1.gen/sources_1/bd/design_1/synth/design_1.v', Line 1226.
WARNING: [Synth 37-102] [ASSIGN-10]All bits in IO 'M_ARESETN' are not read. First unused bit index is 0. 
RTL Name 'M_ARESETN', Hierarchy 's00_couplers_imp_1A7ZMW4', File '/home/jgaitan/Documents/proyecto_1_borrador/project_1/project_1.gen/sources_1/bd/design_1/synth/design_1.v', Line 1512.
WARNING: [Synth 37-102] [ASSIGN-10]All bits in IO 'M_ARESETN' are not read. First unused bit index is 0. 
RTL Name 'M_ARESETN', Hierarchy 's01_couplers_imp_KGUFR9', File '/home/jgaitan/Documents/proyecto_1_borrador/project_1/project_1.gen/sources_1/bd/design_1/synth/design_1.v', Line 1922.
WARNING: [Synth 37-102] [ASSIGN-10]All bits in IO 'M_ARESETN' are not read. First unused bit index is 0. 
RTL Name 'M_ARESETN', Hierarchy 'm01_couplers_imp_1D3SAH3', File '/home/jgaitan/Documents/proyecto_1_borrador/project_1/project_1.gen/sources_1/bd/design_1/synth/design_1.v', Line 1358.
WARNING: [Synth 37-102] [ASSIGN-10]All bits in IO 'S00_ACLK' are not read. First unused bit index is 0. 
RTL Name 'S00_ACLK', Hierarchy 'design_1_ps8_0_axi_periph_0', File '/home/jgaitan/Documents/proyecto_1_borrador/project_1/project_1.gen/sources_1/bd/design_1/synth/design_1.v', Line 573.
WARNING: [Synth 37-102] [ASSIGN-10]All bits in IO 'S00_ARESETN' are not read. First unused bit index is 0. 
RTL Name 'S00_ARESETN', Hierarchy 'design_1_ps8_0_axi_periph_0', File '/home/jgaitan/Documents/proyecto_1_borrador/project_1/project_1.gen/sources_1/bd/design_1/synth/design_1.v', Line 574.
WARNING: [Synth 37-102] [ASSIGN-10]All bits in IO 'S01_ACLK' are not read. First unused bit index is 0. 
RTL Name 'S01_ACLK', Hierarchy 'design_1_ps8_0_axi_periph_0', File '/home/jgaitan/Documents/proyecto_1_borrador/project_1/project_1.gen/sources_1/bd/design_1/synth/design_1.v', Line 612.
WARNING: [Synth 37-102] [ASSIGN-10]All bits in IO 'S01_ARESETN' are not read. First unused bit index is 0. 
RTL Name 'S01_ARESETN', Hierarchy 'design_1_ps8_0_axi_periph_0', File '/home/jgaitan/Documents/proyecto_1_borrador/project_1/project_1.gen/sources_1/bd/design_1/synth/design_1.v', Line 613.
WARNING: [Synth 37-102] [ASSIGN-10]All bits in IO 'S_ACLK' are not read. First unused bit index is 0. 
RTL Name 'S_ACLK', Hierarchy 'm00_couplers_imp_QJIMLI', File '/home/jgaitan/Documents/proyecto_1_borrador/project_1/project_1.gen/sources_1/bd/design_1/synth/design_1.v', Line 1244.
WARNING: [Synth 37-102] [ASSIGN-10]All bits in IO 'S_ACLK' are not read. First unused bit index is 0. 
RTL Name 'S_ACLK', Hierarchy 'm01_couplers_imp_1D3SAH3', File '/home/jgaitan/Documents/proyecto_1_borrador/project_1/project_1.gen/sources_1/bd/design_1/synth/design_1.v', Line 1376.
WARNING: [Synth 37-102] [ASSIGN-10]All bits in IO 'S_ARESETN' are not read. First unused bit index is 0. 
RTL Name 'S_ARESETN', Hierarchy 'm01_couplers_imp_1D3SAH3', File '/home/jgaitan/Documents/proyecto_1_borrador/project_1/project_1.gen/sources_1/bd/design_1/synth/design_1.v', Line 1377.
WARNING: [Synth 37-102] [ASSIGN-10]All bits in IO 'S_ARESETN' are not read. First unused bit index is 0. 
RTL Name 'S_ARESETN', Hierarchy 'm00_couplers_imp_QJIMLI', File '/home/jgaitan/Documents/proyecto_1_borrador/project_1/project_1.gen/sources_1/bd/design_1/synth/design_1.v', Line 1245.
INFO: [Synth 37-85] Total of 24 linter message(s) generated.
INFO: [Synth 37-45] Linter Run Finished!
Synthesis Optimization Runtime : Time (s): cpu = 00:00:07 ; elapsed = 00:00:05 . Memory (MB): peak = 10590.027 ; gain = 145.594 ; free physical = 16069 ; free virtual = 29549
INFO: [Common 17-83] Releasing license: Synthesis
49 Infos, 43 Warnings, 0 Critical Warnings and 0 Errors encountered.
synth_design completed successfully
synth_design: Time (s): cpu = 00:00:07 ; elapsed = 00:00:05 . Memory (MB): peak = 10590.035 ; gain = 145.602 ; free physical = 16062 ; free virtual = 29542
INFO: [Common 17-2834] synth_design peak Physical Memory [PSS] (MB): overall = 3072.502; main = 2445.238; forked = 627.264
INFO: [Common 17-2834] synth_design peak Virtual Memory [VSS] (MB): overall = 38282.062; main = 10590.031; forked = 27692.031
WARNING: [filemgmt 56-199] Attempt to get parsing info during refresh. "On-the-fly" syntax checking information may be incorrect. [/home/jgaitan/Documents/proyecto_1_borrador/single_cycle_multiplier.v:]
WARNING: [filemgmt 56-199] Attempt to get parsing info during refresh. "On-the-fly" syntax checking information may be incorrect. [/home/jgaitan/Documents/proyecto_1_borrador/128to32_spliter.v:]
exit
INFO: [Common 17-206] Exiting Vivado at Wed Feb 11 05:03:25 2026...
