#-----------------------------------------------------------
# Vivado v2023.2 (64-bit)
# SW Build 4029153 on Fri Oct 13 20:13:54 MDT 2023
# IP Build 4028589 on Sat Oct 14 00:45:43 MDT 2023
# SharedData Build 4025554 on Tue Oct 10 17:18:54 MDT 2023
# Start of session at: Wed Feb 11 23:41:58 2026
# Process ID: 383776
# Current directory: /home/jgaitan/Documents/proyecto_1_borrador
# Command line: vivado
# Log file: /home/jgaitan/Documents/proyecto_1_borrador/vivado.log
# Journal file: /home/jgaitan/Documents/proyecto_1_borrador/vivado.jou
# Running On: 73bff328fa37, OS: Linux, CPU Frequency: 1983.970 MHz, CPU Physical cores: 4, Host memory: 33330 MB
#-----------------------------------------------------------
start_gui
WARNING: [Board 49-26] cannot add Board Part xilinx.com:vek280_es:part0:1.0 available at /tools/Xilinx-2023.2/Vivado/2023.2/data/xhub/boards/XilinxBoardStore/boards/Xilinx/vek280/es/rev_a/1.0/board.xml as part xcve2802-vsvh1760-2lp-e-s-es1 specified in board_part file is either invalid or not available
WARNING: [Board 49-26] cannot add Board Part xilinx.com:vek280_es:part0:1.1 available at /tools/Xilinx-2023.2/Vivado/2023.2/data/xhub/boards/XilinxBoardStore/boards/Xilinx/vek280/es/rev_a/1.1/board.xml as part xcve2802-vsvh1760-2lp-e-s-es1 specified in board_part file is either invalid or not available
WARNING: [Board 49-26] cannot add Board Part xilinx.com:vek280_es_revb:part0:1.0 available at /tools/Xilinx-2023.2/Vivado/2023.2/data/xhub/boards/XilinxBoardStore/boards/Xilinx/vek280/es/rev_b/1.0/board.xml as part xcve2802-vsvh1760-2mp-e-s-es1 specified in board_part file is either invalid or not available
WARNING: [Board 49-26] cannot add Board Part xilinx.com:vek280_es_revb:part0:1.1 available at /tools/Xilinx-2023.2/Vivado/2023.2/data/xhub/boards/XilinxBoardStore/boards/Xilinx/vek280/es/rev_b/1.1/board.xml as part xcve2802-vsvh1760-2mp-e-s-es1 specified in board_part file is either invalid or not available
WARNING: [Board 49-26] cannot add Board Part xilinx.com:vhk158_es:part0:1.0 available at /tools/Xilinx-2023.2/Vivado/2023.2/data/xhub/boards/XilinxBoardStore/boards/Xilinx/vhk158/es/1.0/board.xml as part xcvh1582-vsva3697-2mp-e-s-es1 specified in board_part file is either invalid or not available
WARNING: [Board 49-26] cannot add Board Part xilinx.com:vhk158_es:part0:1.1 available at /tools/Xilinx-2023.2/Vivado/2023.2/data/xhub/boards/XilinxBoardStore/boards/Xilinx/vhk158/es/1.1/board.xml as part xcvh1582-vsva3697-2mp-e-s-es1 specified in board_part file is either invalid or not available
WARNING: [Board 49-26] cannot add Board Part xilinx.com:zcu208ld:part0:2.0 available at /tools/Xilinx-2023.2/Vivado/2023.2/data/xhub/boards/XilinxBoardStore/boards/Xilinx/zcu208ld/production/2.0/board.xml as part xczu58dr-fsvg1517-2-i specified in board_part file is either invalid or not available
WARNING: [Board 49-26] cannot add Board Part xilinx.com:zcu216ld:part0:2.0 available at /tools/Xilinx-2023.2/Vivado/2023.2/data/xhub/boards/XilinxBoardStore/boards/Xilinx/zcu216ld/production/2.0/board.xml as part xczu59dr-ffvf1760-2-i specified in board_part file is either invalid or not available
WARNING: [Board 49-26] cannot add Board Part xilinx.com:zcu670:part0:2.0 available at /tools/Xilinx-2023.2/Vivado/2023.2/data/xhub/boards/XilinxBoardStore/boards/Xilinx/zcu670/2.0/board.xml as part xczu67dr-fsve1156-2-i specified in board_part file is either invalid or not available
WARNING: [Board 49-26] cannot add Board Part xilinx.com:zcu670ld:part0:1.0 available at /tools/Xilinx-2023.2/Vivado/2023.2/data/xhub/boards/XilinxBoardStore/boards/Xilinx/zcu670ld/1.0/board.xml as part xczu57dr-fsve1156-2-i specified in board_part file is either invalid or not available
open_project /home/jgaitan/Documents/proyecto_1_borrador/project_1/project_1.xpr
Scanning sources...
Finished scanning sources
INFO: [IP_Flow 19-234] Refreshing IP repositories
INFO: [IP_Flow 19-1704] No user IP repositories specified
INFO: [IP_Flow 19-2313] Loaded Vivado IP repository '/tools/Xilinx-2023.2/Vivado/2023.2/data/ip'.
update_module_reference design_1_spliter_128to32_0_1
Reading block design file </home/jgaitan/Documents/proyecto_1_borrador/project_1/project_1.srcs/sources_1/bd/design_1/design_1.bd>...
Adding component instance block -- xilinx.com:ip:zynq_ultra_ps_e:3.5 - zynq_ultra_ps_e_0
Adding component instance block -- xilinx.com:ip:axi_gpio:2.0 - axi_gpio_0
Adding component instance block -- xilinx.com:ip:axi_interconnect:2.1 - ps8_0_axi_periph
Adding component instance block -- xilinx.com:ip:axi_crossbar:2.1 - xbar
Adding component instance block -- xilinx.com:ip:axi_dwidth_converter:2.1 - auto_ds
Adding component instance block -- xilinx.com:ip:axi_protocol_converter:2.1 - auto_pc
Adding component instance block -- xilinx.com:ip:axi_dwidth_converter:2.1 - auto_ds
Adding component instance block -- xilinx.com:ip:axi_protocol_converter:2.1 - auto_pc
Adding component instance block -- xilinx.com:ip:proc_sys_reset:5.0 - rst_ps8_0_99M
Adding component instance block -- xilinx.com:module_ref:single_cycle_multiplier:1.0 - single_cycle_multipl_0
Adding component instance block -- xilinx.com:ip:axi_gpio:2.0 - axi_gpio_1
Adding component instance block -- xilinx.com:module_ref:spliter_128to32:1.0 - spliter_128to32_0
Adding component instance block -- xilinx.com:ip:xlconcat:2.1 - xlconcat_0
Adding component instance block -- xilinx.com:ip:xlconcat:2.1 - xlconcat_1
Successfully read diagram <design_1> from block design file </home/jgaitan/Documents/proyecto_1_borrador/project_1/project_1.srcs/sources_1/bd/design_1/design_1.bd>
Upgrading '/home/jgaitan/Documents/proyecto_1_borrador/project_1/project_1.srcs/sources_1/bd/design_1/design_1.bd'
INFO: [IP_Flow 19-3420] Updated design_1_spliter_128to32_0_1 to use current project options
Wrote  : </home/jgaitan/Documents/proyecto_1_borrador/project_1/project_1.srcs/sources_1/bd/design_1/design_1.bd> 
Wrote  : </home/jgaitan/Documents/proyecto_1_borrador/project_1/project_1.srcs/sources_1/bd/design_1/ui/bd_1f5defd0.ui> 
upgrade_ip: Time (s): cpu = 00:00:12 ; elapsed = 00:00:07 . Memory (MB): peak = 8302.035 ; gain = 0.000 ; free physical = 16277 ; free virtual = 30163
update_module_reference: Time (s): cpu = 00:00:13 ; elapsed = 00:00:07 . Memory (MB): peak = 8302.035 ; gain = 0.000 ; free physical = 16277 ; free virtual = 30163
update_compile_order -fileset sources_1
generate_target all [get_files /home/jgaitan/Documents/proyecto_1_borrador/project_1/project_1.srcs/sources_1/bd/design_1/design_1.bd]
WARNING: [BD 41-237] Bus Interface property AWUSER_WIDTH does not match between /ps8_0_axi_periph/s00_couplers/auto_ds/S_AXI(0) and /zynq_ultra_ps_e_0/M_AXI_HPM0_FPD(16)
WARNING: [BD 41-237] Bus Interface property ARUSER_WIDTH does not match between /ps8_0_axi_periph/s00_couplers/auto_ds/S_AXI(0) and /zynq_ultra_ps_e_0/M_AXI_HPM0_FPD(16)
WARNING: [BD 41-237] Bus Interface property AWUSER_WIDTH does not match between /ps8_0_axi_periph/s01_couplers/auto_ds/S_AXI(0) and /zynq_ultra_ps_e_0/M_AXI_HPM1_FPD(16)
WARNING: [BD 41-237] Bus Interface property ARUSER_WIDTH does not match between /ps8_0_axi_periph/s01_couplers/auto_ds/S_AXI(0) and /zynq_ultra_ps_e_0/M_AXI_HPM1_FPD(16)
Wrote  : </home/jgaitan/Documents/proyecto_1_borrador/project_1/project_1.srcs/sources_1/bd/design_1/design_1.bd> 
Verilog Output written to : /home/jgaitan/Documents/proyecto_1_borrador/project_1/project_1.gen/sources_1/bd/design_1/synth/design_1.v
Verilog Output written to : /home/jgaitan/Documents/proyecto_1_borrador/project_1/project_1.gen/sources_1/bd/design_1/sim/design_1.v
Verilog Output written to : /home/jgaitan/Documents/proyecto_1_borrador/project_1/project_1.gen/sources_1/bd/design_1/hdl/design_1_wrapper.v
INFO: [BD 41-1029] Generation completed for the IP Integrator block spliter_128to32_0 .
WARNING: [IP_Flow 19-4994] Overwriting existing constraint file '/home/jgaitan/Documents/proyecto_1_borrador/project_1/project_1.gen/sources_1/bd/design_1/ip/design_1_auto_ds_0/design_1_auto_ds_0_ooc.xdc'
INFO: [IP_Flow 19-5611] Unable to find an associated reset port for the interface 'S_AXI'. A default connection has been created.
INFO: [IP_Flow 19-5611] Unable to find an associated reset port for the interface 'M_AXI'. A default connection has been created.
INFO: [BD 41-1029] Generation completed for the IP Integrator block ps8_0_axi_periph/s00_couplers/auto_ds .
WARNING: [IP_Flow 19-4994] Overwriting existing constraint file '/home/jgaitan/Documents/proyecto_1_borrador/project_1/project_1.gen/sources_1/bd/design_1/ip/design_1_auto_pc_0/design_1_auto_pc_0_ooc.xdc'
INFO: [BD 41-1029] Generation completed for the IP Integrator block ps8_0_axi_periph/s00_couplers/auto_pc .
WARNING: [IP_Flow 19-4994] Overwriting existing constraint file '/home/jgaitan/Documents/proyecto_1_borrador/project_1/project_1.gen/sources_1/bd/design_1/ip/design_1_auto_ds_1/design_1_auto_ds_1_ooc.xdc'
INFO: [IP_Flow 19-5611] Unable to find an associated reset port for the interface 'S_AXI'. A default connection has been created.
INFO: [IP_Flow 19-5611] Unable to find an associated reset port for the interface 'M_AXI'. A default connection has been created.
INFO: [BD 41-1029] Generation completed for the IP Integrator block ps8_0_axi_periph/s01_couplers/auto_ds .
WARNING: [IP_Flow 19-4994] Overwriting existing constraint file '/home/jgaitan/Documents/proyecto_1_borrador/project_1/project_1.gen/sources_1/bd/design_1/ip/design_1_auto_pc_1/design_1_auto_pc_1_ooc.xdc'
INFO: [BD 41-1029] Generation completed for the IP Integrator block ps8_0_axi_periph/s01_couplers/auto_pc .
Exporting to file /home/jgaitan/Documents/proyecto_1_borrador/project_1/project_1.gen/sources_1/bd/design_1/hw_handoff/design_1.hwh
Generated Hardware Definition File /home/jgaitan/Documents/proyecto_1_borrador/project_1/project_1.gen/sources_1/bd/design_1/synth/design_1.hwdef
generate_target: Time (s): cpu = 00:00:09 ; elapsed = 00:00:07 . Memory (MB): peak = 8448.094 ; gain = 0.000 ; free physical = 16100 ; free virtual = 29978
create_ip_run [get_files -of_objects [get_fileset sources_1] /home/jgaitan/Documents/proyecto_1_borrador/project_1/project_1.srcs/sources_1/bd/design_1/design_1.bd]
launch_runs design_1_auto_ds_0_synth_1
INFO: [IP_Flow 19-6924] IPCACHE: Running cache check for IP inst: design_1_auto_ds_0
INFO: [IP_Flow 19-6922] IPCACHE: Exporting cached entry 5a13e1c143815096 to dir: /home/jgaitan/Documents/proyecto_1_borrador/project_1/project_1.gen/sources_1/bd/design_1/ip/design_1_auto_ds_0
INFO: [IP_Flow 19-6928] IPCACHE: copied cached file /home/jgaitan/Documents/proyecto_1_borrador/project_1/project_1.cache/ip/2023.2/5/a/5a13e1c143815096/design_1_auto_ds_0_stub.vhdl to /home/jgaitan/Documents/proyecto_1_borrador/project_1/project_1.gen/sources_1/bd/design_1/ip/design_1_auto_ds_0/design_1_auto_ds_0_stub.vhdl.
INFO: [IP_Flow 19-6926] IPCACHE: added file to list for BOM: /home/jgaitan/Documents/proyecto_1_borrador/project_1/project_1.gen/sources_1/bd/design_1/ip/design_1_auto_ds_0/design_1_auto_ds_0_stub.vhdl
INFO: [IP_Flow 19-6928] IPCACHE: copied cached file /home/jgaitan/Documents/proyecto_1_borrador/project_1/project_1.cache/ip/2023.2/5/a/5a13e1c143815096/design_1_auto_ds_0_stub.v to /home/jgaitan/Documents/proyecto_1_borrador/project_1/project_1.gen/sources_1/bd/design_1/ip/design_1_auto_ds_0/design_1_auto_ds_0_stub.v.
INFO: [IP_Flow 19-6926] IPCACHE: added file to list for BOM: /home/jgaitan/Documents/proyecto_1_borrador/project_1/project_1.gen/sources_1/bd/design_1/ip/design_1_auto_ds_0/design_1_auto_ds_0_stub.v
INFO: [IP_Flow 19-6928] IPCACHE: copied cached file /home/jgaitan/Documents/proyecto_1_borrador/project_1/project_1.cache/ip/2023.2/5/a/5a13e1c143815096/design_1_auto_ds_0_sim_netlist.vhdl to /home/jgaitan/Documents/proyecto_1_borrador/project_1/project_1.gen/sources_1/bd/design_1/ip/design_1_auto_ds_0/design_1_auto_ds_0_sim_netlist.vhdl.
INFO: [IP_Flow 19-6926] IPCACHE: added file to list for BOM: /home/jgaitan/Documents/proyecto_1_borrador/project_1/project_1.gen/sources_1/bd/design_1/ip/design_1_auto_ds_0/design_1_auto_ds_0_sim_netlist.vhdl
INFO: [IP_Flow 19-6928] IPCACHE: copied cached file /home/jgaitan/Documents/proyecto_1_borrador/project_1/project_1.cache/ip/2023.2/5/a/5a13e1c143815096/design_1_auto_ds_0_sim_netlist.v to /home/jgaitan/Documents/proyecto_1_borrador/project_1/project_1.gen/sources_1/bd/design_1/ip/design_1_auto_ds_0/design_1_auto_ds_0_sim_netlist.v.
INFO: [IP_Flow 19-6926] IPCACHE: added file to list for BOM: /home/jgaitan/Documents/proyecto_1_borrador/project_1/project_1.gen/sources_1/bd/design_1/ip/design_1_auto_ds_0/design_1_auto_ds_0_sim_netlist.v
INFO: [IP_Flow 19-6928] IPCACHE: copied cached file /home/jgaitan/Documents/proyecto_1_borrador/project_1/project_1.cache/ip/2023.2/5/a/5a13e1c143815096/design_1_auto_ds_0.dcp to /home/jgaitan/Documents/proyecto_1_borrador/project_1/project_1.gen/sources_1/bd/design_1/ip/design_1_auto_ds_0/design_1_auto_ds_0.dcp.
INFO: [IP_Flow 19-6926] IPCACHE: added file to list for BOM: /home/jgaitan/Documents/proyecto_1_borrador/project_1/project_1.gen/sources_1/bd/design_1/ip/design_1_auto_ds_0/design_1_auto_ds_0.dcp
INFO: [IP_Flow 19-4993] Using cached IP synthesis design for IP design_1_auto_ds_0, cache-ID = 5a13e1c143815096; cache size = 7.868 MB.
[Wed Feb 11 23:44:37 2026] Launched design_1_auto_ds_0_synth_1...
Run output will be captured here: /home/jgaitan/Documents/proyecto_1_borrador/project_1/project_1.runs/design_1_auto_ds_0_synth_1/runme.log
wait_on_run design_1_auto_ds_0_synth_1
[Wed Feb 11 23:44:37 2026] Waiting for design_1_auto_ds_0_synth_1 to finish...
[Wed Feb 11 23:44:42 2026] Waiting for design_1_auto_ds_0_synth_1 to finish...
[Wed Feb 11 23:44:47 2026] Waiting for design_1_auto_ds_0_synth_1 to finish...
[Wed Feb 11 23:44:52 2026] Waiting for design_1_auto_ds_0_synth_1 to finish...

*** Running vivado
    with args -log design_1_auto_ds_0.vds -m64 -product Vivado -mode batch -messageDb vivado.pb -notrace -source design_1_auto_ds_0.tcl


****** Vivado v2023.2 (64-bit)
  **** SW Build 4029153 on Fri Oct 13 20:13:54 MDT 2023
  **** IP Build 4028589 on Sat Oct 14 00:45:43 MDT 2023
  **** SharedData Build 4025554 on Tue Oct 10 17:18:54 MDT 2023
    ** Copyright 1986-2022 Xilinx, Inc. All Rights Reserved.
    ** Copyright 2022-2023 Advanced Micro Devices, Inc. All Rights Reserved.

source design_1_auto_ds_0.tcl -notrace
create_project: Time (s): cpu = 00:00:05 ; elapsed = 00:00:05 . Memory (MB): peak = 1336.105 ; gain = 35.836 ; free physical = 15624 ; free virtual = 29502
INFO: [IP_Flow 19-6924] IPCACHE: Running cache check for IP inst: design_1_auto_ds_0
INFO: [IP_Flow 19-6922] IPCACHE: Exporting cached entry 5a13e1c143815096 to dir: /home/jgaitan/Documents/proyecto_1_borrador/project_1/project_1.runs/design_1_auto_ds_0_synth_1
INFO: [IP_Flow 19-6928] IPCACHE: copied cached file /home/jgaitan/Documents/proyecto_1_borrador/project_1/project_1.cache/ip/2023.2/5/a/5a13e1c143815096/design_1_auto_ds_0_stub.vhdl to /home/jgaitan/Documents/proyecto_1_borrador/project_1/project_1.runs/design_1_auto_ds_0_synth_1/design_1_auto_ds_0_stub.vhdl.
INFO: [IP_Flow 19-6928] IPCACHE: copied cached file /home/jgaitan/Documents/proyecto_1_borrador/project_1/project_1.cache/ip/2023.2/5/a/5a13e1c143815096/design_1_auto_ds_0_stub.v to /home/jgaitan/Documents/proyecto_1_borrador/project_1/project_1.runs/design_1_auto_ds_0_synth_1/design_1_auto_ds_0_stub.v.
INFO: [IP_Flow 19-6928] IPCACHE: copied cached file /home/jgaitan/Documents/proyecto_1_borrador/project_1/project_1.cache/ip/2023.2/5/a/5a13e1c143815096/design_1_auto_ds_0_sim_netlist.vhdl to /home/jgaitan/Documents/proyecto_1_borrador/project_1/project_1.runs/design_1_auto_ds_0_synth_1/design_1_auto_ds_0_sim_netlist.vhdl.
INFO: [IP_Flow 19-6928] IPCACHE: copied cached file /home/jgaitan/Documents/proyecto_1_borrador/project_1/project_1.cache/ip/2023.2/5/a/5a13e1c143815096/design_1_auto_ds_0_sim_netlist.v to /home/jgaitan/Documents/proyecto_1_borrador/project_1/project_1.runs/design_1_auto_ds_0_synth_1/design_1_auto_ds_0_sim_netlist.v.
INFO: [IP_Flow 19-6928] IPCACHE: copied cached file /home/jgaitan/Documents/proyecto_1_borrador/project_1/project_1.cache/ip/2023.2/5/a/5a13e1c143815096/design_1_auto_ds_0.dcp to /home/jgaitan/Documents/proyecto_1_borrador/project_1/project_1.runs/design_1_auto_ds_0_synth_1/design_1_auto_ds_0.dcp.
INFO: [IP_Flow 19-4838] Using cached IP synthesis design for IP design_1_auto_ds_0, cache-ID = 5a13e1c143815096.
INFO: [Common 17-206] Exiting Vivado at Wed Feb 11 23:44:49 2026...
[Wed Feb 11 23:44:59 2026] design_1_auto_ds_0_synth_1 finished
wait_on_runs: Time (s): cpu = 00:00:14 ; elapsed = 00:00:22 . Memory (MB): peak = 9220.477 ; gain = 0.000 ; free physical = 16062 ; free virtual = 29944
launch_runs design_1_auto_ds_1_synth_1
INFO: [IP_Flow 19-6924] IPCACHE: Running cache check for IP inst: design_1_auto_ds_1
INFO: [IP_Flow 19-6922] IPCACHE: Exporting cached entry 5a13e1c143815096 to dir: /home/jgaitan/Documents/proyecto_1_borrador/project_1/project_1.gen/sources_1/bd/design_1/ip/design_1_auto_ds_1
INFO: [IP_Flow 19-6928] IPCACHE: copied cached file /home/jgaitan/Documents/proyecto_1_borrador/project_1/project_1.cache/ip/2023.2/5/a/5a13e1c143815096/design_1_auto_ds_0_stub.vhdl to /home/jgaitan/Documents/proyecto_1_borrador/project_1/project_1.gen/sources_1/bd/design_1/ip/design_1_auto_ds_1/design_1_auto_ds_1_stub.vhdl.
INFO: [IP_Flow 19-6926] IPCACHE: added file to list for BOM: /home/jgaitan/Documents/proyecto_1_borrador/project_1/project_1.gen/sources_1/bd/design_1/ip/design_1_auto_ds_1/design_1_auto_ds_1_stub.vhdl
INFO: [IP_Flow 19-6928] IPCACHE: copied cached file /home/jgaitan/Documents/proyecto_1_borrador/project_1/project_1.cache/ip/2023.2/5/a/5a13e1c143815096/design_1_auto_ds_0_stub.v to /home/jgaitan/Documents/proyecto_1_borrador/project_1/project_1.gen/sources_1/bd/design_1/ip/design_1_auto_ds_1/design_1_auto_ds_1_stub.v.
INFO: [IP_Flow 19-6926] IPCACHE: added file to list for BOM: /home/jgaitan/Documents/proyecto_1_borrador/project_1/project_1.gen/sources_1/bd/design_1/ip/design_1_auto_ds_1/design_1_auto_ds_1_stub.v
INFO: [IP_Flow 19-6928] IPCACHE: copied cached file /home/jgaitan/Documents/proyecto_1_borrador/project_1/project_1.cache/ip/2023.2/5/a/5a13e1c143815096/design_1_auto_ds_0_sim_netlist.vhdl to /home/jgaitan/Documents/proyecto_1_borrador/project_1/project_1.gen/sources_1/bd/design_1/ip/design_1_auto_ds_1/design_1_auto_ds_1_sim_netlist.vhdl.
INFO: [IP_Flow 19-6926] IPCACHE: added file to list for BOM: /home/jgaitan/Documents/proyecto_1_borrador/project_1/project_1.gen/sources_1/bd/design_1/ip/design_1_auto_ds_1/design_1_auto_ds_1_sim_netlist.vhdl
INFO: [IP_Flow 19-6928] IPCACHE: copied cached file /home/jgaitan/Documents/proyecto_1_borrador/project_1/project_1.cache/ip/2023.2/5/a/5a13e1c143815096/design_1_auto_ds_0_sim_netlist.v to /home/jgaitan/Documents/proyecto_1_borrador/project_1/project_1.gen/sources_1/bd/design_1/ip/design_1_auto_ds_1/design_1_auto_ds_1_sim_netlist.v.
INFO: [IP_Flow 19-6926] IPCACHE: added file to list for BOM: /home/jgaitan/Documents/proyecto_1_borrador/project_1/project_1.gen/sources_1/bd/design_1/ip/design_1_auto_ds_1/design_1_auto_ds_1_sim_netlist.v
INFO: [IP_Flow 19-6928] IPCACHE: copied cached file /home/jgaitan/Documents/proyecto_1_borrador/project_1/project_1.cache/ip/2023.2/5/a/5a13e1c143815096/design_1_auto_ds_0.dcp to /home/jgaitan/Documents/proyecto_1_borrador/project_1/project_1.gen/sources_1/bd/design_1/ip/design_1_auto_ds_1/design_1_auto_ds_1.dcp.
INFO: [IP_Flow 19-6926] IPCACHE: added file to list for BOM: /home/jgaitan/Documents/proyecto_1_borrador/project_1/project_1.gen/sources_1/bd/design_1/ip/design_1_auto_ds_1/design_1_auto_ds_1.dcp
INFO: [IP_Flow 19-4993] Using cached IP synthesis design for IP design_1_auto_ds_1, cache-ID = 5a13e1c143815096; cache size = 7.868 MB.
[Wed Feb 11 23:45:01 2026] Launched design_1_auto_ds_1_synth_1...
Run output will be captured here: /home/jgaitan/Documents/proyecto_1_borrador/project_1/project_1.runs/design_1_auto_ds_1_synth_1/runme.log
wait_on_run design_1_auto_ds_1_synth_1
[Wed Feb 11 23:45:01 2026] Waiting for design_1_auto_ds_1_synth_1 to finish...
[Wed Feb 11 23:45:06 2026] Waiting for design_1_auto_ds_1_synth_1 to finish...
[Wed Feb 11 23:45:11 2026] Waiting for design_1_auto_ds_1_synth_1 to finish...
[Wed Feb 11 23:45:16 2026] Waiting for design_1_auto_ds_1_synth_1 to finish...

*** Running vivado
    with args -log design_1_auto_ds_1.vds -m64 -product Vivado -mode batch -messageDb vivado.pb -notrace -source design_1_auto_ds_1.tcl


****** Vivado v2023.2 (64-bit)
  **** SW Build 4029153 on Fri Oct 13 20:13:54 MDT 2023
  **** IP Build 4028589 on Sat Oct 14 00:45:43 MDT 2023
  **** SharedData Build 4025554 on Tue Oct 10 17:18:54 MDT 2023
    ** Copyright 1986-2022 Xilinx, Inc. All Rights Reserved.
    ** Copyright 2022-2023 Advanced Micro Devices, Inc. All Rights Reserved.

source design_1_auto_ds_1.tcl -notrace
create_project: Time (s): cpu = 00:00:05 ; elapsed = 00:00:05 . Memory (MB): peak = 1343.742 ; gain = 0.023 ; free physical = 15570 ; free virtual = 29451
INFO: [IP_Flow 19-6924] IPCACHE: Running cache check for IP inst: design_1_auto_ds_1
INFO: [IP_Flow 19-6922] IPCACHE: Exporting cached entry 5a13e1c143815096 to dir: /home/jgaitan/Documents/proyecto_1_borrador/project_1/project_1.runs/design_1_auto_ds_1_synth_1
INFO: [IP_Flow 19-6928] IPCACHE: copied cached file /home/jgaitan/Documents/proyecto_1_borrador/project_1/project_1.cache/ip/2023.2/5/a/5a13e1c143815096/design_1_auto_ds_0_stub.vhdl to /home/jgaitan/Documents/proyecto_1_borrador/project_1/project_1.runs/design_1_auto_ds_1_synth_1/design_1_auto_ds_1_stub.vhdl.
INFO: [IP_Flow 19-6928] IPCACHE: copied cached file /home/jgaitan/Documents/proyecto_1_borrador/project_1/project_1.cache/ip/2023.2/5/a/5a13e1c143815096/design_1_auto_ds_0_stub.v to /home/jgaitan/Documents/proyecto_1_borrador/project_1/project_1.runs/design_1_auto_ds_1_synth_1/design_1_auto_ds_1_stub.v.
INFO: [IP_Flow 19-6928] IPCACHE: copied cached file /home/jgaitan/Documents/proyecto_1_borrador/project_1/project_1.cache/ip/2023.2/5/a/5a13e1c143815096/design_1_auto_ds_0_sim_netlist.vhdl to /home/jgaitan/Documents/proyecto_1_borrador/project_1/project_1.runs/design_1_auto_ds_1_synth_1/design_1_auto_ds_1_sim_netlist.vhdl.
INFO: [IP_Flow 19-6928] IPCACHE: copied cached file /home/jgaitan/Documents/proyecto_1_borrador/project_1/project_1.cache/ip/2023.2/5/a/5a13e1c143815096/design_1_auto_ds_0_sim_netlist.v to /home/jgaitan/Documents/proyecto_1_borrador/project_1/project_1.runs/design_1_auto_ds_1_synth_1/design_1_auto_ds_1_sim_netlist.v.
INFO: [IP_Flow 19-6928] IPCACHE: copied cached file /home/jgaitan/Documents/proyecto_1_borrador/project_1/project_1.cache/ip/2023.2/5/a/5a13e1c143815096/design_1_auto_ds_0.dcp to /home/jgaitan/Documents/proyecto_1_borrador/project_1/project_1.runs/design_1_auto_ds_1_synth_1/design_1_auto_ds_1.dcp.
INFO: [IP_Flow 19-4838] Using cached IP synthesis design for IP design_1_auto_ds_1, cache-ID = 5a13e1c143815096.
INFO: [Common 17-206] Exiting Vivado at Wed Feb 11 23:45:13 2026...
[Wed Feb 11 23:45:23 2026] design_1_auto_ds_1_synth_1 finished
wait_on_runs: Time (s): cpu = 00:00:14 ; elapsed = 00:00:22 . Memory (MB): peak = 9298.492 ; gain = 0.000 ; free physical = 16068 ; free virtual = 29952
launch_runs design_1_auto_pc_0_synth_1
INFO: [IP_Flow 19-6924] IPCACHE: Running cache check for IP inst: design_1_auto_pc_0
INFO: [IP_Flow 19-6922] IPCACHE: Exporting cached entry 4936fc4ecf34d923 to dir: /home/jgaitan/Documents/proyecto_1_borrador/project_1/project_1.gen/sources_1/bd/design_1/ip/design_1_auto_pc_0
INFO: [IP_Flow 19-6928] IPCACHE: copied cached file /home/jgaitan/Documents/proyecto_1_borrador/project_1/project_1.cache/ip/2023.2/4/9/4936fc4ecf34d923/design_1_auto_pc_0_sim_netlist.vhdl to /home/jgaitan/Documents/proyecto_1_borrador/project_1/project_1.gen/sources_1/bd/design_1/ip/design_1_auto_pc_0/design_1_auto_pc_0_sim_netlist.vhdl.
INFO: [IP_Flow 19-6926] IPCACHE: added file to list for BOM: /home/jgaitan/Documents/proyecto_1_borrador/project_1/project_1.gen/sources_1/bd/design_1/ip/design_1_auto_pc_0/design_1_auto_pc_0_sim_netlist.vhdl
INFO: [IP_Flow 19-6928] IPCACHE: copied cached file /home/jgaitan/Documents/proyecto_1_borrador/project_1/project_1.cache/ip/2023.2/4/9/4936fc4ecf34d923/design_1_auto_pc_0_sim_netlist.v to /home/jgaitan/Documents/proyecto_1_borrador/project_1/project_1.gen/sources_1/bd/design_1/ip/design_1_auto_pc_0/design_1_auto_pc_0_sim_netlist.v.
INFO: [IP_Flow 19-6926] IPCACHE: added file to list for BOM: /home/jgaitan/Documents/proyecto_1_borrador/project_1/project_1.gen/sources_1/bd/design_1/ip/design_1_auto_pc_0/design_1_auto_pc_0_sim_netlist.v
INFO: [IP_Flow 19-6928] IPCACHE: copied cached file /home/jgaitan/Documents/proyecto_1_borrador/project_1/project_1.cache/ip/2023.2/4/9/4936fc4ecf34d923/design_1_auto_pc_0_stub.v to /home/jgaitan/Documents/proyecto_1_borrador/project_1/project_1.gen/sources_1/bd/design_1/ip/design_1_auto_pc_0/design_1_auto_pc_0_stub.v.
INFO: [IP_Flow 19-6926] IPCACHE: added file to list for BOM: /home/jgaitan/Documents/proyecto_1_borrador/project_1/project_1.gen/sources_1/bd/design_1/ip/design_1_auto_pc_0/design_1_auto_pc_0_stub.v
INFO: [IP_Flow 19-6928] IPCACHE: copied cached file /home/jgaitan/Documents/proyecto_1_borrador/project_1/project_1.cache/ip/2023.2/4/9/4936fc4ecf34d923/design_1_auto_pc_0_stub.vhdl to /home/jgaitan/Documents/proyecto_1_borrador/project_1/project_1.gen/sources_1/bd/design_1/ip/design_1_auto_pc_0/design_1_auto_pc_0_stub.vhdl.
INFO: [IP_Flow 19-6926] IPCACHE: added file to list for BOM: /home/jgaitan/Documents/proyecto_1_borrador/project_1/project_1.gen/sources_1/bd/design_1/ip/design_1_auto_pc_0/design_1_auto_pc_0_stub.vhdl
INFO: [IP_Flow 19-6928] IPCACHE: copied cached file /home/jgaitan/Documents/proyecto_1_borrador/project_1/project_1.cache/ip/2023.2/4/9/4936fc4ecf34d923/design_1_auto_pc_0.dcp to /home/jgaitan/Documents/proyecto_1_borrador/project_1/project_1.gen/sources_1/bd/design_1/ip/design_1_auto_pc_0/design_1_auto_pc_0.dcp.
INFO: [IP_Flow 19-6926] IPCACHE: added file to list for BOM: /home/jgaitan/Documents/proyecto_1_borrador/project_1/project_1.gen/sources_1/bd/design_1/ip/design_1_auto_pc_0/design_1_auto_pc_0.dcp
INFO: [IP_Flow 19-4993] Using cached IP synthesis design for IP design_1_auto_pc_0, cache-ID = 4936fc4ecf34d923; cache size = 7.868 MB.
[Wed Feb 11 23:45:24 2026] Launched design_1_auto_pc_0_synth_1...
Run output will be captured here: /home/jgaitan/Documents/proyecto_1_borrador/project_1/project_1.runs/design_1_auto_pc_0_synth_1/runme.log
wait_on_run design_1_auto_pc_0_synth_1
[Wed Feb 11 23:45:24 2026] Waiting for design_1_auto_pc_0_synth_1 to finish...
[Wed Feb 11 23:45:29 2026] Waiting for design_1_auto_pc_0_synth_1 to finish...
[Wed Feb 11 23:45:34 2026] Waiting for design_1_auto_pc_0_synth_1 to finish...
[Wed Feb 11 23:45:39 2026] Waiting for design_1_auto_pc_0_synth_1 to finish...

*** Running vivado
    with args -log design_1_auto_pc_0.vds -m64 -product Vivado -mode batch -messageDb vivado.pb -notrace -source design_1_auto_pc_0.tcl


****** Vivado v2023.2 (64-bit)
  **** SW Build 4029153 on Fri Oct 13 20:13:54 MDT 2023
  **** IP Build 4028589 on Sat Oct 14 00:45:43 MDT 2023
  **** SharedData Build 4025554 on Tue Oct 10 17:18:54 MDT 2023
    ** Copyright 1986-2022 Xilinx, Inc. All Rights Reserved.
    ** Copyright 2022-2023 Advanced Micro Devices, Inc. All Rights Reserved.

source design_1_auto_pc_0.tcl -notrace
create_project: Time (s): cpu = 00:00:05 ; elapsed = 00:00:05 . Memory (MB): peak = 1342.262 ; gain = 0.023 ; free physical = 15546 ; free virtual = 29431
INFO: [IP_Flow 19-6924] IPCACHE: Running cache check for IP inst: design_1_auto_pc_0
INFO: [IP_Flow 19-6922] IPCACHE: Exporting cached entry 4936fc4ecf34d923 to dir: /home/jgaitan/Documents/proyecto_1_borrador/project_1/project_1.runs/design_1_auto_pc_0_synth_1
INFO: [IP_Flow 19-6928] IPCACHE: copied cached file /home/jgaitan/Documents/proyecto_1_borrador/project_1/project_1.cache/ip/2023.2/4/9/4936fc4ecf34d923/design_1_auto_pc_0_sim_netlist.vhdl to /home/jgaitan/Documents/proyecto_1_borrador/project_1/project_1.runs/design_1_auto_pc_0_synth_1/design_1_auto_pc_0_sim_netlist.vhdl.
INFO: [IP_Flow 19-6928] IPCACHE: copied cached file /home/jgaitan/Documents/proyecto_1_borrador/project_1/project_1.cache/ip/2023.2/4/9/4936fc4ecf34d923/design_1_auto_pc_0_sim_netlist.v to /home/jgaitan/Documents/proyecto_1_borrador/project_1/project_1.runs/design_1_auto_pc_0_synth_1/design_1_auto_pc_0_sim_netlist.v.
INFO: [IP_Flow 19-6928] IPCACHE: copied cached file /home/jgaitan/Documents/proyecto_1_borrador/project_1/project_1.cache/ip/2023.2/4/9/4936fc4ecf34d923/design_1_auto_pc_0_stub.v to /home/jgaitan/Documents/proyecto_1_borrador/project_1/project_1.runs/design_1_auto_pc_0_synth_1/design_1_auto_pc_0_stub.v.
INFO: [IP_Flow 19-6928] IPCACHE: copied cached file /home/jgaitan/Documents/proyecto_1_borrador/project_1/project_1.cache/ip/2023.2/4/9/4936fc4ecf34d923/design_1_auto_pc_0_stub.vhdl to /home/jgaitan/Documents/proyecto_1_borrador/project_1/project_1.runs/design_1_auto_pc_0_synth_1/design_1_auto_pc_0_stub.vhdl.
INFO: [IP_Flow 19-6928] IPCACHE: copied cached file /home/jgaitan/Documents/proyecto_1_borrador/project_1/project_1.cache/ip/2023.2/4/9/4936fc4ecf34d923/design_1_auto_pc_0.dcp to /home/jgaitan/Documents/proyecto_1_borrador/project_1/project_1.runs/design_1_auto_pc_0_synth_1/design_1_auto_pc_0.dcp.
INFO: [IP_Flow 19-4838] Using cached IP synthesis design for IP design_1_auto_pc_0, cache-ID = 4936fc4ecf34d923.
INFO: [Common 17-206] Exiting Vivado at Wed Feb 11 23:45:36 2026...
[Wed Feb 11 23:45:46 2026] design_1_auto_pc_0_synth_1 finished
wait_on_runs: Time (s): cpu = 00:00:14 ; elapsed = 00:00:22 . Memory (MB): peak = 9490.566 ; gain = 0.000 ; free physical = 16041 ; free virtual = 29927
launch_runs design_1_auto_pc_1_synth_1
INFO: [IP_Flow 19-6924] IPCACHE: Running cache check for IP inst: design_1_auto_pc_1
INFO: [IP_Flow 19-6922] IPCACHE: Exporting cached entry 4936fc4ecf34d923 to dir: /home/jgaitan/Documents/proyecto_1_borrador/project_1/project_1.gen/sources_1/bd/design_1/ip/design_1_auto_pc_1
INFO: [IP_Flow 19-6928] IPCACHE: copied cached file /home/jgaitan/Documents/proyecto_1_borrador/project_1/project_1.cache/ip/2023.2/4/9/4936fc4ecf34d923/design_1_auto_pc_0_sim_netlist.vhdl to /home/jgaitan/Documents/proyecto_1_borrador/project_1/project_1.gen/sources_1/bd/design_1/ip/design_1_auto_pc_1/design_1_auto_pc_1_sim_netlist.vhdl.
INFO: [IP_Flow 19-6926] IPCACHE: added file to list for BOM: /home/jgaitan/Documents/proyecto_1_borrador/project_1/project_1.gen/sources_1/bd/design_1/ip/design_1_auto_pc_1/design_1_auto_pc_1_sim_netlist.vhdl
INFO: [IP_Flow 19-6928] IPCACHE: copied cached file /home/jgaitan/Documents/proyecto_1_borrador/project_1/project_1.cache/ip/2023.2/4/9/4936fc4ecf34d923/design_1_auto_pc_0_sim_netlist.v to /home/jgaitan/Documents/proyecto_1_borrador/project_1/project_1.gen/sources_1/bd/design_1/ip/design_1_auto_pc_1/design_1_auto_pc_1_sim_netlist.v.
INFO: [IP_Flow 19-6926] IPCACHE: added file to list for BOM: /home/jgaitan/Documents/proyecto_1_borrador/project_1/project_1.gen/sources_1/bd/design_1/ip/design_1_auto_pc_1/design_1_auto_pc_1_sim_netlist.v
INFO: [IP_Flow 19-6928] IPCACHE: copied cached file /home/jgaitan/Documents/proyecto_1_borrador/project_1/project_1.cache/ip/2023.2/4/9/4936fc4ecf34d923/design_1_auto_pc_0_stub.v to /home/jgaitan/Documents/proyecto_1_borrador/project_1/project_1.gen/sources_1/bd/design_1/ip/design_1_auto_pc_1/design_1_auto_pc_1_stub.v.
INFO: [IP_Flow 19-6926] IPCACHE: added file to list for BOM: /home/jgaitan/Documents/proyecto_1_borrador/project_1/project_1.gen/sources_1/bd/design_1/ip/design_1_auto_pc_1/design_1_auto_pc_1_stub.v
INFO: [IP_Flow 19-6928] IPCACHE: copied cached file /home/jgaitan/Documents/proyecto_1_borrador/project_1/project_1.cache/ip/2023.2/4/9/4936fc4ecf34d923/design_1_auto_pc_0_stub.vhdl to /home/jgaitan/Documents/proyecto_1_borrador/project_1/project_1.gen/sources_1/bd/design_1/ip/design_1_auto_pc_1/design_1_auto_pc_1_stub.vhdl.
INFO: [IP_Flow 19-6926] IPCACHE: added file to list for BOM: /home/jgaitan/Documents/proyecto_1_borrador/project_1/project_1.gen/sources_1/bd/design_1/ip/design_1_auto_pc_1/design_1_auto_pc_1_stub.vhdl
INFO: [IP_Flow 19-6928] IPCACHE: copied cached file /home/jgaitan/Documents/proyecto_1_borrador/project_1/project_1.cache/ip/2023.2/4/9/4936fc4ecf34d923/design_1_auto_pc_0.dcp to /home/jgaitan/Documents/proyecto_1_borrador/project_1/project_1.gen/sources_1/bd/design_1/ip/design_1_auto_pc_1/design_1_auto_pc_1.dcp.
INFO: [IP_Flow 19-6926] IPCACHE: added file to list for BOM: /home/jgaitan/Documents/proyecto_1_borrador/project_1/project_1.gen/sources_1/bd/design_1/ip/design_1_auto_pc_1/design_1_auto_pc_1.dcp
INFO: [IP_Flow 19-4993] Using cached IP synthesis design for IP design_1_auto_pc_1, cache-ID = 4936fc4ecf34d923; cache size = 7.868 MB.
[Wed Feb 11 23:45:47 2026] Launched design_1_auto_pc_1_synth_1...
Run output will be captured here: /home/jgaitan/Documents/proyecto_1_borrador/project_1/project_1.runs/design_1_auto_pc_1_synth_1/runme.log
wait_on_run design_1_auto_pc_1_synth_1
[Wed Feb 11 23:45:48 2026] Waiting for design_1_auto_pc_1_synth_1 to finish...
[Wed Feb 11 23:45:53 2026] Waiting for design_1_auto_pc_1_synth_1 to finish...
[Wed Feb 11 23:45:58 2026] Waiting for design_1_auto_pc_1_synth_1 to finish...
[Wed Feb 11 23:46:03 2026] Waiting for design_1_auto_pc_1_synth_1 to finish...

*** Running vivado
    with args -log design_1_auto_pc_1.vds -m64 -product Vivado -mode batch -messageDb vivado.pb -notrace -source design_1_auto_pc_1.tcl


****** Vivado v2023.2 (64-bit)
  **** SW Build 4029153 on Fri Oct 13 20:13:54 MDT 2023
  **** IP Build 4028589 on Sat Oct 14 00:45:43 MDT 2023
  **** SharedData Build 4025554 on Tue Oct 10 17:18:54 MDT 2023
    ** Copyright 1986-2022 Xilinx, Inc. All Rights Reserved.
    ** Copyright 2022-2023 Advanced Micro Devices, Inc. All Rights Reserved.

source design_1_auto_pc_1.tcl -notrace
create_project: Time (s): cpu = 00:00:05 ; elapsed = 00:00:05 . Memory (MB): peak = 1349.875 ; gain = 0.023 ; free physical = 15526 ; free virtual = 29412
INFO: [IP_Flow 19-6924] IPCACHE: Running cache check for IP inst: design_1_auto_pc_1
INFO: [IP_Flow 19-6922] IPCACHE: Exporting cached entry 4936fc4ecf34d923 to dir: /home/jgaitan/Documents/proyecto_1_borrador/project_1/project_1.runs/design_1_auto_pc_1_synth_1
INFO: [IP_Flow 19-6928] IPCACHE: copied cached file /home/jgaitan/Documents/proyecto_1_borrador/project_1/project_1.cache/ip/2023.2/4/9/4936fc4ecf34d923/design_1_auto_pc_0_sim_netlist.vhdl to /home/jgaitan/Documents/proyecto_1_borrador/project_1/project_1.runs/design_1_auto_pc_1_synth_1/design_1_auto_pc_1_sim_netlist.vhdl.
INFO: [IP_Flow 19-6928] IPCACHE: copied cached file /home/jgaitan/Documents/proyecto_1_borrador/project_1/project_1.cache/ip/2023.2/4/9/4936fc4ecf34d923/design_1_auto_pc_0_sim_netlist.v to /home/jgaitan/Documents/proyecto_1_borrador/project_1/project_1.runs/design_1_auto_pc_1_synth_1/design_1_auto_pc_1_sim_netlist.v.
INFO: [IP_Flow 19-6928] IPCACHE: copied cached file /home/jgaitan/Documents/proyecto_1_borrador/project_1/project_1.cache/ip/2023.2/4/9/4936fc4ecf34d923/design_1_auto_pc_0_stub.v to /home/jgaitan/Documents/proyecto_1_borrador/project_1/project_1.runs/design_1_auto_pc_1_synth_1/design_1_auto_pc_1_stub.v.
INFO: [IP_Flow 19-6928] IPCACHE: copied cached file /home/jgaitan/Documents/proyecto_1_borrador/project_1/project_1.cache/ip/2023.2/4/9/4936fc4ecf34d923/design_1_auto_pc_0_stub.vhdl to /home/jgaitan/Documents/proyecto_1_borrador/project_1/project_1.runs/design_1_auto_pc_1_synth_1/design_1_auto_pc_1_stub.vhdl.
INFO: [IP_Flow 19-6928] IPCACHE: copied cached file /home/jgaitan/Documents/proyecto_1_borrador/project_1/project_1.cache/ip/2023.2/4/9/4936fc4ecf34d923/design_1_auto_pc_0.dcp to /home/jgaitan/Documents/proyecto_1_borrador/project_1/project_1.runs/design_1_auto_pc_1_synth_1/design_1_auto_pc_1.dcp.
INFO: [IP_Flow 19-4838] Using cached IP synthesis design for IP design_1_auto_pc_1, cache-ID = 4936fc4ecf34d923.
INFO: [Common 17-206] Exiting Vivado at Wed Feb 11 23:45:59 2026...
[Wed Feb 11 23:46:09 2026] design_1_auto_pc_1_synth_1 finished
wait_on_runs: Time (s): cpu = 00:00:14 ; elapsed = 00:00:22 . Memory (MB): peak = 9847.703 ; gain = 0.000 ; free physical = 16042 ; free virtual = 29929
launch_runs design_1_spliter_128to32_0_1_synth_1
INFO: [IP_Flow 19-6924] IPCACHE: Running cache check for IP inst: design_1_spliter_128to32_0_1
[Wed Feb 11 23:46:09 2026] Launched design_1_spliter_128to32_0_1_synth_1...
Run output will be captured here: /home/jgaitan/Documents/proyecto_1_borrador/project_1/project_1.runs/design_1_spliter_128to32_0_1_synth_1/runme.log
wait_on_run design_1_spliter_128to32_0_1_synth_1
[Wed Feb 11 23:46:09 2026] Waiting for design_1_spliter_128to32_0_1_synth_1 to finish...
[Wed Feb 11 23:46:14 2026] Waiting for design_1_spliter_128to32_0_1_synth_1 to finish...
[Wed Feb 11 23:46:19 2026] Waiting for design_1_spliter_128to32_0_1_synth_1 to finish...
[Wed Feb 11 23:46:24 2026] Waiting for design_1_spliter_128to32_0_1_synth_1 to finish...
[Wed Feb 11 23:46:35 2026] Waiting for design_1_spliter_128to32_0_1_synth_1 to finish...
[Wed Feb 11 23:46:45 2026] Waiting for design_1_spliter_128to32_0_1_synth_1 to finish...
[Wed Feb 11 23:46:55 2026] Waiting for design_1_spliter_128to32_0_1_synth_1 to finish...

*** Running vivado
    with args -log design_1_spliter_128to32_0_1.vds -m64 -product Vivado -mode batch -messageDb vivado.pb -notrace -source design_1_spliter_128to32_0_1.tcl


****** Vivado v2023.2 (64-bit)
  **** SW Build 4029153 on Fri Oct 13 20:13:54 MDT 2023
  **** IP Build 4028589 on Sat Oct 14 00:45:43 MDT 2023
  **** SharedData Build 4025554 on Tue Oct 10 17:18:54 MDT 2023
    ** Copyright 1986-2022 Xilinx, Inc. All Rights Reserved.
    ** Copyright 2022-2023 Advanced Micro Devices, Inc. All Rights Reserved.

source design_1_spliter_128to32_0_1.tcl -notrace
create_project: Time (s): cpu = 00:00:05 ; elapsed = 00:00:05 . Memory (MB): peak = 1336.258 ; gain = 45.836 ; free physical = 15550 ; free virtual = 29438
INFO: [IP_Flow 19-234] Refreshing IP repositories
INFO: [IP_Flow 19-1704] No user IP repositories specified
INFO: [IP_Flow 19-2313] Loaded Vivado IP repository '/tools/Xilinx-2023.2/Vivado/2023.2/data/ip'.
INFO: [IP_Flow 19-6924] IPCACHE: Running cache check for IP inst: design_1_spliter_128to32_0_1
Command: synth_design -top design_1_spliter_128to32_0_1 -part xck26-sfvc784-2LV-c -incremental_mode off -mode out_of_context
Starting synth_design
Attempting to get a license for feature 'Synthesis' and/or device 'xck26'
INFO: [Common 17-349] Got license for feature 'Synthesis' and/or device 'xck26'
INFO: [Device 21-403] Loading part xck26-sfvc784-2LV-c
INFO: [Synth 8-7079] Multithreading enabled for synth_design using a maximum of 4 processes.
INFO: [Synth 8-7078] Launching helper process for spawning children vivado processes
INFO: [Synth 8-7075] Helper process launched with PID 389334
---------------------------------------------------------------------------------
Starting RTL Elaboration : Time (s): cpu = 00:00:03 ; elapsed = 00:00:03 . Memory (MB): peak = 2597.613 ; gain = 286.691 ; free physical = 14034 ; free virtual = 27921
---------------------------------------------------------------------------------
INFO: [Synth 8-6157] synthesizing module 'design_1_spliter_128to32_0_1' [/home/jgaitan/Documents/proyecto_1_borrador/project_1/project_1.gen/sources_1/bd/design_1/ip/design_1_spliter_128to32_0_1/synth/design_1_spliter_128to32_0_1.v:53]
INFO: [Synth 8-6157] synthesizing module 'spliter_128to32' [/home/jgaitan/Documents/proyecto_1_borrador/128to32_spliter.v:5]
INFO: [Synth 8-6155] done synthesizing module 'spliter_128to32' (0#1) [/home/jgaitan/Documents/proyecto_1_borrador/128to32_spliter.v:5]
INFO: [Synth 8-6155] done synthesizing module 'design_1_spliter_128to32_0_1' (0#1) [/home/jgaitan/Documents/proyecto_1_borrador/project_1/project_1.gen/sources_1/bd/design_1/ip/design_1_spliter_128to32_0_1/synth/design_1_spliter_128to32_0_1.v:53]
---------------------------------------------------------------------------------
Finished RTL Elaboration : Time (s): cpu = 00:00:04 ; elapsed = 00:00:04 . Memory (MB): peak = 2674.582 ; gain = 363.660 ; free physical = 13936 ; free virtual = 27824
---------------------------------------------------------------------------------
---------------------------------------------------------------------------------
Start Handling Custom Attributes
---------------------------------------------------------------------------------
---------------------------------------------------------------------------------
Finished Handling Custom Attributes : Time (s): cpu = 00:00:04 ; elapsed = 00:00:05 . Memory (MB): peak = 2677.551 ; gain = 366.629 ; free physical = 13936 ; free virtual = 27824
---------------------------------------------------------------------------------
---------------------------------------------------------------------------------
Finished RTL Optimization Phase 1 : Time (s): cpu = 00:00:04 ; elapsed = 00:00:05 . Memory (MB): peak = 2677.551 ; gain = 366.629 ; free physical = 13936 ; free virtual = 27824
---------------------------------------------------------------------------------
Netlist sorting complete. Time (s): cpu = 00:00:00 ; elapsed = 00:00:00 . Memory (MB): peak = 2677.551 ; gain = 0.000 ; free physical = 13936 ; free virtual = 27824
INFO: [Project 1-570] Preparing netlist for logic optimization

Processing XDC Constraints
Initializing timing engine
Completed Processing XDC Constraints

Netlist sorting complete. Time (s): cpu = 00:00:00 ; elapsed = 00:00:00 . Memory (MB): peak = 2749.215 ; gain = 0.000 ; free physical = 13931 ; free virtual = 27820
INFO: [Project 1-111] Unisim Transformation Summary:
No Unisim elements were transformed.

Constraint Validation Runtime : Time (s): cpu = 00:00:00.02 ; elapsed = 00:00:00.01 . Memory (MB): peak = 2749.250 ; gain = 0.000 ; free physical = 13931 ; free virtual = 27819
INFO: [Designutils 20-5008] Incremental synthesis strategy off
---------------------------------------------------------------------------------
Finished Constraint Validation : Time (s): cpu = 00:00:09 ; elapsed = 00:00:09 . Memory (MB): peak = 2749.250 ; gain = 438.328 ; free physical = 13955 ; free virtual = 27843
---------------------------------------------------------------------------------
---------------------------------------------------------------------------------
Start Loading Part and Timing Information
---------------------------------------------------------------------------------
Loading part: xck26-sfvc784-2LV-c
INFO: [Synth 8-6742] Reading net delay rules and data
---------------------------------------------------------------------------------
Finished Loading Part and Timing Information : Time (s): cpu = 00:00:09 ; elapsed = 00:00:09 . Memory (MB): peak = 2749.250 ; gain = 438.328 ; free physical = 13955 ; free virtual = 27843
---------------------------------------------------------------------------------
---------------------------------------------------------------------------------
Start Applying 'set_property' XDC Constraints
---------------------------------------------------------------------------------
---------------------------------------------------------------------------------
Finished applying 'set_property' XDC Constraints : Time (s): cpu = 00:00:09 ; elapsed = 00:00:09 . Memory (MB): peak = 2749.250 ; gain = 438.328 ; free physical = 13955 ; free virtual = 27843
---------------------------------------------------------------------------------
---------------------------------------------------------------------------------
Finished RTL Optimization Phase 2 : Time (s): cpu = 00:00:09 ; elapsed = 00:00:09 . Memory (MB): peak = 2749.250 ; gain = 438.328 ; free physical = 13950 ; free virtual = 27839
---------------------------------------------------------------------------------
---------------------------------------------------------------------------------
Start RTL Component Statistics 
---------------------------------------------------------------------------------
Detailed RTL Component Info : 
---------------------------------------------------------------------------------
Finished RTL Component Statistics 
---------------------------------------------------------------------------------
---------------------------------------------------------------------------------
Start Part Resource Summary
---------------------------------------------------------------------------------
Part Resources:
DSPs: 1248 (col length:96)
BRAMs: 288 (col length: RAMB18 96 RAMB36 48)
---------------------------------------------------------------------------------
Finished Part Resource Summary
---------------------------------------------------------------------------------
---------------------------------------------------------------------------------
Start Cross Boundary and Area Optimization
---------------------------------------------------------------------------------
WARNING: [Synth 8-7080] Parallel synthesis criteria is not met
WARNING: [Synth 8-3330] design design_1_spliter_128to32_0_1 has an empty top module
---------------------------------------------------------------------------------
Finished Cross Boundary and Area Optimization : Time (s): cpu = 00:00:10 ; elapsed = 00:00:10 . Memory (MB): peak = 2749.250 ; gain = 438.328 ; free physical = 13972 ; free virtual = 27861
---------------------------------------------------------------------------------
---------------------------------------------------------------------------------
Start Applying XDC Timing Constraints
---------------------------------------------------------------------------------
---------------------------------------------------------------------------------
Finished Applying XDC Timing Constraints : Time (s): cpu = 00:00:17 ; elapsed = 00:00:17 . Memory (MB): peak = 3225.551 ; gain = 914.629 ; free physical = 13575 ; free virtual = 27464
---------------------------------------------------------------------------------
---------------------------------------------------------------------------------
Start Timing Optimization
---------------------------------------------------------------------------------
---------------------------------------------------------------------------------
Finished Timing Optimization : Time (s): cpu = 00:00:17 ; elapsed = 00:00:17 . Memory (MB): peak = 3225.551 ; gain = 914.629 ; free physical = 13575 ; free virtual = 27464
---------------------------------------------------------------------------------
---------------------------------------------------------------------------------
Start Technology Mapping
---------------------------------------------------------------------------------
---------------------------------------------------------------------------------
Finished Technology Mapping : Time (s): cpu = 00:00:17 ; elapsed = 00:00:17 . Memory (MB): peak = 3234.566 ; gain = 923.645 ; free physical = 13566 ; free virtual = 27455
---------------------------------------------------------------------------------
---------------------------------------------------------------------------------
Start IO Insertion
---------------------------------------------------------------------------------
---------------------------------------------------------------------------------
Start Flattening Before IO Insertion
---------------------------------------------------------------------------------
---------------------------------------------------------------------------------
Finished Flattening Before IO Insertion
---------------------------------------------------------------------------------
---------------------------------------------------------------------------------
Start Final Netlist Cleanup
---------------------------------------------------------------------------------
---------------------------------------------------------------------------------
Finished Final Netlist Cleanup
---------------------------------------------------------------------------------
---------------------------------------------------------------------------------
Finished IO Insertion : Time (s): cpu = 00:00:20 ; elapsed = 00:00:20 . Memory (MB): peak = 3250.410 ; gain = 939.488 ; free physical = 13540 ; free virtual = 27429
---------------------------------------------------------------------------------
---------------------------------------------------------------------------------
Start Renaming Generated Instances
---------------------------------------------------------------------------------
---------------------------------------------------------------------------------
Finished Renaming Generated Instances : Time (s): cpu = 00:00:20 ; elapsed = 00:00:20 . Memory (MB): peak = 3250.410 ; gain = 939.488 ; free physical = 13540 ; free virtual = 27429
---------------------------------------------------------------------------------
---------------------------------------------------------------------------------
Start Rebuilding User Hierarchy
---------------------------------------------------------------------------------
---------------------------------------------------------------------------------
Finished Rebuilding User Hierarchy : Time (s): cpu = 00:00:20 ; elapsed = 00:00:20 . Memory (MB): peak = 3250.410 ; gain = 939.488 ; free physical = 13540 ; free virtual = 27429
---------------------------------------------------------------------------------
---------------------------------------------------------------------------------
Start Renaming Generated Ports
---------------------------------------------------------------------------------
---------------------------------------------------------------------------------
Finished Renaming Generated Ports : Time (s): cpu = 00:00:20 ; elapsed = 00:00:20 . Memory (MB): peak = 3250.410 ; gain = 939.488 ; free physical = 13540 ; free virtual = 27429
---------------------------------------------------------------------------------
---------------------------------------------------------------------------------
Start Handling Custom Attributes
---------------------------------------------------------------------------------
---------------------------------------------------------------------------------
Finished Handling Custom Attributes : Time (s): cpu = 00:00:20 ; elapsed = 00:00:20 . Memory (MB): peak = 3250.410 ; gain = 939.488 ; free physical = 13540 ; free virtual = 27429
---------------------------------------------------------------------------------
---------------------------------------------------------------------------------
Start Renaming Generated Nets
---------------------------------------------------------------------------------
---------------------------------------------------------------------------------
Finished Renaming Generated Nets : Time (s): cpu = 00:00:20 ; elapsed = 00:00:20 . Memory (MB): peak = 3250.410 ; gain = 939.488 ; free physical = 13540 ; free virtual = 27429
---------------------------------------------------------------------------------
---------------------------------------------------------------------------------
Start Writing Synthesis Report
---------------------------------------------------------------------------------

Report BlackBoxes: 
+-+--------------+----------+
| |BlackBox name |Instances |
+-+--------------+----------+
+-+--------------+----------+

Report Cell Usage: 
+-+-----+------+
| |Cell |Count |
+-+-----+------+
+-+-----+------+
---------------------------------------------------------------------------------
Finished Writing Synthesis Report : Time (s): cpu = 00:00:20 ; elapsed = 00:00:20 . Memory (MB): peak = 3250.410 ; gain = 939.488 ; free physical = 13540 ; free virtual = 27429
---------------------------------------------------------------------------------
Synthesis finished with 0 errors, 0 critical warnings and 2 warnings.
Synthesis Optimization Runtime : Time (s): cpu = 00:00:19 ; elapsed = 00:00:19 . Memory (MB): peak = 3250.410 ; gain = 867.789 ; free physical = 13540 ; free virtual = 27429
Synthesis Optimization Complete : Time (s): cpu = 00:00:20 ; elapsed = 00:00:20 . Memory (MB): peak = 3250.418 ; gain = 939.488 ; free physical = 13540 ; free virtual = 27429
INFO: [Project 1-571] Translating synthesized netlist
Netlist sorting complete. Time (s): cpu = 00:00:00 ; elapsed = 00:00:00 . Memory (MB): peak = 3250.418 ; gain = 0.000 ; free physical = 13540 ; free virtual = 27429
INFO: [Project 1-570] Preparing netlist for logic optimization
INFO: [Opt 31-138] Pushed 0 inverter(s) to 0 load pin(s).
Netlist sorting complete. Time (s): cpu = 00:00:00 ; elapsed = 00:00:00 . Memory (MB): peak = 3282.129 ; gain = 0.000 ; free physical = 13799 ; free virtual = 27688
INFO: [Project 1-111] Unisim Transformation Summary:
No Unisim elements were transformed.

Synth Design complete | Checksum: 42228f20
INFO: [Common 17-83] Releasing license: Synthesis
22 Infos, 2 Warnings, 0 Critical Warnings and 0 Errors encountered.
synth_design completed successfully
synth_design: Time (s): cpu = 00:00:26 ; elapsed = 00:00:24 . Memory (MB): peak = 3282.164 ; gain = 1896.336 ; free physical = 13799 ; free virtual = 27688
INFO: [Common 17-2834] synth_design peak Physical Memory [PSS] (MB): overall = 2826.501; main = 2521.170; forked = 382.274
INFO: [Common 17-2834] synth_design peak Virtual Memory [VSS] (MB): overall = 4216.008; main = 3282.133; forked = 981.438
INFO: [Common 17-1381] The checkpoint '/home/jgaitan/Documents/proyecto_1_borrador/project_1/project_1.runs/design_1_spliter_128to32_0_1_synth_1/design_1_spliter_128to32_0_1.dcp' has been generated.
INFO: [Coretcl 2-1648] Added synthesis output to IP cache for IP design_1_spliter_128to32_0_1, cache-ID = fd7fe76f5fcd2e21
INFO: [Common 17-1381] The checkpoint '/home/jgaitan/Documents/proyecto_1_borrador/project_1/project_1.runs/design_1_spliter_128to32_0_1_synth_1/design_1_spliter_128to32_0_1.dcp' has been generated.
INFO: [runtcl-4] Executing : report_utilization -file design_1_spliter_128to32_0_1_utilization_synth.rpt -pb design_1_spliter_128to32_0_1_utilization_synth.pb
INFO: [Common 17-206] Exiting Vivado at Wed Feb 11 23:46:47 2026...
[Wed Feb 11 23:46:57 2026] design_1_spliter_128to32_0_1_synth_1 finished
wait_on_runs: Time (s): cpu = 00:00:41 ; elapsed = 00:00:48 . Memory (MB): peak = 9847.703 ; gain = 0.000 ; free physical = 16076 ; free virtual = 29964
synth_design -rtl -rtl_skip_mlo -name rtl_1
Command: synth_design -rtl -rtl_skip_mlo -name rtl_1
Starting synth_design
Using part: xck26-sfvc784-2LV-c
Top: design_1_wrapper
INFO: [Device 21-403] Loading part xck26-sfvc784-2LV-c
INFO: [Synth 8-7079] Multithreading enabled for synth_design using a maximum of 4 processes.
INFO: [Synth 8-7078] Launching helper process for spawning children vivado processes
INFO: [Synth 8-7075] Helper process launched with PID 390115
---------------------------------------------------------------------------------
Starting RTL Elaboration : Time (s): cpu = 00:00:05 ; elapsed = 00:00:04 . Memory (MB): peak = 10676.773 ; gain = 0.000 ; free physical = 14780 ; free virtual = 28668
---------------------------------------------------------------------------------
INFO: [Synth 8-6157] synthesizing module 'design_1_wrapper' [/home/jgaitan/Documents/proyecto_1_borrador/project_1/project_1.gen/sources_1/bd/design_1/hdl/design_1_wrapper.v:13]
INFO: [Synth 8-6157] synthesizing module 'design_1' [/home/jgaitan/Documents/proyecto_1_borrador/project_1/project_1.gen/sources_1/bd/design_1/synth/design_1.v:13]
INFO: [Synth 8-6157] synthesizing module 'design_1_axi_gpio_0_0' [/home/jgaitan/Documents/proyecto_1_borrador/.Xil/Vivado-383776-73bff328fa37/realtime/design_1_axi_gpio_0_0_stub.v:6]
INFO: [Synth 8-6155] done synthesizing module 'design_1_axi_gpio_0_0' (0#1) [/home/jgaitan/Documents/proyecto_1_borrador/.Xil/Vivado-383776-73bff328fa37/realtime/design_1_axi_gpio_0_0_stub.v:6]
WARNING: [Synth 8-7071] port 'gpio_io_t' of module 'design_1_axi_gpio_0_0' is unconnected for instance 'axi_gpio_0' [/home/jgaitan/Documents/proyecto_1_borrador/project_1/project_1.gen/sources_1/bd/design_1/synth/design_1.v:140]
WARNING: [Synth 8-7071] port 'gpio2_io_t' of module 'design_1_axi_gpio_0_0' is unconnected for instance 'axi_gpio_0' [/home/jgaitan/Documents/proyecto_1_borrador/project_1/project_1.gen/sources_1/bd/design_1/synth/design_1.v:140]
WARNING: [Synth 8-7023] instance 'axi_gpio_0' of module 'design_1_axi_gpio_0_0' has 25 connections declared, but only 23 given [/home/jgaitan/Documents/proyecto_1_borrador/project_1/project_1.gen/sources_1/bd/design_1/synth/design_1.v:140]
INFO: [Synth 8-6157] synthesizing module 'design_1_axi_gpio_1_0' [/home/jgaitan/Documents/proyecto_1_borrador/.Xil/Vivado-383776-73bff328fa37/realtime/design_1_axi_gpio_1_0_stub.v:6]
INFO: [Synth 8-6155] done synthesizing module 'design_1_axi_gpio_1_0' (0#1) [/home/jgaitan/Documents/proyecto_1_borrador/.Xil/Vivado-383776-73bff328fa37/realtime/design_1_axi_gpio_1_0_stub.v:6]
WARNING: [Synth 8-7071] port 'gpio_io_t' of module 'design_1_axi_gpio_1_0' is unconnected for instance 'axi_gpio_1' [/home/jgaitan/Documents/proyecto_1_borrador/project_1/project_1.gen/sources_1/bd/design_1/synth/design_1.v:164]
WARNING: [Synth 8-7071] port 'gpio2_io_t' of module 'design_1_axi_gpio_1_0' is unconnected for instance 'axi_gpio_1' [/home/jgaitan/Documents/proyecto_1_borrador/project_1/project_1.gen/sources_1/bd/design_1/synth/design_1.v:164]
WARNING: [Synth 8-7023] instance 'axi_gpio_1' of module 'design_1_axi_gpio_1_0' has 25 connections declared, but only 23 given [/home/jgaitan/Documents/proyecto_1_borrador/project_1/project_1.gen/sources_1/bd/design_1/synth/design_1.v:164]
INFO: [Synth 8-6157] synthesizing module 'design_1_ps8_0_axi_periph_0' [/home/jgaitan/Documents/proyecto_1_borrador/project_1/project_1.gen/sources_1/bd/design_1/synth/design_1.v:414]
INFO: [Synth 8-6157] synthesizing module 'm00_couplers_imp_QJIMLI' [/home/jgaitan/Documents/proyecto_1_borrador/project_1/project_1.gen/sources_1/bd/design_1/synth/design_1.v:1186]
INFO: [Synth 8-6155] done synthesizing module 'm00_couplers_imp_QJIMLI' (0#1) [/home/jgaitan/Documents/proyecto_1_borrador/project_1/project_1.gen/sources_1/bd/design_1/synth/design_1.v:1186]
INFO: [Synth 8-6157] synthesizing module 'm01_couplers_imp_1D3SAH3' [/home/jgaitan/Documents/proyecto_1_borrador/project_1/project_1.gen/sources_1/bd/design_1/synth/design_1.v:1318]
INFO: [Synth 8-6155] done synthesizing module 'm01_couplers_imp_1D3SAH3' (0#1) [/home/jgaitan/Documents/proyecto_1_borrador/project_1/project_1.gen/sources_1/bd/design_1/synth/design_1.v:1318]
INFO: [Synth 8-6157] synthesizing module 's00_couplers_imp_1A7ZMW4' [/home/jgaitan/Documents/proyecto_1_borrador/project_1/project_1.gen/sources_1/bd/design_1/synth/design_1.v:1450]
INFO: [Synth 8-6157] synthesizing module 'design_1_auto_ds_0' [/home/jgaitan/Documents/proyecto_1_borrador/.Xil/Vivado-383776-73bff328fa37/realtime/design_1_auto_ds_0_stub.v:6]
INFO: [Synth 8-6155] done synthesizing module 'design_1_auto_ds_0' (0#1) [/home/jgaitan/Documents/proyecto_1_borrador/.Xil/Vivado-383776-73bff328fa37/realtime/design_1_auto_ds_0_stub.v:6]
INFO: [Synth 8-6157] synthesizing module 'design_1_auto_pc_0' [/home/jgaitan/Documents/proyecto_1_borrador/.Xil/Vivado-383776-73bff328fa37/realtime/design_1_auto_pc_0_stub.v:6]
INFO: [Synth 8-6155] done synthesizing module 'design_1_auto_pc_0' (0#1) [/home/jgaitan/Documents/proyecto_1_borrador/.Xil/Vivado-383776-73bff328fa37/realtime/design_1_auto_pc_0_stub.v:6]
INFO: [Synth 8-6155] done synthesizing module 's00_couplers_imp_1A7ZMW4' (0#1) [/home/jgaitan/Documents/proyecto_1_borrador/project_1/project_1.gen/sources_1/bd/design_1/synth/design_1.v:1450]
INFO: [Synth 8-6157] synthesizing module 's01_couplers_imp_KGUFR9' [/home/jgaitan/Documents/proyecto_1_borrador/project_1/project_1.gen/sources_1/bd/design_1/synth/design_1.v:1860]
INFO: [Synth 8-6157] synthesizing module 'design_1_auto_ds_1' [/home/jgaitan/Documents/proyecto_1_borrador/.Xil/Vivado-383776-73bff328fa37/realtime/design_1_auto_ds_1_stub.v:6]
INFO: [Synth 8-6155] done synthesizing module 'design_1_auto_ds_1' (0#1) [/home/jgaitan/Documents/proyecto_1_borrador/.Xil/Vivado-383776-73bff328fa37/realtime/design_1_auto_ds_1_stub.v:6]
INFO: [Synth 8-6157] synthesizing module 'design_1_auto_pc_1' [/home/jgaitan/Documents/proyecto_1_borrador/.Xil/Vivado-383776-73bff328fa37/realtime/design_1_auto_pc_1_stub.v:6]
INFO: [Synth 8-6155] done synthesizing module 'design_1_auto_pc_1' (0#1) [/home/jgaitan/Documents/proyecto_1_borrador/.Xil/Vivado-383776-73bff328fa37/realtime/design_1_auto_pc_1_stub.v:6]
INFO: [Synth 8-6155] done synthesizing module 's01_couplers_imp_KGUFR9' (0#1) [/home/jgaitan/Documents/proyecto_1_borrador/project_1/project_1.gen/sources_1/bd/design_1/synth/design_1.v:1860]
INFO: [Synth 8-6157] synthesizing module 'design_1_xbar_0' [/home/jgaitan/Documents/proyecto_1_borrador/.Xil/Vivado-383776-73bff328fa37/realtime/design_1_xbar_0_stub.v:6]
INFO: [Synth 8-6155] done synthesizing module 'design_1_xbar_0' (0#1) [/home/jgaitan/Documents/proyecto_1_borrador/.Xil/Vivado-383776-73bff328fa37/realtime/design_1_xbar_0_stub.v:6]
WARNING: [Synth 8-7071] port 'm_axi_awprot' of module 'design_1_xbar_0' is unconnected for instance 'xbar' [/home/jgaitan/Documents/proyecto_1_borrador/project_1/project_1.gen/sources_1/bd/design_1/synth/design_1.v:1145]
WARNING: [Synth 8-7071] port 'm_axi_arprot' of module 'design_1_xbar_0' is unconnected for instance 'xbar' [/home/jgaitan/Documents/proyecto_1_borrador/project_1/project_1.gen/sources_1/bd/design_1/synth/design_1.v:1145]
WARNING: [Synth 8-7023] instance 'xbar' of module 'design_1_xbar_0' has 40 connections declared, but only 38 given [/home/jgaitan/Documents/proyecto_1_borrador/project_1/project_1.gen/sources_1/bd/design_1/synth/design_1.v:1145]
INFO: [Synth 8-6155] done synthesizing module 'design_1_ps8_0_axi_periph_0' (0#1) [/home/jgaitan/Documents/proyecto_1_borrador/project_1/project_1.gen/sources_1/bd/design_1/synth/design_1.v:414]
INFO: [Synth 8-6157] synthesizing module 'design_1_rst_ps8_0_99M_0' [/home/jgaitan/Documents/proyecto_1_borrador/.Xil/Vivado-383776-73bff328fa37/realtime/design_1_rst_ps8_0_99M_0_stub.v:6]
INFO: [Synth 8-6155] done synthesizing module 'design_1_rst_ps8_0_99M_0' (0#1) [/home/jgaitan/Documents/proyecto_1_borrador/.Xil/Vivado-383776-73bff328fa37/realtime/design_1_rst_ps8_0_99M_0_stub.v:6]
WARNING: [Synth 8-7071] port 'mb_reset' of module 'design_1_rst_ps8_0_99M_0' is unconnected for instance 'rst_ps8_0_99M' [/home/jgaitan/Documents/proyecto_1_borrador/project_1/project_1.gen/sources_1/bd/design_1/synth/design_1.v:307]
WARNING: [Synth 8-7071] port 'bus_struct_reset' of module 'design_1_rst_ps8_0_99M_0' is unconnected for instance 'rst_ps8_0_99M' [/home/jgaitan/Documents/proyecto_1_borrador/project_1/project_1.gen/sources_1/bd/design_1/synth/design_1.v:307]
WARNING: [Synth 8-7071] port 'peripheral_reset' of module 'design_1_rst_ps8_0_99M_0' is unconnected for instance 'rst_ps8_0_99M' [/home/jgaitan/Documents/proyecto_1_borrador/project_1/project_1.gen/sources_1/bd/design_1/synth/design_1.v:307]
WARNING: [Synth 8-7071] port 'interconnect_aresetn' of module 'design_1_rst_ps8_0_99M_0' is unconnected for instance 'rst_ps8_0_99M' [/home/jgaitan/Documents/proyecto_1_borrador/project_1/project_1.gen/sources_1/bd/design_1/synth/design_1.v:307]
WARNING: [Synth 8-7023] instance 'rst_ps8_0_99M' of module 'design_1_rst_ps8_0_99M_0' has 10 connections declared, but only 6 given [/home/jgaitan/Documents/proyecto_1_borrador/project_1/project_1.gen/sources_1/bd/design_1/synth/design_1.v:307]
INFO: [Synth 8-6157] synthesizing module 'design_1_single_cycle_multipl_0_1' [/home/jgaitan/Documents/proyecto_1_borrador/.Xil/Vivado-383776-73bff328fa37/realtime/design_1_single_cycle_multipl_0_1_stub.v:6]
INFO: [Synth 8-6155] done synthesizing module 'design_1_single_cycle_multipl_0_1' (0#1) [/home/jgaitan/Documents/proyecto_1_borrador/.Xil/Vivado-383776-73bff328fa37/realtime/design_1_single_cycle_multipl_0_1_stub.v:6]
INFO: [Synth 8-6157] synthesizing module 'design_1_spliter_128to32_0_1' [/home/jgaitan/Documents/proyecto_1_borrador/.Xil/Vivado-383776-73bff328fa37/realtime/design_1_spliter_128to32_0_1_stub.v:6]
INFO: [Synth 8-6155] done synthesizing module 'design_1_spliter_128to32_0_1' (0#1) [/home/jgaitan/Documents/proyecto_1_borrador/.Xil/Vivado-383776-73bff328fa37/realtime/design_1_spliter_128to32_0_1_stub.v:6]
INFO: [Synth 8-6157] synthesizing module 'design_1_xlconcat_0_0' [/home/jgaitan/Documents/proyecto_1_borrador/project_1/project_1.gen/sources_1/bd/design_1/ip/design_1_xlconcat_0_0/synth/design_1_xlconcat_0_0.v:53]
INFO: [Synth 8-6157] synthesizing module 'xlconcat_v2_1_5_xlconcat' [/home/jgaitan/Documents/proyecto_1_borrador/project_1/project_1.gen/sources_1/bd/design_1/ipshared/147b/hdl/xlconcat_v2_1_vl_rfs.v:59]
INFO: [Synth 8-6155] done synthesizing module 'xlconcat_v2_1_5_xlconcat' (0#1) [/home/jgaitan/Documents/proyecto_1_borrador/project_1/project_1.gen/sources_1/bd/design_1/ipshared/147b/hdl/xlconcat_v2_1_vl_rfs.v:59]
INFO: [Synth 8-6155] done synthesizing module 'design_1_xlconcat_0_0' (0#1) [/home/jgaitan/Documents/proyecto_1_borrador/project_1/project_1.gen/sources_1/bd/design_1/ip/design_1_xlconcat_0_0/synth/design_1_xlconcat_0_0.v:53]
INFO: [Synth 8-6157] synthesizing module 'design_1_xlconcat_1_0' [/home/jgaitan/Documents/proyecto_1_borrador/project_1/project_1.gen/sources_1/bd/design_1/ip/design_1_xlconcat_1_0/synth/design_1_xlconcat_1_0.v:53]
INFO: [Synth 8-6155] done synthesizing module 'design_1_xlconcat_1_0' (0#1) [/home/jgaitan/Documents/proyecto_1_borrador/project_1/project_1.gen/sources_1/bd/design_1/ip/design_1_xlconcat_1_0/synth/design_1_xlconcat_1_0.v:53]
INFO: [Synth 8-6157] synthesizing module 'design_1_zynq_ultra_ps_e_0_0' [/home/jgaitan/Documents/proyecto_1_borrador/.Xil/Vivado-383776-73bff328fa37/realtime/design_1_zynq_ultra_ps_e_0_0_stub.v:6]
INFO: [Synth 8-6155] done synthesizing module 'design_1_zynq_ultra_ps_e_0_0' (0#1) [/home/jgaitan/Documents/proyecto_1_borrador/.Xil/Vivado-383776-73bff328fa37/realtime/design_1_zynq_ultra_ps_e_0_0_stub.v:6]
WARNING: [Synth 8-7071] port 'maxigp0_awuser' of module 'design_1_zynq_ultra_ps_e_0_0' is unconnected for instance 'zynq_ultra_ps_e_0' [/home/jgaitan/Documents/proyecto_1_borrador/project_1/project_1.gen/sources_1/bd/design_1/synth/design_1.v:332]
WARNING: [Synth 8-7071] port 'maxigp0_aruser' of module 'design_1_zynq_ultra_ps_e_0_0' is unconnected for instance 'zynq_ultra_ps_e_0' [/home/jgaitan/Documents/proyecto_1_borrador/project_1/project_1.gen/sources_1/bd/design_1/synth/design_1.v:332]
WARNING: [Synth 8-7071] port 'maxigp1_awuser' of module 'design_1_zynq_ultra_ps_e_0_0' is unconnected for instance 'zynq_ultra_ps_e_0' [/home/jgaitan/Documents/proyecto_1_borrador/project_1/project_1.gen/sources_1/bd/design_1/synth/design_1.v:332]
WARNING: [Synth 8-7071] port 'maxigp1_aruser' of module 'design_1_zynq_ultra_ps_e_0_0' is unconnected for instance 'zynq_ultra_ps_e_0' [/home/jgaitan/Documents/proyecto_1_borrador/project_1/project_1.gen/sources_1/bd/design_1/synth/design_1.v:332]
WARNING: [Synth 8-7023] instance 'zynq_ultra_ps_e_0' of module 'design_1_zynq_ultra_ps_e_0_0' has 83 connections declared, but only 79 given [/home/jgaitan/Documents/proyecto_1_borrador/project_1/project_1.gen/sources_1/bd/design_1/synth/design_1.v:332]
INFO: [Synth 8-6155] done synthesizing module 'design_1' (0#1) [/home/jgaitan/Documents/proyecto_1_borrador/project_1/project_1.gen/sources_1/bd/design_1/synth/design_1.v:13]
INFO: [Synth 8-6155] done synthesizing module 'design_1_wrapper' (0#1) [/home/jgaitan/Documents/proyecto_1_borrador/project_1/project_1.gen/sources_1/bd/design_1/hdl/design_1_wrapper.v:13]
WARNING: [Synth 8-7129] Port In2[0] in module xlconcat_v2_1_5_xlconcat is either unconnected or has no load
WARNING: [Synth 8-7129] Port In3[0] in module xlconcat_v2_1_5_xlconcat is either unconnected or has no load
WARNING: [Synth 8-7129] Port In4[0] in module xlconcat_v2_1_5_xlconcat is either unconnected or has no load
WARNING: [Synth 8-7129] Port In5[0] in module xlconcat_v2_1_5_xlconcat is either unconnected or has no load
WARNING: [Synth 8-7129] Port In6[0] in module xlconcat_v2_1_5_xlconcat is either unconnected or has no load
WARNING: [Synth 8-7129] Port In7[0] in module xlconcat_v2_1_5_xlconcat is either unconnected or has no load
WARNING: [Synth 8-7129] Port In8[0] in module xlconcat_v2_1_5_xlconcat is either unconnected or has no load
WARNING: [Synth 8-7129] Port In9[0] in module xlconcat_v2_1_5_xlconcat is either unconnected or has no load
WARNING: [Synth 8-7129] Port In10[0] in module xlconcat_v2_1_5_xlconcat is either unconnected or has no load
WARNING: [Synth 8-7129] Port In11[0] in module xlconcat_v2_1_5_xlconcat is either unconnected or has no load
WARNING: [Synth 8-7129] Port In12[0] in module xlconcat_v2_1_5_xlconcat is either unconnected or has no load
WARNING: [Synth 8-7129] Port In13[0] in module xlconcat_v2_1_5_xlconcat is either unconnected or has no load
WARNING: [Synth 8-7129] Port In14[0] in module xlconcat_v2_1_5_xlconcat is either unconnected or has no load
WARNING: [Synth 8-7129] Port In15[0] in module xlconcat_v2_1_5_xlconcat is either unconnected or has no load
WARNING: [Synth 8-7129] Port In16[0] in module xlconcat_v2_1_5_xlconcat is either unconnected or has no load
WARNING: [Synth 8-7129] Port In17[0] in module xlconcat_v2_1_5_xlconcat is either unconnected or has no load
WARNING: [Synth 8-7129] Port In18[0] in module xlconcat_v2_1_5_xlconcat is either unconnected or has no load
WARNING: [Synth 8-7129] Port In19[0] in module xlconcat_v2_1_5_xlconcat is either unconnected or has no load
WARNING: [Synth 8-7129] Port In20[0] in module xlconcat_v2_1_5_xlconcat is either unconnected or has no load
WARNING: [Synth 8-7129] Port In21[0] in module xlconcat_v2_1_5_xlconcat is either unconnected or has no load
WARNING: [Synth 8-7129] Port In22[0] in module xlconcat_v2_1_5_xlconcat is either unconnected or has no load
WARNING: [Synth 8-7129] Port In23[0] in module xlconcat_v2_1_5_xlconcat is either unconnected or has no load
WARNING: [Synth 8-7129] Port In24[0] in module xlconcat_v2_1_5_xlconcat is either unconnected or has no load
WARNING: [Synth 8-7129] Port In25[0] in module xlconcat_v2_1_5_xlconcat is either unconnected or has no load
WARNING: [Synth 8-7129] Port In26[0] in module xlconcat_v2_1_5_xlconcat is either unconnected or has no load
WARNING: [Synth 8-7129] Port In27[0] in module xlconcat_v2_1_5_xlconcat is either unconnected or has no load
WARNING: [Synth 8-7129] Port In28[0] in module xlconcat_v2_1_5_xlconcat is either unconnected or has no load
WARNING: [Synth 8-7129] Port In29[0] in module xlconcat_v2_1_5_xlconcat is either unconnected or has no load
WARNING: [Synth 8-7129] Port In30[0] in module xlconcat_v2_1_5_xlconcat is either unconnected or has no load
WARNING: [Synth 8-7129] Port In31[0] in module xlconcat_v2_1_5_xlconcat is either unconnected or has no load
WARNING: [Synth 8-7129] Port In32[0] in module xlconcat_v2_1_5_xlconcat is either unconnected or has no load
WARNING: [Synth 8-7129] Port In33[0] in module xlconcat_v2_1_5_xlconcat is either unconnected or has no load
WARNING: [Synth 8-7129] Port In34[0] in module xlconcat_v2_1_5_xlconcat is either unconnected or has no load
WARNING: [Synth 8-7129] Port In35[0] in module xlconcat_v2_1_5_xlconcat is either unconnected or has no load
WARNING: [Synth 8-7129] Port In36[0] in module xlconcat_v2_1_5_xlconcat is either unconnected or has no load
WARNING: [Synth 8-7129] Port In37[0] in module xlconcat_v2_1_5_xlconcat is either unconnected or has no load
WARNING: [Synth 8-7129] Port In38[0] in module xlconcat_v2_1_5_xlconcat is either unconnected or has no load
WARNING: [Synth 8-7129] Port In39[0] in module xlconcat_v2_1_5_xlconcat is either unconnected or has no load
WARNING: [Synth 8-7129] Port In40[0] in module xlconcat_v2_1_5_xlconcat is either unconnected or has no load
WARNING: [Synth 8-7129] Port In41[0] in module xlconcat_v2_1_5_xlconcat is either unconnected or has no load
WARNING: [Synth 8-7129] Port In42[0] in module xlconcat_v2_1_5_xlconcat is either unconnected or has no load
WARNING: [Synth 8-7129] Port In43[0] in module xlconcat_v2_1_5_xlconcat is either unconnected or has no load
WARNING: [Synth 8-7129] Port In44[0] in module xlconcat_v2_1_5_xlconcat is either unconnected or has no load
WARNING: [Synth 8-7129] Port In45[0] in module xlconcat_v2_1_5_xlconcat is either unconnected or has no load
WARNING: [Synth 8-7129] Port In46[0] in module xlconcat_v2_1_5_xlconcat is either unconnected or has no load
WARNING: [Synth 8-7129] Port In47[0] in module xlconcat_v2_1_5_xlconcat is either unconnected or has no load
WARNING: [Synth 8-7129] Port In48[0] in module xlconcat_v2_1_5_xlconcat is either unconnected or has no load
WARNING: [Synth 8-7129] Port In49[0] in module xlconcat_v2_1_5_xlconcat is either unconnected or has no load
WARNING: [Synth 8-7129] Port In50[0] in module xlconcat_v2_1_5_xlconcat is either unconnected or has no load
WARNING: [Synth 8-7129] Port In51[0] in module xlconcat_v2_1_5_xlconcat is either unconnected or has no load
WARNING: [Synth 8-7129] Port In52[0] in module xlconcat_v2_1_5_xlconcat is either unconnected or has no load
WARNING: [Synth 8-7129] Port In53[0] in module xlconcat_v2_1_5_xlconcat is either unconnected or has no load
WARNING: [Synth 8-7129] Port In54[0] in module xlconcat_v2_1_5_xlconcat is either unconnected or has no load
WARNING: [Synth 8-7129] Port In55[0] in module xlconcat_v2_1_5_xlconcat is either unconnected or has no load
WARNING: [Synth 8-7129] Port In56[0] in module xlconcat_v2_1_5_xlconcat is either unconnected or has no load
WARNING: [Synth 8-7129] Port In57[0] in module xlconcat_v2_1_5_xlconcat is either unconnected or has no load
WARNING: [Synth 8-7129] Port In58[0] in module xlconcat_v2_1_5_xlconcat is either unconnected or has no load
WARNING: [Synth 8-7129] Port In59[0] in module xlconcat_v2_1_5_xlconcat is either unconnected or has no load
WARNING: [Synth 8-7129] Port In60[0] in module xlconcat_v2_1_5_xlconcat is either unconnected or has no load
WARNING: [Synth 8-7129] Port In61[0] in module xlconcat_v2_1_5_xlconcat is either unconnected or has no load
WARNING: [Synth 8-7129] Port In62[0] in module xlconcat_v2_1_5_xlconcat is either unconnected or has no load
WARNING: [Synth 8-7129] Port In63[0] in module xlconcat_v2_1_5_xlconcat is either unconnected or has no load
WARNING: [Synth 8-7129] Port In64[0] in module xlconcat_v2_1_5_xlconcat is either unconnected or has no load
WARNING: [Synth 8-7129] Port In65[0] in module xlconcat_v2_1_5_xlconcat is either unconnected or has no load
WARNING: [Synth 8-7129] Port In66[0] in module xlconcat_v2_1_5_xlconcat is either unconnected or has no load
WARNING: [Synth 8-7129] Port In67[0] in module xlconcat_v2_1_5_xlconcat is either unconnected or has no load
WARNING: [Synth 8-7129] Port In68[0] in module xlconcat_v2_1_5_xlconcat is either unconnected or has no load
WARNING: [Synth 8-7129] Port In69[0] in module xlconcat_v2_1_5_xlconcat is either unconnected or has no load
WARNING: [Synth 8-7129] Port In70[0] in module xlconcat_v2_1_5_xlconcat is either unconnected or has no load
WARNING: [Synth 8-7129] Port In71[0] in module xlconcat_v2_1_5_xlconcat is either unconnected or has no load
WARNING: [Synth 8-7129] Port In72[0] in module xlconcat_v2_1_5_xlconcat is either unconnected or has no load
WARNING: [Synth 8-7129] Port In73[0] in module xlconcat_v2_1_5_xlconcat is either unconnected or has no load
WARNING: [Synth 8-7129] Port In74[0] in module xlconcat_v2_1_5_xlconcat is either unconnected or has no load
WARNING: [Synth 8-7129] Port In75[0] in module xlconcat_v2_1_5_xlconcat is either unconnected or has no load
WARNING: [Synth 8-7129] Port In76[0] in module xlconcat_v2_1_5_xlconcat is either unconnected or has no load
WARNING: [Synth 8-7129] Port In77[0] in module xlconcat_v2_1_5_xlconcat is either unconnected or has no load
WARNING: [Synth 8-7129] Port In78[0] in module xlconcat_v2_1_5_xlconcat is either unconnected or has no load
WARNING: [Synth 8-7129] Port In79[0] in module xlconcat_v2_1_5_xlconcat is either unconnected or has no load
WARNING: [Synth 8-7129] Port In80[0] in module xlconcat_v2_1_5_xlconcat is either unconnected or has no load
WARNING: [Synth 8-7129] Port In81[0] in module xlconcat_v2_1_5_xlconcat is either unconnected or has no load
WARNING: [Synth 8-7129] Port In82[0] in module xlconcat_v2_1_5_xlconcat is either unconnected or has no load
WARNING: [Synth 8-7129] Port In83[0] in module xlconcat_v2_1_5_xlconcat is either unconnected or has no load
WARNING: [Synth 8-7129] Port In84[0] in module xlconcat_v2_1_5_xlconcat is either unconnected or has no load
WARNING: [Synth 8-7129] Port In85[0] in module xlconcat_v2_1_5_xlconcat is either unconnected or has no load
WARNING: [Synth 8-7129] Port In86[0] in module xlconcat_v2_1_5_xlconcat is either unconnected or has no load
WARNING: [Synth 8-7129] Port In87[0] in module xlconcat_v2_1_5_xlconcat is either unconnected or has no load
WARNING: [Synth 8-7129] Port In88[0] in module xlconcat_v2_1_5_xlconcat is either unconnected or has no load
WARNING: [Synth 8-7129] Port In89[0] in module xlconcat_v2_1_5_xlconcat is either unconnected or has no load
WARNING: [Synth 8-7129] Port In90[0] in module xlconcat_v2_1_5_xlconcat is either unconnected or has no load
WARNING: [Synth 8-7129] Port In91[0] in module xlconcat_v2_1_5_xlconcat is either unconnected or has no load
WARNING: [Synth 8-7129] Port In92[0] in module xlconcat_v2_1_5_xlconcat is either unconnected or has no load
WARNING: [Synth 8-7129] Port In93[0] in module xlconcat_v2_1_5_xlconcat is either unconnected or has no load
WARNING: [Synth 8-7129] Port In94[0] in module xlconcat_v2_1_5_xlconcat is either unconnected or has no load
WARNING: [Synth 8-7129] Port In95[0] in module xlconcat_v2_1_5_xlconcat is either unconnected or has no load
WARNING: [Synth 8-7129] Port In96[0] in module xlconcat_v2_1_5_xlconcat is either unconnected or has no load
WARNING: [Synth 8-7129] Port In97[0] in module xlconcat_v2_1_5_xlconcat is either unconnected or has no load
WARNING: [Synth 8-7129] Port In98[0] in module xlconcat_v2_1_5_xlconcat is either unconnected or has no load
WARNING: [Synth 8-7129] Port In99[0] in module xlconcat_v2_1_5_xlconcat is either unconnected or has no load
WARNING: [Synth 8-7129] Port In100[0] in module xlconcat_v2_1_5_xlconcat is either unconnected or has no load
WARNING: [Synth 8-7129] Port In101[0] in module xlconcat_v2_1_5_xlconcat is either unconnected or has no load
INFO: [Common 17-14] Message 'Synth 8-7129' appears 100 times and further instances of the messages will be disabled. Use the Tcl command set_msg_config to change the current settings.
---------------------------------------------------------------------------------
Finished RTL Elaboration : Time (s): cpu = 00:00:07 ; elapsed = 00:00:05 . Memory (MB): peak = 10681.543 ; gain = 4.770 ; free physical = 14680 ; free virtual = 28569
---------------------------------------------------------------------------------
---------------------------------------------------------------------------------
Start Handling Custom Attributes
---------------------------------------------------------------------------------
---------------------------------------------------------------------------------
Finished Handling Custom Attributes : Time (s): cpu = 00:00:07 ; elapsed = 00:00:05 . Memory (MB): peak = 10681.543 ; gain = 4.770 ; free physical = 14680 ; free virtual = 28569
---------------------------------------------------------------------------------
---------------------------------------------------------------------------------
Finished RTL Optimization Phase 1 : Time (s): cpu = 00:00:07 ; elapsed = 00:00:05 . Memory (MB): peak = 10681.543 ; gain = 4.770 ; free physical = 14680 ; free virtual = 28569
---------------------------------------------------------------------------------
INFO: [Project 1-454] Reading design checkpoint '/home/jgaitan/Documents/proyecto_1_borrador/project_1/project_1.gen/sources_1/bd/design_1/ip/design_1_axi_gpio_0_0/design_1_axi_gpio_0_0.dcp' for cell 'design_1_i/axi_gpio_0'
INFO: [Project 1-454] Reading design checkpoint '/home/jgaitan/Documents/proyecto_1_borrador/project_1/project_1.gen/sources_1/bd/design_1/ip/design_1_axi_gpio_1_0/design_1_axi_gpio_1_0.dcp' for cell 'design_1_i/axi_gpio_1'
INFO: [Project 1-454] Reading design checkpoint '/home/jgaitan/Documents/proyecto_1_borrador/project_1/project_1.gen/sources_1/bd/design_1/ip/design_1_rst_ps8_0_99M_0/design_1_rst_ps8_0_99M_0.dcp' for cell 'design_1_i/rst_ps8_0_99M'
INFO: [Project 1-454] Reading design checkpoint '/home/jgaitan/Documents/proyecto_1_borrador/project_1/project_1.gen/sources_1/bd/design_1/ip/design_1_single_cycle_multipl_0_1/design_1_single_cycle_multipl_0_1.dcp' for cell 'design_1_i/single_cycle_multipl_0'
INFO: [Project 1-454] Reading design checkpoint '/home/jgaitan/Documents/proyecto_1_borrador/project_1/project_1.gen/sources_1/bd/design_1/ip/design_1_spliter_128to32_0_1/design_1_spliter_128to32_0_1.dcp' for cell 'design_1_i/spliter_128to32_0'
INFO: [Project 1-454] Reading design checkpoint '/home/jgaitan/Documents/proyecto_1_borrador/project_1/project_1.gen/sources_1/bd/design_1/ip/design_1_zynq_ultra_ps_e_0_0/design_1_zynq_ultra_ps_e_0_0.dcp' for cell 'design_1_i/zynq_ultra_ps_e_0'
INFO: [Project 1-454] Reading design checkpoint '/home/jgaitan/Documents/proyecto_1_borrador/project_1/project_1.gen/sources_1/bd/design_1/ip/design_1_xbar_0/design_1_xbar_0.dcp' for cell 'design_1_i/ps8_0_axi_periph/xbar'
INFO: [Project 1-454] Reading design checkpoint '/home/jgaitan/Documents/proyecto_1_borrador/project_1/project_1.gen/sources_1/bd/design_1/ip/design_1_auto_ds_0/design_1_auto_ds_0.dcp' for cell 'design_1_i/ps8_0_axi_periph/s00_couplers/auto_ds'
INFO: [Project 1-454] Reading design checkpoint '/home/jgaitan/Documents/proyecto_1_borrador/project_1/project_1.gen/sources_1/bd/design_1/ip/design_1_auto_pc_0/design_1_auto_pc_0.dcp' for cell 'design_1_i/ps8_0_axi_periph/s00_couplers/auto_pc'
INFO: [Project 1-454] Reading design checkpoint '/home/jgaitan/Documents/proyecto_1_borrador/project_1/project_1.gen/sources_1/bd/design_1/ip/design_1_auto_ds_1/design_1_auto_ds_1.dcp' for cell 'design_1_i/ps8_0_axi_periph/s01_couplers/auto_ds'
INFO: [Project 1-454] Reading design checkpoint '/home/jgaitan/Documents/proyecto_1_borrador/project_1/project_1.gen/sources_1/bd/design_1/ip/design_1_auto_pc_1/design_1_auto_pc_1.dcp' for cell 'design_1_i/ps8_0_axi_periph/s01_couplers/auto_pc'
Netlist sorting complete. Time (s): cpu = 00:00:00.1 ; elapsed = 00:00:00.1 . Memory (MB): peak = 10699.082 ; gain = 0.000 ; free physical = 14962 ; free virtual = 28851
INFO: [Netlist 29-17] Analyzing 62 Unisim elements for replacement
INFO: [Netlist 29-28] Unisim Transformation completed in 0 CPU seconds
INFO: [Project 1-479] Netlist was created with Vivado 2023.2
INFO: [Project 1-570] Preparing netlist for logic optimization

Processing XDC Constraints
Initializing timing engine
Parsing XDC File [/home/jgaitan/Documents/proyecto_1_borrador/project_1/project_1.gen/sources_1/bd/design_1/ip/design_1_zynq_ultra_ps_e_0_0/design_1_zynq_ultra_ps_e_0_0.xdc] for cell 'design_1_i/zynq_ultra_ps_e_0/inst'
Finished Parsing XDC File [/home/jgaitan/Documents/proyecto_1_borrador/project_1/project_1.gen/sources_1/bd/design_1/ip/design_1_zynq_ultra_ps_e_0_0/design_1_zynq_ultra_ps_e_0_0.xdc] for cell 'design_1_i/zynq_ultra_ps_e_0/inst'
Parsing XDC File [/home/jgaitan/Documents/proyecto_1_borrador/project_1/project_1.gen/sources_1/bd/design_1/ip/design_1_axi_gpio_0_0/design_1_axi_gpio_0_0_board.xdc] for cell 'design_1_i/axi_gpio_0/U0'
Finished Parsing XDC File [/home/jgaitan/Documents/proyecto_1_borrador/project_1/project_1.gen/sources_1/bd/design_1/ip/design_1_axi_gpio_0_0/design_1_axi_gpio_0_0_board.xdc] for cell 'design_1_i/axi_gpio_0/U0'
Parsing XDC File [/home/jgaitan/Documents/proyecto_1_borrador/project_1/project_1.gen/sources_1/bd/design_1/ip/design_1_axi_gpio_0_0/design_1_axi_gpio_0_0.xdc] for cell 'design_1_i/axi_gpio_0/U0'
Finished Parsing XDC File [/home/jgaitan/Documents/proyecto_1_borrador/project_1/project_1.gen/sources_1/bd/design_1/ip/design_1_axi_gpio_0_0/design_1_axi_gpio_0_0.xdc] for cell 'design_1_i/axi_gpio_0/U0'
Parsing XDC File [/home/jgaitan/Documents/proyecto_1_borrador/project_1/project_1.gen/sources_1/bd/design_1/ip/design_1_rst_ps8_0_99M_0/design_1_rst_ps8_0_99M_0_board.xdc] for cell 'design_1_i/rst_ps8_0_99M/U0'
Finished Parsing XDC File [/home/jgaitan/Documents/proyecto_1_borrador/project_1/project_1.gen/sources_1/bd/design_1/ip/design_1_rst_ps8_0_99M_0/design_1_rst_ps8_0_99M_0_board.xdc] for cell 'design_1_i/rst_ps8_0_99M/U0'
Parsing XDC File [/home/jgaitan/Documents/proyecto_1_borrador/project_1/project_1.gen/sources_1/bd/design_1/ip/design_1_rst_ps8_0_99M_0/design_1_rst_ps8_0_99M_0.xdc] for cell 'design_1_i/rst_ps8_0_99M/U0'
Finished Parsing XDC File [/home/jgaitan/Documents/proyecto_1_borrador/project_1/project_1.gen/sources_1/bd/design_1/ip/design_1_rst_ps8_0_99M_0/design_1_rst_ps8_0_99M_0.xdc] for cell 'design_1_i/rst_ps8_0_99M/U0'
INFO: [Project 1-236] Implementation specific constraints were found while reading constraint file [/home/jgaitan/Documents/proyecto_1_borrador/project_1/project_1.gen/sources_1/bd/design_1/ip/design_1_rst_ps8_0_99M_0/design_1_rst_ps8_0_99M_0.xdc]. These constraints will be ignored for synthesis but will be used in implementation. Impacted constraints are listed in the file [.Xil/design_1_wrapper_propImpl.xdc].
Resolution: To avoid this warning, move constraints listed in [.Xil/design_1_wrapper_propImpl.xdc] to another XDC file and exclude this new file from synthesis with the used_in_synthesis property (File Properties dialog in GUI) and re-run elaboration/synthesis.
Parsing XDC File [/home/jgaitan/Documents/proyecto_1_borrador/project_1/project_1.gen/sources_1/bd/design_1/ip/design_1_axi_gpio_1_0/design_1_axi_gpio_1_0_board.xdc] for cell 'design_1_i/axi_gpio_1/U0'
Finished Parsing XDC File [/home/jgaitan/Documents/proyecto_1_borrador/project_1/project_1.gen/sources_1/bd/design_1/ip/design_1_axi_gpio_1_0/design_1_axi_gpio_1_0_board.xdc] for cell 'design_1_i/axi_gpio_1/U0'
Parsing XDC File [/home/jgaitan/Documents/proyecto_1_borrador/project_1/project_1.gen/sources_1/bd/design_1/ip/design_1_axi_gpio_1_0/design_1_axi_gpio_1_0.xdc] for cell 'design_1_i/axi_gpio_1/U0'
Finished Parsing XDC File [/home/jgaitan/Documents/proyecto_1_borrador/project_1/project_1.gen/sources_1/bd/design_1/ip/design_1_axi_gpio_1_0/design_1_axi_gpio_1_0.xdc] for cell 'design_1_i/axi_gpio_1/U0'
INFO: [Project 1-1714] 6 XPM XDC files have been applied to the design.
Completed Processing XDC Constraints

Netlist sorting complete. Time (s): cpu = 00:00:00 ; elapsed = 00:00:00 . Memory (MB): peak = 10849.914 ; gain = 0.000 ; free physical = 14943 ; free virtual = 28832
INFO: [Project 1-111] Unisim Transformation Summary:
  A total of 30 instances were transformed.
  DSP48E2 => DSP48E2 (DSP_ALU, DSP_A_B_DATA, DSP_C_DATA, DSP_MULTIPLIER, DSP_M_DATA, DSP_OUTPUT, DSP_PREADD, DSP_PREADD_DATA): 16 instances
  RAM32M => RAM32M (RAMD32(x6), RAMS32(x2)): 2 instances
  RAM32M16 => RAM32M16 (RAMD32(x14), RAMS32(x2)): 8 instances
  RAM32X1D => RAM32X1D (RAMD32(x2)): 4 instances

RTL Elaboration Complete:  : Time (s): cpu = 00:00:26 ; elapsed = 00:00:14 . Memory (MB): peak = 11148.586 ; gain = 471.812 ; free physical = 14425 ; free virtual = 28317
65 Infos, 119 Warnings, 0 Critical Warnings and 0 Errors encountered.
synth_design completed successfully
synth_design: Time (s): cpu = 00:00:32 ; elapsed = 00:00:20 . Memory (MB): peak = 11148.586 ; gain = 1300.883 ; free physical = 14425 ; free virtual = 28317
INFO: [Common 17-2834] synth_design peak Physical Memory [PSS] (MB): overall = 3570.334; main = 3570.334; forked = 0.000
INFO: [Common 17-2834] synth_design peak Virtual Memory [VSS] (MB): overall = 11149.645; main = 11149.645; forked = 0.000
launch_runs synth_1 -jobs 3
WARNING: [Vivado 12-7122] Auto Incremental Compile:: No reference checkpoint was found in run synth_1. Auto-incremental flow will not be run, the standard flow will be run instead.
[Wed Feb 11 23:49:32 2026] Launched synth_1...
Run output will be captured here: /home/jgaitan/Documents/proyecto_1_borrador/project_1/project_1.runs/synth_1/runme.log
close_design
open_run synth_1 -name synth_1
Design is defaulting to impl run constrset: constrs_1
Design is defaulting to synth run part: xck26-sfvc784-2LV-c
INFO: [Project 1-454] Reading design checkpoint '/home/jgaitan/Documents/proyecto_1_borrador/project_1/project_1.gen/sources_1/bd/design_1/ip/design_1_axi_gpio_0_0/design_1_axi_gpio_0_0.dcp' for cell 'design_1_i/axi_gpio_0'
INFO: [Project 1-454] Reading design checkpoint '/home/jgaitan/Documents/proyecto_1_borrador/project_1/project_1.gen/sources_1/bd/design_1/ip/design_1_axi_gpio_1_0/design_1_axi_gpio_1_0.dcp' for cell 'design_1_i/axi_gpio_1'
INFO: [Project 1-454] Reading design checkpoint '/home/jgaitan/Documents/proyecto_1_borrador/project_1/project_1.gen/sources_1/bd/design_1/ip/design_1_rst_ps8_0_99M_0/design_1_rst_ps8_0_99M_0.dcp' for cell 'design_1_i/rst_ps8_0_99M'
INFO: [Project 1-454] Reading design checkpoint '/home/jgaitan/Documents/proyecto_1_borrador/project_1/project_1.gen/sources_1/bd/design_1/ip/design_1_single_cycle_multipl_0_1/design_1_single_cycle_multipl_0_1.dcp' for cell 'design_1_i/single_cycle_multipl_0'
INFO: [Project 1-454] Reading design checkpoint '/home/jgaitan/Documents/proyecto_1_borrador/project_1/project_1.gen/sources_1/bd/design_1/ip/design_1_spliter_128to32_0_1/design_1_spliter_128to32_0_1.dcp' for cell 'design_1_i/spliter_128to32_0'
INFO: [Project 1-454] Reading design checkpoint '/home/jgaitan/Documents/proyecto_1_borrador/project_1/project_1.gen/sources_1/bd/design_1/ip/design_1_zynq_ultra_ps_e_0_0/design_1_zynq_ultra_ps_e_0_0.dcp' for cell 'design_1_i/zynq_ultra_ps_e_0'
INFO: [Project 1-454] Reading design checkpoint '/home/jgaitan/Documents/proyecto_1_borrador/project_1/project_1.gen/sources_1/bd/design_1/ip/design_1_xbar_0/design_1_xbar_0.dcp' for cell 'design_1_i/ps8_0_axi_periph/xbar'
INFO: [Project 1-454] Reading design checkpoint '/home/jgaitan/Documents/proyecto_1_borrador/project_1/project_1.gen/sources_1/bd/design_1/ip/design_1_auto_ds_0/design_1_auto_ds_0.dcp' for cell 'design_1_i/ps8_0_axi_periph/s00_couplers/auto_ds'
INFO: [Project 1-454] Reading design checkpoint '/home/jgaitan/Documents/proyecto_1_borrador/project_1/project_1.gen/sources_1/bd/design_1/ip/design_1_auto_pc_0/design_1_auto_pc_0.dcp' for cell 'design_1_i/ps8_0_axi_periph/s00_couplers/auto_pc'
INFO: [Project 1-454] Reading design checkpoint '/home/jgaitan/Documents/proyecto_1_borrador/project_1/project_1.gen/sources_1/bd/design_1/ip/design_1_auto_ds_1/design_1_auto_ds_1.dcp' for cell 'design_1_i/ps8_0_axi_periph/s01_couplers/auto_ds'
INFO: [Project 1-454] Reading design checkpoint '/home/jgaitan/Documents/proyecto_1_borrador/project_1/project_1.gen/sources_1/bd/design_1/ip/design_1_auto_pc_1/design_1_auto_pc_1.dcp' for cell 'design_1_i/ps8_0_axi_periph/s01_couplers/auto_pc'
Netlist sorting complete. Time (s): cpu = 00:00:00.1 ; elapsed = 00:00:00.09 . Memory (MB): peak = 11347.020 ; gain = 0.000 ; free physical = 14316 ; free virtual = 28210
INFO: [Netlist 29-17] Analyzing 62 Unisim elements for replacement
INFO: [Netlist 29-28] Unisim Transformation completed in 0 CPU seconds
INFO: [Project 1-479] Netlist was created with Vivado 2023.2
INFO: [Project 1-570] Preparing netlist for logic optimization
Parsing XDC File [/home/jgaitan/Documents/proyecto_1_borrador/project_1/project_1.gen/sources_1/bd/design_1/ip/design_1_zynq_ultra_ps_e_0_0/design_1_zynq_ultra_ps_e_0_0.xdc] for cell 'design_1_i/zynq_ultra_ps_e_0/inst'
Finished Parsing XDC File [/home/jgaitan/Documents/proyecto_1_borrador/project_1/project_1.gen/sources_1/bd/design_1/ip/design_1_zynq_ultra_ps_e_0_0/design_1_zynq_ultra_ps_e_0_0.xdc] for cell 'design_1_i/zynq_ultra_ps_e_0/inst'
Parsing XDC File [/home/jgaitan/Documents/proyecto_1_borrador/project_1/project_1.gen/sources_1/bd/design_1/ip/design_1_axi_gpio_0_0/design_1_axi_gpio_0_0_board.xdc] for cell 'design_1_i/axi_gpio_0/U0'
Finished Parsing XDC File [/home/jgaitan/Documents/proyecto_1_borrador/project_1/project_1.gen/sources_1/bd/design_1/ip/design_1_axi_gpio_0_0/design_1_axi_gpio_0_0_board.xdc] for cell 'design_1_i/axi_gpio_0/U0'
Parsing XDC File [/home/jgaitan/Documents/proyecto_1_borrador/project_1/project_1.gen/sources_1/bd/design_1/ip/design_1_axi_gpio_0_0/design_1_axi_gpio_0_0.xdc] for cell 'design_1_i/axi_gpio_0/U0'
Finished Parsing XDC File [/home/jgaitan/Documents/proyecto_1_borrador/project_1/project_1.gen/sources_1/bd/design_1/ip/design_1_axi_gpio_0_0/design_1_axi_gpio_0_0.xdc] for cell 'design_1_i/axi_gpio_0/U0'
Parsing XDC File [/home/jgaitan/Documents/proyecto_1_borrador/project_1/project_1.gen/sources_1/bd/design_1/ip/design_1_rst_ps8_0_99M_0/design_1_rst_ps8_0_99M_0_board.xdc] for cell 'design_1_i/rst_ps8_0_99M/U0'
Finished Parsing XDC File [/home/jgaitan/Documents/proyecto_1_borrador/project_1/project_1.gen/sources_1/bd/design_1/ip/design_1_rst_ps8_0_99M_0/design_1_rst_ps8_0_99M_0_board.xdc] for cell 'design_1_i/rst_ps8_0_99M/U0'
Parsing XDC File [/home/jgaitan/Documents/proyecto_1_borrador/project_1/project_1.gen/sources_1/bd/design_1/ip/design_1_rst_ps8_0_99M_0/design_1_rst_ps8_0_99M_0.xdc] for cell 'design_1_i/rst_ps8_0_99M/U0'
Finished Parsing XDC File [/home/jgaitan/Documents/proyecto_1_borrador/project_1/project_1.gen/sources_1/bd/design_1/ip/design_1_rst_ps8_0_99M_0/design_1_rst_ps8_0_99M_0.xdc] for cell 'design_1_i/rst_ps8_0_99M/U0'
Parsing XDC File [/home/jgaitan/Documents/proyecto_1_borrador/project_1/project_1.gen/sources_1/bd/design_1/ip/design_1_axi_gpio_1_0/design_1_axi_gpio_1_0_board.xdc] for cell 'design_1_i/axi_gpio_1/U0'
Finished Parsing XDC File [/home/jgaitan/Documents/proyecto_1_borrador/project_1/project_1.gen/sources_1/bd/design_1/ip/design_1_axi_gpio_1_0/design_1_axi_gpio_1_0_board.xdc] for cell 'design_1_i/axi_gpio_1/U0'
Parsing XDC File [/home/jgaitan/Documents/proyecto_1_borrador/project_1/project_1.gen/sources_1/bd/design_1/ip/design_1_axi_gpio_1_0/design_1_axi_gpio_1_0.xdc] for cell 'design_1_i/axi_gpio_1/U0'
Finished Parsing XDC File [/home/jgaitan/Documents/proyecto_1_borrador/project_1/project_1.gen/sources_1/bd/design_1/ip/design_1_axi_gpio_1_0/design_1_axi_gpio_1_0.xdc] for cell 'design_1_i/axi_gpio_1/U0'
Parsing XDC File [/home/jgaitan/Documents/proyecto_1_borrador/project_1/project_1.gen/sources_1/bd/design_1/ip/design_1_auto_ds_0/design_1_auto_ds_0_clocks.xdc] for cell 'design_1_i/ps8_0_axi_periph/s00_couplers/auto_ds/inst'
WARNING: [Vivado_Tcl 4-921] Waiver ID 'CDC-1' -to list should not be empty. [/home/jgaitan/Documents/proyecto_1_borrador/project_1/project_1.gen/sources_1/bd/design_1/ip/design_1_auto_ds_0/design_1_auto_ds_0_clocks.xdc:9]
WARNING: [Vivado_Tcl 4-921] Waiver ID 'CDC-1' -to list should not be empty. [/home/jgaitan/Documents/proyecto_1_borrador/project_1/project_1.gen/sources_1/bd/design_1/ip/design_1_auto_ds_0/design_1_auto_ds_0_clocks.xdc:12]
WARNING: [Vivado_Tcl 4-921] Waiver ID 'CDC-1' -to list should not be empty. [/home/jgaitan/Documents/proyecto_1_borrador/project_1/project_1.gen/sources_1/bd/design_1/ip/design_1_auto_ds_0/design_1_auto_ds_0_clocks.xdc:15]
WARNING: [Vivado_Tcl 4-921] Waiver ID 'CDC-1' -to list should not be empty. [/home/jgaitan/Documents/proyecto_1_borrador/project_1/project_1.gen/sources_1/bd/design_1/ip/design_1_auto_ds_0/design_1_auto_ds_0_clocks.xdc:18]
WARNING: [Vivado_Tcl 4-921] Waiver ID 'CDC-1' -to list should not be empty. [/home/jgaitan/Documents/proyecto_1_borrador/project_1/project_1.gen/sources_1/bd/design_1/ip/design_1_auto_ds_0/design_1_auto_ds_0_clocks.xdc:21]
WARNING: [Vivado_Tcl 4-921] Waiver ID 'CDC-1' -to list should not be empty. [/home/jgaitan/Documents/proyecto_1_borrador/project_1/project_1.gen/sources_1/bd/design_1/ip/design_1_auto_ds_0/design_1_auto_ds_0_clocks.xdc:24]
WARNING: [Vivado_Tcl 4-921] Waiver ID 'CDC-1' -to list should not be empty. [/home/jgaitan/Documents/proyecto_1_borrador/project_1/project_1.gen/sources_1/bd/design_1/ip/design_1_auto_ds_0/design_1_auto_ds_0_clocks.xdc:27]
WARNING: [Vivado_Tcl 4-921] Waiver ID 'CDC-1' -to list should not be empty. [/home/jgaitan/Documents/proyecto_1_borrador/project_1/project_1.gen/sources_1/bd/design_1/ip/design_1_auto_ds_0/design_1_auto_ds_0_clocks.xdc:30]
WARNING: [Vivado_Tcl 4-921] Waiver ID 'CDC-1' -to list should not be empty. [/home/jgaitan/Documents/proyecto_1_borrador/project_1/project_1.gen/sources_1/bd/design_1/ip/design_1_auto_ds_0/design_1_auto_ds_0_clocks.xdc:33]
WARNING: [Vivado_Tcl 4-921] Waiver ID 'CDC-1' -to list should not be empty. [/home/jgaitan/Documents/proyecto_1_borrador/project_1/project_1.gen/sources_1/bd/design_1/ip/design_1_auto_ds_0/design_1_auto_ds_0_clocks.xdc:36]
WARNING: [Vivado_Tcl 4-921] Waiver ID 'CDC-10' -to list should not be empty. [/home/jgaitan/Documents/proyecto_1_borrador/project_1/project_1.gen/sources_1/bd/design_1/ip/design_1_auto_ds_0/design_1_auto_ds_0_clocks.xdc:39]
WARNING: [Vivado_Tcl 4-921] Waiver ID 'CDC-10' -to list should not be empty. [/home/jgaitan/Documents/proyecto_1_borrador/project_1/project_1.gen/sources_1/bd/design_1/ip/design_1_auto_ds_0/design_1_auto_ds_0_clocks.xdc:42]
WARNING: [Vivado_Tcl 4-921] Waiver ID 'CDC-10' -to list should not be empty. [/home/jgaitan/Documents/proyecto_1_borrador/project_1/project_1.gen/sources_1/bd/design_1/ip/design_1_auto_ds_0/design_1_auto_ds_0_clocks.xdc:45]
WARNING: [Vivado_Tcl 4-921] Waiver ID 'CDC-2' -to list should not be empty. [/home/jgaitan/Documents/proyecto_1_borrador/project_1/project_1.gen/sources_1/bd/design_1/ip/design_1_auto_ds_0/design_1_auto_ds_0_clocks.xdc:48]
WARNING: [Vivado_Tcl 4-921] Waiver ID 'CDC-11' -to list should not be empty. [/home/jgaitan/Documents/proyecto_1_borrador/project_1/project_1.gen/sources_1/bd/design_1/ip/design_1_auto_ds_0/design_1_auto_ds_0_clocks.xdc:51]
WARNING: [Vivado_Tcl 4-921] Waiver ID 'CDC-11' -to list should not be empty. [/home/jgaitan/Documents/proyecto_1_borrador/project_1/project_1.gen/sources_1/bd/design_1/ip/design_1_auto_ds_0/design_1_auto_ds_0_clocks.xdc:54]
Finished Parsing XDC File [/home/jgaitan/Documents/proyecto_1_borrador/project_1/project_1.gen/sources_1/bd/design_1/ip/design_1_auto_ds_0/design_1_auto_ds_0_clocks.xdc] for cell 'design_1_i/ps8_0_axi_periph/s00_couplers/auto_ds/inst'
Parsing XDC File [/home/jgaitan/Documents/proyecto_1_borrador/project_1/project_1.gen/sources_1/bd/design_1/ip/design_1_auto_ds_1/design_1_auto_ds_1_clocks.xdc] for cell 'design_1_i/ps8_0_axi_periph/s01_couplers/auto_ds/inst'
WARNING: [Vivado_Tcl 4-921] Waiver ID 'CDC-1' -to list should not be empty. [/home/jgaitan/Documents/proyecto_1_borrador/project_1/project_1.gen/sources_1/bd/design_1/ip/design_1_auto_ds_1/design_1_auto_ds_1_clocks.xdc:9]
WARNING: [Vivado_Tcl 4-921] Waiver ID 'CDC-1' -to list should not be empty. [/home/jgaitan/Documents/proyecto_1_borrador/project_1/project_1.gen/sources_1/bd/design_1/ip/design_1_auto_ds_1/design_1_auto_ds_1_clocks.xdc:12]
WARNING: [Vivado_Tcl 4-921] Waiver ID 'CDC-1' -to list should not be empty. [/home/jgaitan/Documents/proyecto_1_borrador/project_1/project_1.gen/sources_1/bd/design_1/ip/design_1_auto_ds_1/design_1_auto_ds_1_clocks.xdc:15]
WARNING: [Vivado_Tcl 4-921] Waiver ID 'CDC-1' -to list should not be empty. [/home/jgaitan/Documents/proyecto_1_borrador/project_1/project_1.gen/sources_1/bd/design_1/ip/design_1_auto_ds_1/design_1_auto_ds_1_clocks.xdc:18]
WARNING: [Vivado_Tcl 4-921] Waiver ID 'CDC-1' -to list should not be empty. [/home/jgaitan/Documents/proyecto_1_borrador/project_1/project_1.gen/sources_1/bd/design_1/ip/design_1_auto_ds_1/design_1_auto_ds_1_clocks.xdc:21]
WARNING: [Vivado_Tcl 4-921] Waiver ID 'CDC-1' -to list should not be empty. [/home/jgaitan/Documents/proyecto_1_borrador/project_1/project_1.gen/sources_1/bd/design_1/ip/design_1_auto_ds_1/design_1_auto_ds_1_clocks.xdc:24]
WARNING: [Vivado_Tcl 4-921] Waiver ID 'CDC-1' -to list should not be empty. [/home/jgaitan/Documents/proyecto_1_borrador/project_1/project_1.gen/sources_1/bd/design_1/ip/design_1_auto_ds_1/design_1_auto_ds_1_clocks.xdc:27]
WARNING: [Vivado_Tcl 4-921] Waiver ID 'CDC-1' -to list should not be empty. [/home/jgaitan/Documents/proyecto_1_borrador/project_1/project_1.gen/sources_1/bd/design_1/ip/design_1_auto_ds_1/design_1_auto_ds_1_clocks.xdc:30]
WARNING: [Vivado_Tcl 4-921] Waiver ID 'CDC-1' -to list should not be empty. [/home/jgaitan/Documents/proyecto_1_borrador/project_1/project_1.gen/sources_1/bd/design_1/ip/design_1_auto_ds_1/design_1_auto_ds_1_clocks.xdc:33]
WARNING: [Vivado_Tcl 4-921] Waiver ID 'CDC-1' -to list should not be empty. [/home/jgaitan/Documents/proyecto_1_borrador/project_1/project_1.gen/sources_1/bd/design_1/ip/design_1_auto_ds_1/design_1_auto_ds_1_clocks.xdc:36]
WARNING: [Vivado_Tcl 4-921] Waiver ID 'CDC-10' -to list should not be empty. [/home/jgaitan/Documents/proyecto_1_borrador/project_1/project_1.gen/sources_1/bd/design_1/ip/design_1_auto_ds_1/design_1_auto_ds_1_clocks.xdc:39]
WARNING: [Vivado_Tcl 4-921] Waiver ID 'CDC-10' -to list should not be empty. [/home/jgaitan/Documents/proyecto_1_borrador/project_1/project_1.gen/sources_1/bd/design_1/ip/design_1_auto_ds_1/design_1_auto_ds_1_clocks.xdc:42]
WARNING: [Vivado_Tcl 4-921] Waiver ID 'CDC-10' -to list should not be empty. [/home/jgaitan/Documents/proyecto_1_borrador/project_1/project_1.gen/sources_1/bd/design_1/ip/design_1_auto_ds_1/design_1_auto_ds_1_clocks.xdc:45]
WARNING: [Vivado_Tcl 4-921] Waiver ID 'CDC-2' -to list should not be empty. [/home/jgaitan/Documents/proyecto_1_borrador/project_1/project_1.gen/sources_1/bd/design_1/ip/design_1_auto_ds_1/design_1_auto_ds_1_clocks.xdc:48]
WARNING: [Vivado_Tcl 4-921] Waiver ID 'CDC-11' -to list should not be empty. [/home/jgaitan/Documents/proyecto_1_borrador/project_1/project_1.gen/sources_1/bd/design_1/ip/design_1_auto_ds_1/design_1_auto_ds_1_clocks.xdc:51]
WARNING: [Vivado_Tcl 4-921] Waiver ID 'CDC-11' -to list should not be empty. [/home/jgaitan/Documents/proyecto_1_borrador/project_1/project_1.gen/sources_1/bd/design_1/ip/design_1_auto_ds_1/design_1_auto_ds_1_clocks.xdc:54]
Finished Parsing XDC File [/home/jgaitan/Documents/proyecto_1_borrador/project_1/project_1.gen/sources_1/bd/design_1/ip/design_1_auto_ds_1/design_1_auto_ds_1_clocks.xdc] for cell 'design_1_i/ps8_0_axi_periph/s01_couplers/auto_ds/inst'
INFO: [Project 1-1714] 6 XPM XDC files have been applied to the design.
INFO: [Opt 31-138] Pushed 0 inverter(s) to 0 load pin(s).
INFO: [Project 1-1687] 32 scoped IP constraints or related sub-commands were skipped due to synthesis logic optimizations usually triggered by constant connectivity or unconnected output pins. To review the skipped constraints and messages, run the command 'set_param netlist.IPMsgFiltering false' before opening the design.
Netlist sorting complete. Time (s): cpu = 00:00:00 ; elapsed = 00:00:00 . Memory (MB): peak = 11347.020 ; gain = 0.000 ; free physical = 14314 ; free virtual = 28209
INFO: [Project 1-111] Unisim Transformation Summary:
  A total of 30 instances were transformed.
  DSP48E2 => DSP48E2 (DSP_ALU, DSP_A_B_DATA, DSP_C_DATA, DSP_MULTIPLIER, DSP_M_DATA, DSP_OUTPUT, DSP_PREADD, DSP_PREADD_DATA): 16 instances
  RAM32M => RAM32M (RAMD32(x6), RAMS32(x2)): 2 instances
  RAM32M16 => RAM32M16 (RAMD32(x14), RAMS32(x2)): 8 instances
  RAM32X1D => RAM32X1D (RAMD32(x2)): 4 instances

open_run: Time (s): cpu = 00:00:15 ; elapsed = 00:00:09 . Memory (MB): peak = 11347.020 ; gain = 0.000 ; free physical = 14286 ; free virtual = 28182
report_utilization -name utilization_1
exit
INFO: [Common 17-206] Exiting Vivado at Wed Feb 11 23:58:37 2026...
